{"type":"FeatureCollection","crs":{"type":"name","properties":{"name":"EPSG:4326"}},"features":[{"type":"Feature","id":1,"geometry":{"type":"Polygon","coordinates":[[[35.060756,31.137505],[35.061439,31.135955],[35.059755,31.134908],[35.057978,31.13656],[35.058149,31.137979],[35.060471,31.138153],[35.060756,31.137505]]]},"properties":{"FID":1,"Muni_Heb":"דימונה","Muni_Eng":"Dimona","Sug_Muni":"עירייה","CR_PNIM":"2200","CR_LAMAS":"2200","Machoz":"דרום","Hearot":"השכבה אינה סטטוטורית באופן מלא.","Eshkol_MPn":"אשכול רשויות נגב מזרחי","Sign_Date":1658707200000,"Tikun1":null,"Tikun2":null,"Tikun3":null,"Tikun4":null,"Tikun5":null,"Tikun6":null,"Tikun7":null,"Tikun8":null,"Tikun9":null,"Tikun10":null,"Tikun11":null,"Tikun12":null,"Tikun13":null,"Tikun14":null,"Tikun15":null,"Precision_":"מקור וקטורי חתום","FIRST_Nafa":"באר שבע","LAST_Nafa2":" ","Shape_Leng":1102.49226215,"Shape_Area":77080.4960885,"Shape__Area":105538.2353515625,"Shape__Length":1290.2406171334353}},{"type":"Feature","id":2,"geometry":{"type":"Polygon","coordinates":[[[35.081553,31.162627],[35.090595,31.16304],[35.091161,31.163665],[35.091898,31.163067],[35.091428,31.16217],[35.093949,31.16108],[35.094616,31.158827],[35.088513,31.158833],[35.083317,31.156754],[35.081374,31.156744],[35.080515,31.144832],[35.078426,31.145757],[35.079263,31.14662],[35.078222,31.147093],[35.078225,31.148445],[35.076941,31.148739],[35.078977,31.154732],[35.078063,31.155207],[35.078038,31.156404],[35.080276,31.158252],[35.080679,31.161835],[35.081553,31.162627]]]},"properties":{"FID":2,"Muni_Heb":"דימונה","Muni_Eng":"Dimona","Sug_Muni":"עירייה","CR_PNIM":"2200","CR_LAMAS":"2200","Machoz":"דרום","Hearot":"השכבה אינה סטטוטורית באופן מלא.","Eshkol_MPn":"אשכול רשויות נגב מזרחי","Sign_Date":1658707200000,"Tikun1":null,"Tikun2":null,"Tikun3":null,"Tikun4":null,"Tikun5":null,"Tikun6":null,"Tikun7":null,"Tikun8":null,"Tikun9":null,"Tikun10":null,"Tikun11":null,"Tikun12":null,"Tikun13":null,"Tikun14":null,"Tikun15":null,"Precision_":"מקור וקטורי חתום","FIRST_Nafa":"באר שבע","LAST_Nafa2":" ","Shape_Leng":7071.56889378,"Shape_Area":1043253.07908,"Shape__Area":1429036.357421875,"Shape__Length":8278.1589941338661}},{"type":"Feature","id":3,"geometry":{"type":"Polygon","coordinates":[[[35.097604,32.759129],[35.098528,32.757646],[35.096556,32.757874],[35.096759,32.757049],[35.094716,32.757009],[35.095023,32.758274],[35.097604,32.759129]]]},"properties":{"FID":3,"Muni_Heb":"זבולון","Muni_Eng":"Zevulun","Sug_Muni":"מועצה אזורית","CR_PNIM":"5512","CR_LAMAS":" ","Machoz":"חיפה","Hearot":"השכבה אינה סטטוטורית באופן מלא.","Eshkol_MPn":" ","Sign_Date":1658707200000,"Tikun1":null,"Tikun2":null,"Tikun3":null,"Tikun4":null,"Tikun5":null,"Tikun6":null,"Tikun7":null,"Tikun8":null,"Tikun9":null,"Tikun10":null,"Tikun11":null,"Tikun12":null,"Tikun13":null,"Tikun14":null,"Tikun15":null,"Precision_":"מקור וקטורי חתום","FIRST_Nafa":"חיפה","LAST_Nafa2":" ","Shape_Leng":1107.56421293,"Shape_Area":47690.5282174,"Shape__Area":67620.658203125,"Shape__Length":1318.1383546753918}},{"type":"Feature","id":4,"geometry":{"type":"Polygon","coordinates":[[[35.069234,32.638494],[35.070716,32.637687],[35.073065,32.638155],[35.07131,32.637213],[35.068075,32.638288],[35.069234,32.638494]]]},"properties":{"FID":4,"Muni_Heb":"מגידו","Muni_Eng":"Megido","Sug_Muni":"מועצה אזורית","CR_PNIM":"5513","CR_LAMAS":" ","Machoz":"צפון","Hearot":"השכבה אינה סטטוטורית באופן מלא.","Eshkol_MPn":"אשכול רשויות הגליל והעמקים","Sign_Date":1655596800000,"Tikun1":null,"Tikun2":null,"Tikun3":null,"Tikun4":null,"Tikun5":null,"Tikun6":null,"Tikun7":null,"Tikun8":null,"Tikun9":null,"Tikun10":null,"Tikun11":null,"Tikun12":null,"Tikun13":null,"Tikun14":null,"Tikun15":null,"Precision_":"מקור וקטורי חתום","FIRST_Nafa":"יזרעאל","LAST_Nafa2":" ","Shape_Leng":1076.26142897,"Shape_Area":21440.9117632,"Shape__Area":30320.1826171875,"Shape__Length":1278.1362233211435}},{"type":"Feature","id":5,"geometry":{"type":"Polygon","coordinates":[[[34.601045,31.41891],[34.602571,31.417066],[34.599881,31.415969],[34.600272,31.415153],[34.597088,31.414611],[34.596291,31.415533],[34.591111,31.41445],[34.590269,31.415659],[34.601045,31.41891]]]},"properties":{"FID":5,"Muni_Heb":"שדות נגב","Muni_Eng":"Sdot Negev","Sug_Muni":"מועצה אזורית","CR_PNIM":"5539","CR_LAMAS":" ","Machoz":"דרום","Hearot":"השכבה אינה סטטוטורית באופן מלא.","Eshkol_MPn":"אשכול רשויות נגב מערבי","Sign_Date":1597795200000,"Tikun1":null,"Tikun2":null,"Tikun3":null,"Tikun4":null,"Tikun5":null,"Tikun6":null,"Tikun7":null,"Tikun8":null,"Tikun9":null,"Tikun10":null,"Tikun11":null,"Tikun12":null,"Tikun13":null,"Tikun14":null,"Tikun15":null,"Precision_":"מקור וקטורי חתום","FIRST_Nafa":"באר שבע","LAST_Nafa2":" ","Shape_Leng":3014.91820756,"Shape_Area":255462.651721,"Shape__Area":351811.0791015625,"Shape__Length":3534.8080066115435}},{"type":"Feature","id":6,"geometry":{"type":"Polygon","coordinates":[[[35.094709,31.813605],[35.101498,31.812824],[35.102443,31.81018],[35.105649,31.811131],[35.106098,31.813237],[35.106892,31.81247],[35.110685,31.813379],[35.114092,31.81037],[35.112719,31.809826],[35.114737,31.809151],[35.114686,31.806324],[35.119709,31.801914],[35.12219,31.801307],[35.122134,31.799826],[35.118519,31.79909],[35.1097,31.80173],[35.104122,31.801675],[35.107258,31.803923],[35.10501,31.806222],[35.104412,31.8053],[35.102699,31.806647],[35.099926,31.805955],[35.096757,31.808126],[35.096369,31.810808],[35.094709,31.813605]],[[35.101786,31.809967],[35.101749,31.808055],[35.103504,31.806843],[35.102437,31.808027],[35.102741,31.809465],[35.101786,31.809967]]]},"properties":{"FID":6,"Muni_Heb":"אבו גוש","Muni_Eng":"Abu Gosh (Abu Rosh)","Sug_Muni":"מועצה מקומית","CR_PNIM":"0472","CR_LAMAS":"472","Machoz":"ירושלים","Hearot":"השכבה אינה סטטוטורית באופן מלא.","Eshkol_MPn":" ","Sign_Date":722131200000,"Tikun1":null,"Tikun2":null,"Tikun3":null,"Tikun4":null,"Tikun5":null,"Tikun6":null,"Tikun7":null,"Tikun8":null,"Tikun9":null,"Tikun10":null,"Tikun11":null,"Tikun12":null,"Tikun13":null,"Tikun14":null,"Tikun15":null,"Precision_":"מקור וקטורי חתום","FIRST_Nafa":"ירושלים","LAST_Nafa2":" ","Shape_Leng":10069.4087796,"Shape_Area":1891241.53251,"Shape__Area":2626468.650390625,"Shape__Length":11861.383944204488}},{"type":"Feature","id":7,"geometry":{"type":"Polygon","coordinates":[[[35.17197,32.952865],[35.168261,32.953843],[35.167004,32.958052],[35.166087,32.958429],[35.163548,32.957892],[35.163096,32.959462],[35.157925,32.960166],[35.157143,32.958412],[35.156124,32.958337],[35.152376,32.96038],[35.148045,32.960568],[35.147406,32.961729],[35.144208,32.961559],[35.143495,32.955398],[35.125407,32.956907],[35.12512,32.958418],[35.127336,32.959112],[35.127255,32.961258],[35.12648,32.962036],[35.12784,32.963487],[35.140449,32.964548],[35.149476,32.967542],[35.154641,32.967616],[35.156768,32.969204],[35.159764,32.96913],[35.159756,32.969892],[35.161864,32.968932],[35.166498,32.968542],[35.165874,32.97045],[35.167305,32.970495],[35.17004,32.968948],[35.174737,32.968121],[35.17487,32.974319],[35.172874,32.975867],[35.176741,32.975098],[35.174035,32.977619],[35.179357,32.979829],[35.180395,32.978588],[35.18029,32.976086],[35.182557,32.975377],[35.182184,32.974447],[35.182717,32.974288],[35.181798,32.969182],[35.180574,32.968805],[35.181039,32.96732],[35.182286,32.967215],[35.182312,32.965611],[35.180066,32.965452],[35.182638,32.964771],[35.18365,32.96275],[35.182797,32.960744],[35.183902,32.960521],[35.184172,32.959477],[35.181773,32.958988],[35.181554,32.956874],[35.178527,32.955783],[35.177681,32.95439],[35.17661,32.954743],[35.174709,32.952484],[35.17197,32.952865]]]},"properties":{"FID":7,"Muni_Heb":"אבו סנאן","Muni_Eng":"Abu Snan","Sug_Muni":"מועצה מקומית","CR_PNIM":"0473","CR_LAMAS":"473","Machoz":"צפון","Hearot":"השכבה אינה סטטוטורית באופן מלא.","Eshkol_MPn":" ","Sign_Date":1607385600000,"Tikun1":null,"Tikun2":null,"Tikun3":null,"Tikun4":null,"Tikun5":null,"Tikun6":null,"Tikun7":null,"Tikun8":null,"Tikun9":null,"Tikun10":null,"Tikun11":null,"Tikun12":null,"Tikun13":null,"Tikun14":null,"Tikun15":null,"Precision_":"מקור וקטורי חתום","FIRST_Nafa":"עכו","LAST_Nafa2":" ","Shape_Leng":19816.4678498,"Shape_Area":6455339.71987,"Shape__Area":9195143.0146484375,"Shape__Length":23638.933132322254}},{"type":"Feature","id":8,"geometry":{"type":"Polygon","coordinates":[[[34.865921,32.266365],[34.867139,32.267487],[34.868356,32.267016],[34.870591,32.268305],[34.876476,32.275106],[34.876014,32.276006],[34.87698,32.276291],[34.876097,32.277166],[34.877984,32.277835],[34.877888,32.278429],[34.879346,32.278367],[34.879447,32.28018],[34.877824,32.281182],[34.878706,32.282496],[34.878696,32.286928],[34.88266,32.286491],[34.883995,32.293386],[34.890616,32.292727],[34.889287,32.287091],[34.88962,32.283607],[34.891772,32.282467],[34.896631,32.284048],[34.893962,32.266696],[34.889774,32.250614],[34.887124,32.251129],[34.884254,32.246844],[34.88442,32.245803],[34.888541,32.246416],[34.887348,32.242062],[34.879199,32.246227],[34.880119,32.247194],[34.877991,32.247284],[34.878107,32.250936],[34.875526,32.250998],[34.875566,32.252172],[34.873103,32.252634],[34.874312,32.258201],[34.869574,32.259217],[34.872235,32.262919],[34.869745,32.26339],[34.869725,32.265012],[34.865921,32.266365]]]},"properties":{"FID":8,"Muni_Heb":"אבן יהודה","Muni_Eng":"Even Yehuda","Sug_Muni":"מועצה מקומית","CR_PNIM":"0182","CR_LAMAS":"182","Machoz":"מרכז","Hearot":"השכבה אינה סטטוטורית באופן מלא.","Eshkol_MPn":" ","Sign_Date":1595721600000,"Tikun1":null,"Tikun2":null,"Tikun3":null,"Tikun4":null,"Tikun5":null,"Tikun6":null,"Tikun7":null,"Tikun8":null,"Tikun9":null,"Tikun10":null,"Tikun11":null,"Tikun12":null,"Tikun13":null,"Tikun14":null,"Tikun15":null,"Precision_":"מקור וקטורי חתום","FIRST_Nafa":"השרון","LAST_Nafa2":" ","Shape_Leng":17316.2190484,"Shape_Area":8141995.05525,"Shape__Area":11420326.8515625,"Shape__Length":20520.047328268571}},{"type":"Feature","id":9,"geometry":{"type":"Polygon","coordinates":[[[34.630468,31.291481],[34.612794,31.291378],[34.604856,31.317672],[34.620563,31.322805],[34.625219,31.326133],[34.627529,31.325042],[34.631084,31.32538],[34.633349,31.323522],[34.638418,31.321803],[34.637178,31.319678],[34.645516,31.316456],[34.656584,31.313974],[34.666018,31.313831],[34.667497,31.304562],[34.667132,31.303177],[34.661931,31.297938],[34.655045,31.292566],[34.635597,31.289972],[34.632709,31.290215],[34.630468,31.291481]]]},"properties":{"FID":9,"Muni_Heb":"אופקים","Muni_Eng":"Ofakim","Sug_Muni":"עירייה","CR_PNIM":"0031","CR_LAMAS":"31","Machoz":"דרום","Hearot":"השכבה אינה סטטוטורית באופן מלא.","Eshkol_MPn":"אשכול רשויות נגב מערבי","Sign_Date":1590451200000,"Tikun1":null,"Tikun2":null,"Tikun3":null,"Tikun4":null,"Tikun5":null,"Tikun6":null,"Tikun7":null,"Tikun8":null,"Tikun9":null,"Tikun10":null,"Tikun11":null,"Tikun12":null,"Tikun13":null,"Tikun14":null,"Tikun15":null,"Precision_":"מקור וקטורי חתום","FIRST_Nafa":"באר שבע","LAST_Nafa2":" ","Shape_Leng":16712.5493729,"Shape_Area":16352399.4204,"Shape__Area":22467842.850585938,"Shape__Length":19577.4679187884}},{"type":"Feature","id":10,"geometry":{"type":"Polygon","coordinates":[[[34.875748,32.024132],[34.875689,32.021455],[34.872359,32.019791],[34.867783,32.019882],[34.86315,32.018222],[34.860769,32.019779],[34.85772,32.019337],[34.854432,32.016575],[34.853119,32.016807],[34.85371,32.01894],[34.85289,32.02009],[34.849844,32.022167],[34.849228,32.02236],[34.848595,32.020045],[34.847105,32.019476],[34.845255,32.022329],[34.843551,32.022655],[34.843009,32.021446],[34.839557,32.021457],[34.838927,32.023061],[34.837137,32.023892],[34.836658,32.025846],[34.834722,32.025798],[34.833131,32.026833],[34.830956,32.026601],[34.829782,32.027431],[34.828442,32.026349],[34.827316,32.026798],[34.82891,32.029667],[34.829895,32.038067],[34.845827,32.036082],[34.845898,32.039538],[34.850185,32.04513],[34.857403,32.045097],[34.858408,32.040948],[34.859896,32.040995],[34.860292,32.033948],[34.868821,32.03325],[34.867393,32.027936],[34.8728,32.028493],[34.873608,32.028039],[34.873824,32.023904],[34.875748,32.024132]]]},"properties":{"FID":10,"Muni_Heb":"אור יהודה","Muni_Eng":"Or Yehuda","Sug_Muni":"עירייה","CR_PNIM":"2400","CR_LAMAS":"2400","Machoz":"תל אביב","Hearot":"השכבה אינה סטטוטורית באופן מלא.","Eshkol_MPn":" ","Sign_Date":1658707200000,"Tikun1":null,"Tikun2":null,"Tikun3":null,"Tikun4":null,"Tikun5":null,"Tikun6":null,"Tikun7":null,"Tikun8":null,"Tikun9":null,"Tikun10":null,"Tikun11":null,"Tikun12":null,"Tikun13":null,"Tikun14":null,"Tikun15":null,"Precision_":"מקור וקטורי חתום","FIRST_Nafa":"תל אביב - יפו","LAST_Nafa2":" ","Shape_Leng":15750.5656676,"Shape_Area":7612408.69408,"Shape__Area":10622367.891601563,"Shape__Length":18603.333253801495}},{"type":"Feature","id":11,"geometry":{"type":"Polygon","coordinates":[[[34.821217,32.018096],[34.814383,32.010532],[34.805344,32.021734],[34.804635,32.022294],[34.803904,32.021693],[34.798992,32.025798],[34.800572,32.02588],[34.790598,32.032832],[34.791647,32.034481],[34.797064,32.032311],[34.79887,32.034156],[34.821217,32.018096]]]},"properties":{"FID":11,"Muni_Heb":"אזור","Muni_Eng":"Azor","Sug_Muni":"מועצה מקומית","CR_PNIM":"0565","CR_LAMAS":"565","Machoz":"תל אביב","Hearot":"השכבה אינה סטטוטורית באופן מלא.","Eshkol_MPn":" ","Sign_Date":1359504000000,"Tikun1":null,"Tikun2":null,"Tikun3":null,"Tikun4":null,"Tikun5":null,"Tikun6":null,"Tikun7":null,"Tikun8":null,"Tikun9":null,"Tikun10":null,"Tikun11":null,"Tikun12":null,"Tikun13":null,"Tikun14":null,"Tikun15":null,"Precision_":"מקור וקטורי חתום","FIRST_Nafa":"תל אביב - יפו","LAST_Nafa2":" ","Shape_Leng":8645.40159548,"Shape_Area":2216257.65946,"Shape__Area":3092105.6689453125,"Shape__Length":10211.396819551728}},{"type":"Feature","id":12,"geometry":{"type":"Polygon","coordinates":[[[35.323576,32.657688],[35.323769,32.66291],[35.319351,32.661544],[35.319916,32.660169],[35.315947,32.660626],[35.316877,32.664162],[35.313472,32.664421],[35.317197,32.672416],[35.313504,32.672337],[35.313516,32.67489],[35.310351,32.673863],[35.307746,32.674911],[35.307627,32.677724],[35.310005,32.680313],[35.31022,32.68191],[35.31311,32.683291],[35.315987,32.682893],[35.315827,32.683935],[35.319661,32.687482],[35.321798,32.687435],[35.327241,32.689247],[35.335718,32.688753],[35.340799,32.682282],[35.342151,32.681119],[35.344236,32.68117],[35.348039,32.676461],[35.35038,32.674899],[35.351953,32.67051],[35.352002,32.663036],[35.334382,32.663835],[35.332046,32.663099],[35.333268,32.657212],[35.328061,32.656792],[35.327283,32.65855],[35.325681,32.657654],[35.323576,32.657688]]]},"properties":{"FID":12,"Muni_Heb":"אכסאל","Muni_Eng":"Iksal","Sug_Muni":"מועצה מקומית","CR_PNIM":"0478","CR_LAMAS":"478","Machoz":"צפון","Hearot":"השכבה אינה סטטוטורית באופן מלא.","Eshkol_MPn":"אשכול רשויות הגליל והעמקים","Sign_Date":1602547200000,"Tikun1":null,"Tikun2":null,"Tikun3":null,"Tikun4":null,"Tikun5":null,"Tikun6":null,"Tikun7":null,"Tikun8":null,"Tikun9":null,"Tikun10":null,"Tikun11":null,"Tikun12":null,"Tikun13":null,"Tikun14":null,"Tikun15":null,"Precision_":"מקור וקטורי חתום","FIRST_Nafa":"יזרעאל","LAST_Nafa2":" ","Shape_Leng":15589.1946381,"Shape_Area":9378288.06985,"Shape__Area":13272645.603515625,"Shape__Length":18542.649486206967}},{"type":"Feature","id":13,"geometry":{"type":"Polygon","coordinates":[[[35.031693,32.561345],[35.032773,32.560441],[35.03517,32.560489],[35.039728,32.557212],[35.040754,32.558771],[35.043595,32.556574],[35.048845,32.554464],[35.054035,32.553695],[35.056772,32.554189],[35.055981,32.552274],[35.060555,32.548846],[35.059949,32.547186],[35.060682,32.545573],[35.05771,32.545355],[35.05816,32.543289],[35.056741,32.542758],[35.058178,32.539908],[35.056377,32.539613],[35.053703,32.536818],[35.052731,32.536342],[35.053326,32.539684],[35.052519,32.543126],[35.049468,32.54161],[35.049641,32.54088],[35.046866,32.540856],[35.045995,32.539241],[35.046192,32.537585],[35.045256,32.536805],[35.04457,32.537722],[35.041437,32.537823],[35.04233,32.533457],[35.036942,32.532116],[35.036664,32.530432],[35.03597,32.530431],[35.034842,32.534044],[35.037192,32.539038],[35.034769,32.537977],[35.03091,32.539517],[35.029705,32.537617],[35.029402,32.540229],[35.02776,32.541332],[35.024301,32.540609],[35.025355,32.538202],[35.024126,32.537829],[35.022481,32.540039],[35.019378,32.539365],[35.0173,32.53767],[35.019182,32.535989],[35.014207,32.534915],[35.01463,32.534045],[35.013416,32.533218],[35.010726,32.53318],[35.011156,32.535823],[35.008776,32.537465],[35.007401,32.534818],[35.004299,32.534896],[35.004544,32.531651],[35.003743,32.530959],[34.996537,32.527681],[34.985941,32.525389],[34.980145,32.530641],[34.979674,32.532195],[34.982552,32.532685],[34.987199,32.53635],[34.991046,32.537087],[34.990977,32.53789],[34.994003,32.538314],[34.994911,32.539227],[34.992236,32.53938],[34.987899,32.537985],[34.985913,32.540686],[34.986971,32.543918],[34.989762,32.547743],[34.994077,32.548899],[34.994968,32.549561],[34.995624,32.552027],[34.997544,32.552577],[34.997045,32.553062],[34.997907,32.554044],[34.995826,32.558292],[34.998753,32.560213],[34.997705,32.56209],[34.995237,32.563506],[34.996779,32.565858],[34.995316,32.566048],[34.994686,32.56713],[34.99657,32.569462],[34.99429,32.571127],[34.995401,32.572681],[34.995397,32.575235],[34.997427,32.575195],[35.00307,32.577102],[35.002638,32.579965],[35.007372,32.581422],[35.01099,32.584189],[35.010252,32.585386],[35.011222,32.586346],[35.013447,32.585665],[35.013436,32.583617],[35.015237,32.580425],[35.017821,32.579773],[35.026575,32.58557],[35.0303,32.584768],[35.037203,32.586013],[35.041255,32.585213],[35.043919,32.583657],[35.042767,32.579503],[35.042247,32.572891],[35.048412,32.573625],[35.048491,32.572592],[35.052423,32.57236],[35.053215,32.571166],[35.048157,32.568446],[35.047428,32.566829],[35.039404,32.566038],[35.031262,32.561712],[35.031693,32.561345]]]},"properties":{"FID":13,"Muni_Heb":"אלונה","Muni_Eng":"Alona","Sug_Muni":"מועצה אזורית","CR_PNIM":"5545","CR_LAMAS":" ","Machoz":"חיפה","Hearot":"השכבה אינה סטטוטורית באופן מלא.","Eshkol_MPn":" ","Sign_Date":1635120000000,"Tikun1":null,"Tikun2":null,"Tikun3":null,"Tikun4":null,"Tikun5":null,"Tikun6":null,"Tikun7":null,"Tikun8":null,"Tikun9":null,"Tikun10":null,"Tikun11":null,"Tikun12":null,"Tikun13":null,"Tikun14":null,"Tikun15":null,"Precision_":"מקור וקטורי חתום","FIRST_Nafa":"חדרה","LAST_Nafa2":" ","Shape_Leng":39472.6528388,"Shape_Area":27585060.5158,"Shape__Area":38938181.940429688,"Shape__Length":46886.23345776154}},{"type":"Feature","id":14,"geometry":{"type":"Polygon","coordinates":[[[34.919623,32.404577],[34.919869,32.405878],[34.916807,32.406543],[34.918018,32.407959],[34.917473,32.409143],[34.9177,32.407702],[34.915886,32.40598],[34.915256,32.402968],[34.91027,32.403682],[34.912741,32.411533],[34.920782,32.412757],[34.933567,32.411127],[34.933727,32.409641],[34.932986,32.409762],[34.93218,32.407398],[34.929357,32.404179],[34.924546,32.404854],[34.922974,32.403558],[34.921312,32.403339],[34.91952,32.403779],[34.919623,32.404577]]]},"properties":{"FID":14,"Muni_Heb":"אליכין","Muni_Eng":"Elyahin","Sug_Muni":"מועצה מקומית","CR_PNIM":"0041","CR_LAMAS":"41","Machoz":"מרכז","Hearot":"השכבה אינה סטטוטורית באופן מלא.","Eshkol_MPn":" ","Sign_Date":1232496000000,"Tikun1":null,"Tikun2":null,"Tikun3":null,"Tikun4":null,"Tikun5":null,"Tikun6":null,"Tikun7":null,"Tikun8":null,"Tikun9":null,"Tikun10":null,"Tikun11":null,"Tikun12":null,"Tikun13":null,"Tikun14":null,"Tikun15":null,"Precision_":"מקור וקטורי חתום","FIRST_Nafa":"השרון","LAST_Nafa2":" ","Shape_Leng":7092.45947981,"Shape_Area":1689216.8831,"Shape__Area":2376673.599609375,"Shape__Length":8409.223560568058}},{"type":"Feature","id":15,"geometry":{"type":"Polygon","coordinates":[[[34.960444,32.060027],[34.96348,32.058136],[34.965212,32.060459],[34.966691,32.060104],[34.970419,32.061241],[34.96655,32.044224],[34.965839,32.045257],[34.964254,32.045639],[34.963273,32.044847],[34.961822,32.044909],[34.961411,32.045947],[34.959037,32.044878],[34.957167,32.045412],[34.956135,32.044433],[34.955045,32.044777],[34.953406,32.043839],[34.953399,32.041885],[34.954147,32.041232],[34.951574,32.041272],[34.949017,32.044402],[34.945526,32.046911],[34.941636,32.052395],[34.939273,32.05835],[34.939436,32.059369],[34.942451,32.059016],[34.943087,32.055811],[34.947556,32.053765],[34.950831,32.053407],[34.954183,32.053796],[34.9545,32.05428],[34.953107,32.055584],[34.954037,32.057173],[34.955684,32.058642],[34.957791,32.059185],[34.95902,32.060775],[34.960444,32.060027]]]},"properties":{"FID":15,"Muni_Heb":"אלעד","Muni_Eng":"El'ad","Sug_Muni":"עירייה","CR_PNIM":"1309","CR_LAMAS":"1309","Machoz":"מרכז","Hearot":"השכבה אינה סטטוטורית באופן מלא.","Eshkol_MPn":" ","Sign_Date":1327795200000,"Tikun1":null,"Tikun2":null,"Tikun3":null,"Tikun4":null,"Tikun5":null,"Tikun6":null,"Tikun7":null,"Tikun8":null,"Tikun9":null,"Tikun10":null,"Tikun11":null,"Tikun12":null,"Tikun13":null,"Tikun14":null,"Tikun15":null,"Precision_":"מקור וקטורי חתום","FIRST_Nafa":"פתח תקווה","LAST_Nafa2":" ","Shape_Leng":10813.4307663,"Shape_Area":3487583.54811,"Shape__Area":4868960.16796875,"Shape__Length":12780.170987929485}},{"type":"Feature","id":16,"geometry":{"type":"Polygon","coordinates":[[[35.201175,32.807897],[35.195803,32.805131],[35.194132,32.805826],[35.194309,32.806933],[35.192241,32.808353],[35.19413,32.811699],[35.187028,32.812787],[35.185755,32.811612],[35.183706,32.815101],[35.176509,32.817531],[35.176449,32.822692],[35.173542,32.823735],[35.170572,32.823723],[35.166292,32.825486],[35.166966,32.827699],[35.165697,32.828656],[35.166385,32.829983],[35.16171,32.829557],[35.160561,32.832056],[35.15933,32.831802],[35.151999,32.835039],[35.139303,32.848783],[35.140423,32.850845],[35.142038,32.850194],[35.141757,32.849727],[35.147829,32.848595],[35.148068,32.84977],[35.152961,32.84896],[35.152911,32.848168],[35.160183,32.846351],[35.160121,32.845182],[35.164055,32.843747],[35.163718,32.842884],[35.168949,32.841564],[35.168586,32.840626],[35.171138,32.839909],[35.170359,32.839131],[35.174879,32.838161],[35.175794,32.839633],[35.177723,32.838555],[35.1779,32.839525],[35.178756,32.838861],[35.179314,32.839926],[35.18154,32.838728],[35.181622,32.840388],[35.189251,32.836489],[35.196152,32.836965],[35.196182,32.835889],[35.197084,32.835879],[35.196915,32.834747],[35.199116,32.834365],[35.198631,32.831786],[35.202524,32.829562],[35.202325,32.827288],[35.203279,32.826147],[35.205904,32.825075],[35.209507,32.826076],[35.210036,32.825497],[35.209416,32.824723],[35.2098,32.822484],[35.208579,32.820899],[35.206666,32.820673],[35.205756,32.81663],[35.203684,32.815332],[35.204041,32.814944],[35.202239,32.812779],[35.203154,32.808283],[35.201175,32.807897]]]},"properties":{"FID":16,"Muni_Heb":"אעבלין","Muni_Eng":"I'eblin","Sug_Muni":"מועצה מקומית","CR_PNIM":"0529","CR_LAMAS":"529","Machoz":"צפון","Hearot":"השכבה אינה סטטוטורית באופן מלא.","Eshkol_MPn":" ","Sign_Date":1341705600000,"Tikun1":null,"Tikun2":null,"Tikun3":null,"Tikun4":null,"Tikun5":null,"Tikun6":null,"Tikun7":null,"Tikun8":null,"Tikun9":null,"Tikun10":null,"Tikun11":null,"Tikun12":null,"Tikun13":null,"Tikun14":null,"Tikun15":null,"Precision_":"מקור וקטורי חתום","FIRST_Nafa":"עכו","LAST_Nafa2":" ","Shape_Leng":22546.3102297,"Shape_Area":12082672.9986,"Shape__Area":17159302.326171875,"Shape__Length":26861.060482047043}},{"type":"Feature","id":17,"geometry":{"type":"Polygon","coordinates":[[[34.71015,31.850036],[34.710279,31.848228],[34.708879,31.845693],[34.709667,31.845032],[34.706364,31.844258],[34.706515,31.841356],[34.693007,31.840826],[34.694501,31.83331],[34.692757,31.831509],[34.678391,31.828165],[34.671595,31.828395],[34.669753,31.819589],[34.669901,31.810076],[34.668649,31.807242],[34.669829,31.806754],[34.669782,31.800815],[34.672399,31.799576],[34.671677,31.80185],[34.672555,31.802976],[34.672347,31.805454],[34.676739,31.808477],[34.677339,31.810635],[34.680862,31.808032],[34.681544,31.809301],[34.683595,31.807067],[34.683917,31.807668],[34.689188,31.801561],[34.685337,31.795662],[34.681093,31.792623],[34.674847,31.785933],[34.667815,31.780556],[34.666895,31.778708],[34.66694,31.773851],[34.665259,31.76777],[34.655775,31.759078],[34.653703,31.755881],[34.652143,31.75648],[34.649713,31.75443],[34.650315,31.754174],[34.649834,31.753742],[34.648017,31.753148],[34.645746,31.755081],[34.638901,31.757509],[34.639,31.759957],[34.63991,31.760702],[34.637716,31.763324],[34.632369,31.765108],[34.620299,31.767004],[34.619231,31.765975],[34.609724,31.770169],[34.609167,31.769304],[34.609527,31.770252],[34.60882,31.770573],[34.61677,31.783229],[34.628994,31.806132],[34.623979,31.807603],[34.627884,31.817151],[34.611353,31.823269],[34.620769,31.841591],[34.633079,31.841709],[34.634,31.8516],[34.634739,31.851886],[34.637886,31.86232],[34.642669,31.872815],[34.660481,31.863988],[34.660127,31.863256],[34.666361,31.861064],[34.677791,31.855401],[34.6764,31.852342],[34.674391,31.850926],[34.675127,31.849663],[34.676837,31.849896],[34.681164,31.854202],[34.683054,31.861877],[34.694179,31.862383],[34.700861,31.859047],[34.701311,31.853596],[34.703181,31.851615],[34.704963,31.852515],[34.704893,31.853486],[34.709807,31.854839],[34.71015,31.850036]]]},"properties":{"FID":17,"Muni_Heb":"אשדוד","Muni_Eng":"Ashdod","Sug_Muni":"עירייה","CR_PNIM":"0070","CR_LAMAS":"70","Machoz":"דרום","Hearot":"השכבה אינה סטטוטורית באופן מלא.","Eshkol_MPn":" ","Sign_Date":1528243200000,"Tikun1":null,"Tikun2":null,"Tikun3":null,"Tikun4":null,"Tikun5":null,"Tikun6":null,"Tikun7":null,"Tikun8":null,"Tikun9":null,"Tikun10":null,"Tikun11":null,"Tikun12":null,"Tikun13":null,"Tikun14":null,"Tikun15":null,"Precision_":"מקור וקטורי חתום","FIRST_Nafa":"אשקלון","LAST_Nafa2":" ","Shape_Leng":50127.6490124,"Shape_Area":63895261.8231,"Shape__Area":88745275.939453125,"Shape__Length":59093.620045371681}},{"type":"Feature","id":18,"geometry":{"type":"Polygon","coordinates":[[[34.488968,31.379223],[34.491553,31.37768],[34.494511,31.373857],[34.498571,31.371944],[34.489148,31.360151],[34.500787,31.345651],[34.505092,31.341449],[34.513305,31.346507],[34.516946,31.34609],[34.520939,31.340634],[34.522102,31.340292],[34.523437,31.337967],[34.522952,31.337131],[34.533193,31.319041],[34.535417,31.318725],[34.534006,31.315056],[34.535857,31.314395],[34.535096,31.312584],[34.537541,31.31162],[34.530681,31.308319],[34.53101,31.307713],[34.541382,31.303683],[34.544726,31.303492],[34.544795,31.304216],[34.543146,31.304824],[34.543546,31.307944],[34.54258,31.308311],[34.542843,31.308848],[34.549628,31.30655],[34.546958,31.300521],[34.544234,31.301444],[34.542217,31.297033],[34.538227,31.298447],[34.536919,31.295623],[34.541539,31.283219],[34.539587,31.278165],[34.505729,31.290278],[34.506847,31.292681],[34.505049,31.293312],[34.506675,31.298276],[34.502856,31.299475],[34.503501,31.30104],[34.502526,31.301906],[34.503434,31.303761],[34.507161,31.303474],[34.507918,31.304345],[34.507062,31.304505],[34.507253,31.305057],[34.509226,31.30466],[34.510341,31.305341],[34.507946,31.306832],[34.508148,31.307983],[34.505019,31.308275],[34.500704,31.312024],[34.497509,31.313111],[34.496814,31.314646],[34.498241,31.314435],[34.498486,31.316729],[34.500194,31.317928],[34.497039,31.318475],[34.500946,31.322166],[34.514548,31.331685],[34.510336,31.335621],[34.49315,31.323349],[34.49082,31.323727],[34.491088,31.324512],[34.48849,31.326091],[34.485248,31.326499],[34.483536,31.324172],[34.484177,31.322505],[34.485658,31.322138],[34.484015,31.321827],[34.462517,31.322561],[34.462709,31.324566],[34.46378,31.325956],[34.461223,31.326114],[34.459623,31.330926],[34.457579,31.328491],[34.458516,31.325473],[34.45529,31.326556],[34.455775,31.32497],[34.454796,31.323811],[34.450907,31.325159],[34.446561,31.316539],[34.451809,31.314718],[34.449486,31.312085],[34.485685,31.310025],[34.486054,31.308984],[34.484749,31.30411],[34.485081,31.29744],[34.48397,31.29529],[34.486266,31.291123],[34.485032,31.2875],[34.487861,31.285783],[34.487524,31.284725],[34.485336,31.284089],[34.483548,31.282423],[34.483296,31.280566],[34.485123,31.279553],[34.48921,31.279592],[34.490822,31.278725],[34.49106,31.27717],[34.488319,31.272738],[34.488348,31.270358],[34.488841,31.269541],[34.491605,31.271855],[34.492776,31.271477],[34.494255,31.269052],[34.495103,31.265266],[34.496995,31.262956],[34.493656,31.261562],[34.492985,31.259967],[34.494543,31.258206],[34.498572,31.257025],[34.499007,31.256216],[34.498568,31.251533],[34.492855,31.251283],[34.488892,31.249314],[34.48952,31.247758],[34.488665,31.246554],[34.490111,31.244407],[34.496791,31.244874],[34.497712,31.243138],[34.501547,31.24168],[34.509499,31.241432],[34.510776,31.239668],[34.510759,31.237339],[34.511658,31.23663],[34.510614,31.23641],[34.510824,31.233165],[34.512187,31.231285],[34.512055,31.230404],[34.510898,31.230068],[34.512162,31.228166],[34.517146,31.22735],[34.520408,31.224028],[34.525526,31.221713],[34.528105,31.218381],[34.531913,31.220964],[34.536587,31.218707],[34.537487,31.21799],[34.539615,31.212063],[34.537824,31.211222],[34.538206,31.210655],[34.547021,31.206888],[34.547283,31.202697],[34.551649,31.198152],[34.561716,31.195839],[34.56797,31.192024],[34.579872,31.190999],[34.584394,31.189709],[34.584932,31.18857],[34.582944,31.188161],[34.581959,31.186502],[34.582966,31.184795],[34.584292,31.18503],[34.584828,31.18429],[34.583519,31.181374],[34.586445,31.180418],[34.584484,31.175844],[34.5794,31.172054],[34.585607,31.166493],[34.583971,31.165394],[34.618101,31.14155],[34.624093,31.134245],[34.616777,31.133311],[34.614311,31.135289],[34.60858,31.137497],[34.582264,31.108248],[34.50811,31.110283],[34.411943,31.078534],[34.32525,31.059408],[34.267417,31.219813],[34.283067,31.232056],[34.291905,31.240886],[34.308785,31.248921],[34.318657,31.252494],[34.3256,31.257385],[34.331367,31.262167],[34.335835,31.267114],[34.343464,31.278264],[34.367147,31.289871],[34.371787,31.299222],[34.373692,31.306673],[34.365571,31.361751],[34.365815,31.364435],[34.368028,31.369798],[34.379377,31.386131],[34.393481,31.399879],[34.39958,31.407023],[34.409691,31.416186],[34.44573,31.443687],[34.451251,31.449019],[34.452765,31.447618],[34.454004,31.447707],[34.454043,31.446289],[34.455704,31.444523],[34.459757,31.442624],[34.459643,31.438274],[34.45789,31.436412],[34.457826,31.434977],[34.461336,31.436043],[34.462674,31.435675],[34.465044,31.438485],[34.465468,31.437591],[34.467379,31.437573],[34.467113,31.436606],[34.468866,31.437547],[34.469309,31.436284],[34.47027,31.436709],[34.470807,31.435896],[34.472675,31.435683],[34.475619,31.437568],[34.476613,31.436969],[34.479395,31.437915],[34.483339,31.440507],[34.485227,31.440365],[34.488885,31.441701],[34.489678,31.440974],[34.490713,31.441698],[34.492271,31.440865],[34.494659,31.442623],[34.496561,31.442535],[34.501378,31.4445],[34.505418,31.439584],[34.513355,31.447008],[34.513479,31.444635],[34.516146,31.442402],[34.517905,31.438072],[34.515008,31.435013],[34.515589,31.432562],[34.514016,31.428432],[34.51153,31.427328],[34.510183,31.42555],[34.51118,31.423499],[34.510718,31.419633],[34.508971,31.418275],[34.50949,31.416027],[34.507889,31.41461],[34.507961,31.413466],[34.510564,31.415185],[34.513492,31.414853],[34.518954,31.40995],[34.521166,31.410703],[34.523295,31.409973],[34.52438,31.410656],[34.528907,31.407693],[34.530059,31.40873],[34.532543,31.406608],[34.533368,31.404647],[34.528625,31.401312],[34.523515,31.400843],[34.522468,31.40171],[34.520098,31.401043],[34.51693,31.403759],[34.516105,31.403831],[34.515999,31.402789],[34.515333,31.403986],[34.513412,31.403837],[34.513156,31.404813],[34.510691,31.404517],[34.502511,31.409569],[34.50359,31.397537],[34.508816,31.395191],[34.514205,31.390648],[34.502719,31.376775],[34.498725,31.377277],[34.495428,31.379434],[34.492622,31.380109],[34.488897,31.380476],[34.488968,31.379223]]]},"properties":{"FID":18,"Muni_Heb":"אשכול","Muni_Eng":"Eshkol","Sug_Muni":"מועצה אזורית","CR_PNIM":"5538","CR_LAMAS":" ","Machoz":"דרום","Hearot":"השכבה אינה סטטוטורית באופן מלא.","Eshkol_MPn":"אשכול רשויות נגב מערבי","Sign_Date":1546128000000,"Tikun1":null,"Tikun2":null,"Tikun3":null,"Tikun4":null,"Tikun5":null,"Tikun6":null,"Tikun7":null,"Tikun8":null,"Tikun9":null,"Tikun10":null,"Tikun11":null,"Tikun12":null,"Tikun13":null,"Tikun14":null,"Tikun15":null,"Precision_":"מקור וקטורי חתום","FIRST_Nafa":"באר שבע","LAST_Nafa2":" ","Shape_Leng":191102.532407,"Shape_Area":737348422.849,"Shape__Area":1011364172.8642578,"Shape__Length":223887.49735212207}},{"type":"Feature","id":19,"geometry":{"type":"Polygon","coordinates":[[[34.596627,31.650438],[34.592964,31.644531],[34.59237,31.640652],[34.589826,31.634991],[34.580193,31.64076],[34.568987,31.636278],[34.557275,31.629113],[34.551215,31.628332],[34.534028,31.628078],[34.539421,31.624935],[34.533985,31.619693],[34.520093,31.627748],[34.518337,31.625708],[34.511017,31.62959],[34.492035,31.634185],[34.493183,31.637654],[34.512088,31.633096],[34.513069,31.639669],[34.522146,31.64366],[34.544523,31.67286],[34.552041,31.686301],[34.559992,31.692753],[34.575959,31.718216],[34.583687,31.714311],[34.584727,31.713136],[34.584209,31.712469],[34.586984,31.711736],[34.588894,31.71028],[34.588502,31.709308],[34.591087,31.709383],[34.59335,31.706372],[34.593335,31.701406],[34.597349,31.702201],[34.602081,31.705436],[34.602765,31.707054],[34.606682,31.710068],[34.608476,31.708957],[34.607139,31.707667],[34.609574,31.706352],[34.609039,31.705744],[34.609589,31.702721],[34.60255,31.701187],[34.597743,31.698611],[34.602869,31.695676],[34.60429,31.692607],[34.607347,31.693846],[34.608381,31.693204],[34.609766,31.69633],[34.611799,31.696383],[34.61427,31.695067],[34.609407,31.68421],[34.609975,31.676278],[34.606936,31.670234],[34.606587,31.662065],[34.599638,31.655575],[34.596627,31.650438]]]},"properties":{"FID":19,"Muni_Heb":"אשקלון","Muni_Eng":"Ashkelon","Sug_Muni":"עירייה","CR_PNIM":"7100","CR_LAMAS":"7100","Machoz":"דרום","Hearot":"השכבה אינה סטטוטורית באופן מלא.","Eshkol_MPn":" ","Sign_Date":1530057600000,"Tikun1":null,"Tikun2":null,"Tikun3":null,"Tikun4":null,"Tikun5":null,"Tikun6":null,"Tikun7":null,"Tikun8":null,"Tikun9":null,"Tikun10":null,"Tikun11":null,"Tikun12":null,"Tikun13":null,"Tikun14":null,"Tikun15":null,"Precision_":"מקור וקטורי חתום","FIRST_Nafa":"אשקלון","LAST_Nafa2":" ","Shape_Leng":42463.3019769,"Shape_Area":52318021.5583,"Shape__Area":72430625.59375,"Shape__Length":49963.868775742674}},{"type":"Feature","id":20,"geometry":{"type":"Polygon","coordinates":[[[35.054443,32.407321],[35.051474,32.407131],[35.051305,32.405738],[35.053212,32.405643],[35.053074,32.404821],[35.051312,32.405037],[35.050478,32.401927],[35.048768,32.402124],[35.046929,32.404367],[35.046388,32.403386],[35.045822,32.403958],[35.044025,32.401313],[35.040769,32.404313],[35.038558,32.405229],[35.039317,32.407576],[35.037514,32.408726],[35.036628,32.411856],[35.031124,32.412982],[35.028007,32.412585],[35.026462,32.413343],[35.026307,32.412614],[35.022814,32.412564],[35.022344,32.414702],[35.020588,32.413864],[35.019368,32.415604],[35.011897,32.413988],[35.011847,32.415088],[35.014554,32.41552],[35.014993,32.420125],[35.01745,32.420117],[35.017549,32.421004],[35.02154,32.420912],[35.023937,32.422145],[35.027107,32.42644],[35.025265,32.426875],[35.025312,32.429556],[35.028633,32.429279],[35.032359,32.436039],[35.034843,32.43644],[35.035915,32.434861],[35.037309,32.43508],[35.04009,32.434131],[35.040613,32.433269],[35.044426,32.433907],[35.045314,32.435706],[35.046732,32.435582],[35.047711,32.434062],[35.049319,32.434712],[35.051234,32.433889],[35.052545,32.434906],[35.053838,32.434695],[35.054693,32.432731],[35.056792,32.432688],[35.057961,32.431408],[35.059918,32.4313],[35.058901,32.427111],[35.057487,32.425758],[35.056509,32.422953],[35.057048,32.419207],[35.054171,32.417482],[35.053323,32.416113],[35.05396,32.412037],[35.055063,32.412028],[35.054443,32.407321]]]},"properties":{"FID":20,"Muni_Heb":"באקה אל גרבייה (באקה אל ררבי","Muni_Eng":"Baka al Rarbiya","Sug_Muni":"עירייה","CR_PNIM":"6000","CR_LAMAS":"6000","Machoz":"חיפה","Hearot":"השכבה אינה סטטוטורית באופן מלא.","Eshkol_MPn":" ","Sign_Date":1325116800000,"Tikun1":null,"Tikun2":null,"Tikun3":null,"Tikun4":null,"Tikun5":null,"Tikun6":null,"Tikun7":null,"Tikun8":null,"Tikun9":null,"Tikun10":null,"Tikun11":null,"Tikun12":null,"Tikun13":null,"Tikun14":null,"Tikun15":null,"Precision_":"מקור וקטורי חתום","FIRST_Nafa":"חדרה","LAST_Nafa2":" ","Shape_Leng":17468.9628261,"Shape_Area":9180717.53582,"Shape__Area":12920606.325195313,"Shape__Length":20724.686166422256}},{"type":"Feature","id":21,"geometry":{"type":"Polygon","coordinates":[[[34.743372,31.663136],[34.741185,31.663451],[34.740807,31.667191],[34.738941,31.669041],[34.738958,31.672041],[34.756577,31.677773],[34.755105,31.68153],[34.756188,31.682886],[34.755923,31.684999],[34.758243,31.684204],[34.757262,31.68792],[34.754621,31.687025],[34.750335,31.687377],[34.749205,31.691122],[34.748057,31.690313],[34.747234,31.69172],[34.745576,31.691442],[34.743819,31.694296],[34.742501,31.692809],[34.741959,31.693809],[34.742856,31.695343],[34.741382,31.696205],[34.739034,31.696151],[34.738364,31.697291],[34.738925,31.698219],[34.737126,31.699029],[34.735274,31.701713],[34.735743,31.702592],[34.729124,31.703592],[34.724918,31.70559],[34.721413,31.705584],[34.720367,31.706052],[34.721411,31.706848],[34.720383,31.70736],[34.719538,31.706666],[34.719145,31.70774],[34.71805,31.707259],[34.716385,31.708938],[34.712832,31.708836],[34.711419,31.709843],[34.708529,31.710292],[34.702692,31.709746],[34.70215,31.710988],[34.697025,31.712056],[34.695536,31.714837],[34.692172,31.717426],[34.688403,31.711451],[34.687263,31.711712],[34.684809,31.709497],[34.684064,31.707004],[34.682711,31.706214],[34.682118,31.704769],[34.682751,31.70137],[34.679296,31.700061],[34.679073,31.697215],[34.676427,31.697889],[34.672394,31.697503],[34.668752,31.698215],[34.668036,31.699334],[34.665728,31.699936],[34.664007,31.699192],[34.661885,31.700424],[34.660747,31.698765],[34.659438,31.69944],[34.659014,31.698499],[34.656329,31.69802],[34.653646,31.694881],[34.651094,31.694856],[34.650151,31.693654],[34.643715,31.710346],[34.64964,31.714907],[34.645199,31.718301],[34.646955,31.724451],[34.64892,31.727974],[34.641062,31.733059],[34.64489,31.739583],[34.639598,31.741835],[34.635808,31.742408],[34.633743,31.744701],[34.632249,31.744925],[34.629032,31.747569],[34.618317,31.751652],[34.61701,31.750726],[34.61548,31.752888],[34.6114,31.755206],[34.602564,31.758702],[34.609724,31.770169],[34.619231,31.765975],[34.620299,31.767004],[34.632369,31.765108],[34.637716,31.763324],[34.63991,31.760702],[34.639,31.759957],[34.638901,31.757509],[34.645746,31.755081],[34.648017,31.753148],[34.649834,31.753742],[34.650315,31.754174],[34.649713,31.75443],[34.652143,31.75648],[34.653703,31.755881],[34.656252,31.759562],[34.664798,31.767032],[34.66694,31.773851],[34.666952,31.778925],[34.669738,31.782149],[34.670584,31.780124],[34.672109,31.779765],[34.674071,31.781461],[34.678024,31.781829],[34.681457,31.781072],[34.684794,31.781991],[34.68815,31.781039],[34.690691,31.777984],[34.692803,31.7781],[34.691974,31.777188],[34.693235,31.776923],[34.693279,31.775953],[34.699003,31.772075],[34.699793,31.771962],[34.700379,31.773499],[34.706968,31.769714],[34.708512,31.76998],[34.713073,31.777158],[34.715389,31.776207],[34.71958,31.78208],[34.721559,31.781016],[34.722542,31.782313],[34.723477,31.781804],[34.722587,31.780335],[34.723817,31.779644],[34.723343,31.777818],[34.724264,31.77732],[34.725323,31.778391],[34.72728,31.777865],[34.73166,31.787999],[34.727084,31.789805],[34.726125,31.788377],[34.721515,31.78919],[34.721751,31.79177],[34.722821,31.79284],[34.719746,31.795882],[34.72109,31.797086],[34.710656,31.801388],[34.71084,31.804281],[34.712424,31.808633],[34.71558,31.807066],[34.726586,31.804398],[34.728974,31.804564],[34.732887,31.807648],[34.733174,31.809975],[34.737287,31.815355],[34.742099,31.812088],[34.751419,31.810053],[34.763991,31.804357],[34.763094,31.800352],[34.761632,31.799757],[34.760501,31.796336],[34.754405,31.798364],[34.750166,31.785718],[34.749276,31.785365],[34.75537,31.784858],[34.756346,31.783141],[34.754343,31.780566],[34.759254,31.778997],[34.758978,31.780457],[34.75614,31.782156],[34.75782,31.783207],[34.760975,31.782088],[34.763219,31.782644],[34.764054,31.785871],[34.763173,31.786318],[34.763273,31.788357],[34.763927,31.789448],[34.762677,31.789839],[34.762532,31.790939],[34.764304,31.793894],[34.766411,31.792252],[34.768368,31.793067],[34.766851,31.794986],[34.767802,31.794974],[34.773023,31.791799],[34.775989,31.786339],[34.776134,31.782409],[34.777918,31.775822],[34.784551,31.762187],[34.78369,31.759253],[34.777035,31.752899],[34.784931,31.749003],[34.785863,31.747176],[34.788059,31.745664],[34.786503,31.744225],[34.787296,31.743323],[34.790373,31.74267],[34.79195,31.739587],[34.794478,31.73907],[34.797412,31.736632],[34.794706,31.733447],[34.798022,31.730217],[34.798806,31.726172],[34.788408,31.712653],[34.784702,31.713148],[34.783151,31.714003],[34.782693,31.715329],[34.780902,31.714831],[34.777482,31.716567],[34.774311,31.711353],[34.77099,31.710742],[34.769648,31.709817],[34.770179,31.709288],[34.763455,31.705621],[34.7543,31.705777],[34.758799,31.698238],[34.760315,31.690779],[34.762783,31.683944],[34.770874,31.667445],[34.763798,31.668525],[34.762271,31.66766],[34.763069,31.66638],[34.757181,31.664584],[34.754787,31.661912],[34.75274,31.663333],[34.749118,31.660821],[34.746731,31.662687],[34.743372,31.663136]],[[34.755306,31.723875],[34.754695,31.721534],[34.766956,31.718392],[34.768091,31.722835],[34.771429,31.724696],[34.766595,31.726186],[34.763238,31.728737],[34.761912,31.729041],[34.760805,31.728235],[34.756728,31.729321],[34.755306,31.723875]],[[34.743092,31.743762],[34.741235,31.736887],[34.734368,31.736605],[34.734267,31.734182],[34.73572,31.730359],[34.733265,31.726727],[34.733844,31.724572],[34.740471,31.718083],[34.750182,31.728303],[34.756558,31.732264],[34.758095,31.733795],[34.757903,31.735485],[34.75875,31.736146],[34.756917,31.73789],[34.755213,31.738072],[34.752235,31.739897],[34.750242,31.739355],[34.747887,31.740619],[34.745692,31.739807],[34.743092,31.743762]]]},"properties":{"FID":21,"Muni_Heb":"באר טוביה","Muni_Eng":"Be'er Tuvya","Sug_Muni":"מועצה אזורית","CR_PNIM":"5533","CR_LAMAS":" ","Machoz":"דרום","Hearot":"השכבה אינה סטטוטורית באופן מלא.","Eshkol_MPn":"אשכול רשויות שורק דרומי","Sign_Date":1647216000000,"Tikun1":null,"Tikun2":null,"Tikun3":null,"Tikun4":null,"Tikun5":null,"Tikun6":null,"Tikun7":null,"Tikun8":null,"Tikun9":null,"Tikun10":null,"Tikun11":null,"Tikun12":null,"Tikun13":null,"Tikun14":null,"Tikun15":null,"Precision_":"מקור וקטורי חתום","FIRST_Nafa":"אשקלון","LAST_Nafa2":" ","Shape_Leng":109050.088968,"Shape_Area":127035787.176,"Shape__Area":176174100.69335938,"Shape__Length":128420.6683956885}},{"type":"Feature","id":22,"geometry":{"type":"Polygon","coordinates":[[[34.741539,31.206307],[34.736512,31.213323],[34.734878,31.220968],[34.73501,31.227523],[34.737173,31.23826],[34.734686,31.240594],[34.733996,31.244196],[34.73664,31.26603],[34.743819,31.292673],[34.763563,31.300671],[34.761731,31.303425],[34.761928,31.304549],[34.758471,31.306637],[34.757787,31.308393],[34.754756,31.308583],[34.758077,31.311433],[34.757767,31.312949],[34.759032,31.313411],[34.75797,31.314898],[34.763055,31.314608],[34.763274,31.316513],[34.765752,31.3168],[34.770764,31.319479],[34.774672,31.319325],[34.779133,31.32111],[34.787608,31.32083],[34.788673,31.310924],[34.802654,31.313998],[34.822286,31.323426],[34.854826,31.30367],[34.840714,31.290549],[34.837307,31.293003],[34.826733,31.291655],[34.825679,31.282704],[34.830079,31.266991],[34.829661,31.259429],[34.832346,31.26106],[34.833361,31.259723],[34.833354,31.257038],[34.829437,31.257013],[34.828749,31.25034],[34.835121,31.248855],[34.83713,31.246378],[34.844066,31.24703],[34.84375,31.243264],[34.839444,31.243525],[34.851128,31.227572],[34.849717,31.220358],[34.830822,31.224453],[34.829905,31.224045],[34.825837,31.211944],[34.814524,31.211917],[34.814567,31.201524],[34.812242,31.199835],[34.808697,31.199825],[34.80454,31.209054],[34.802213,31.208752],[34.80415,31.195848],[34.793378,31.192635],[34.788085,31.193175],[34.779823,31.195825],[34.769116,31.194629],[34.7624,31.194857],[34.758586,31.196294],[34.741539,31.206307]]]},"properties":{"FID":22,"Muni_Heb":"באר שבע","Muni_Eng":"Be'er Sheva","Sug_Muni":"עירייה","CR_PNIM":"9000","CR_LAMAS":"9000","Machoz":"דרום","Hearot":"השכבה אינה סטטוטורית באופן מלא.","Eshkol_MPn":" ","Sign_Date":1533081600000,"Tikun1":null,"Tikun2":null,"Tikun3":null,"Tikun4":null,"Tikun5":null,"Tikun6":null,"Tikun7":null,"Tikun8":null,"Tikun9":null,"Tikun10":null,"Tikun11":null,"Tikun12":null,"Tikun13":null,"Tikun14":null,"Tikun15":null,"Precision_":"מקור וקטורי חתום","FIRST_Nafa":"באר שבע","LAST_Nafa2":" ","Shape_Leng":55942.7795755,"Shape_Area":117393493.21,"Shape__Area":161134228.17089844,"Shape__Length":65552.012842696073}},{"type":"Feature","id":23,"geometry":{"type":"Polygon","coordinates":[[[35.375142,32.797291],[35.367076,32.798833],[35.362027,32.797622],[35.35306,32.799125],[35.350899,32.80319],[35.352299,32.803475],[35.351444,32.805068],[35.355643,32.807146],[35.358751,32.807653],[35.353626,32.815276],[35.35697,32.816752],[35.355563,32.8209],[35.367277,32.823621],[35.380529,32.825433],[35.379706,32.827856],[35.382651,32.827696],[35.388019,32.82256],[35.386599,32.821158],[35.382638,32.820079],[35.384065,32.81471],[35.385248,32.814873],[35.385493,32.813723],[35.386857,32.813807],[35.386929,32.813181],[35.389564,32.813659],[35.393362,32.812564],[35.39433,32.813351],[35.396363,32.813358],[35.397081,32.813084],[35.397089,32.811397],[35.395052,32.811107],[35.395474,32.810245],[35.394819,32.809981],[35.38978,32.810255],[35.388639,32.81225],[35.382613,32.812456],[35.377082,32.811347],[35.375349,32.809854],[35.374782,32.807345],[35.375329,32.805926],[35.378817,32.803596],[35.376731,32.801605],[35.375142,32.797291]]]},"properties":{"FID":23,"Muni_Heb":"בועיינה - נוג'ידאת","Muni_Eng":"Bu'eyne - Nujidat","Sug_Muni":"מועצה מקומית","CR_PNIM":"0482","CR_LAMAS":"482","Machoz":"צפון","Hearot":"השכבה אינה סטטוטורית באופן מלא.","Eshkol_MPn":"אשכול רשויות הכנרת והעמקים","Sign_Date":1541548800000,"Tikun1":null,"Tikun2":null,"Tikun3":null,"Tikun4":null,"Tikun5":null,"Tikun6":null,"Tikun7":null,"Tikun8":null,"Tikun9":null,"Tikun10":null,"Tikun11":null,"Tikun12":null,"Tikun13":null,"Tikun14":null,"Tikun15":null,"Precision_":"מקור וקטורי חתום","FIRST_Nafa":"יזרעאל","LAST_Nafa2":"עכו","Shape_Leng":16843.3701252,"Shape_Area":7159290.85416,"Shape__Area":10163368.4296875,"Shape__Length":20055.3957959845}},{"type":"Feature","id":24,"geometry":{"type":"Polygon","coordinates":[[[35.809039,33.203924],[35.807891,33.20314],[35.800048,33.203199],[35.799584,33.202552],[35.801239,33.199201],[35.803903,33.198505],[35.804876,33.195423],[35.806764,33.193529],[35.80805,33.187684],[35.805699,33.18774],[35.805672,33.190796],[35.803999,33.191552],[35.80227,33.194204],[35.798759,33.196018],[35.795549,33.193528],[35.795027,33.191271],[35.793342,33.190239],[35.791215,33.189786],[35.790051,33.190942],[35.788372,33.190754],[35.786865,33.187227],[35.77579,33.189414],[35.775668,33.188106],[35.771526,33.186803],[35.766716,33.184003],[35.765069,33.180716],[35.764234,33.18176],[35.763811,33.185215],[35.760868,33.189348],[35.758354,33.19094],[35.751684,33.200623],[35.751741,33.204339],[35.748875,33.209813],[35.752785,33.207594],[35.755493,33.207856],[35.755147,33.211977],[35.758786,33.212681],[35.75928,33.215307],[35.760527,33.21622],[35.762064,33.215806],[35.767464,33.218484],[35.766899,33.225069],[35.768205,33.226414],[35.771907,33.227312],[35.77491,33.226513],[35.7782,33.227679],[35.781974,33.225428],[35.783295,33.225614],[35.783612,33.226538],[35.788654,33.224848],[35.803715,33.232618],[35.804667,33.234866],[35.803358,33.237283],[35.804452,33.238602],[35.806882,33.238766],[35.808176,33.23577],[35.807929,33.229195],[35.806646,33.223244],[35.806799,33.216706],[35.808191,33.215313],[35.809039,33.203924]]]},"properties":{"FID":24,"Muni_Heb":"בוקעאתא","Muni_Eng":"Buk'ata","Sug_Muni":"מועצה מקומית","CR_PNIM":"4001","CR_LAMAS":"4001","Machoz":"צפון","Hearot":"השכבה אינה סטטוטורית באופן מלא.","Eshkol_MPn":"אשכול רשויות גליל מזרחי","Sign_Date":377913600000,"Tikun1":null,"Tikun2":null,"Tikun3":null,"Tikun4":null,"Tikun5":null,"Tikun6":null,"Tikun7":null,"Tikun8":null,"Tikun9":null,"Tikun10":null,"Tikun11":null,"Tikun12":null,"Tikun13":null,"Tikun14":null,"Tikun15":null,"Precision_":"מקור וקטורי חתום","FIRST_Nafa":"רמת הגולן","LAST_Nafa2":" ","Shape_Leng":25183.46952,"Shape_Area":19540130.3481,"Shape__Area":27985261.956054688,"Shape__Length":30149.059872359419}},{"type":"Feature","id":25,"geometry":{"type":"Polygon","coordinates":[[[35.375004,32.980266],[35.377777,32.978039],[35.378986,32.977923],[35.380599,32.975987],[35.380695,32.977632],[35.382284,32.978579],[35.38341,32.977349],[35.386796,32.977519],[35.389868,32.976033],[35.392573,32.976615],[35.394279,32.97334],[35.393481,32.971211],[35.391386,32.969828],[35.390177,32.970325],[35.386791,32.966574],[35.38775,32.965463],[35.388529,32.965861],[35.389347,32.964496],[35.39453,32.964867],[35.394503,32.963958],[35.399004,32.963115],[35.400616,32.961208],[35.395936,32.957948],[35.391535,32.958291],[35.391239,32.956417],[35.392492,32.955956],[35.392791,32.954424],[35.387806,32.951481],[35.383895,32.953408],[35.380997,32.952949],[35.380001,32.9538],[35.376584,32.953247],[35.372613,32.954006],[35.37004,32.955653],[35.371589,32.956887],[35.370032,32.957968],[35.370068,32.96024],[35.363776,32.9613],[35.362744,32.962142],[35.352979,32.960769],[35.352423,32.961553],[35.353386,32.962318],[35.352825,32.963174],[35.353637,32.965115],[35.360549,32.966084],[35.358341,32.968568],[35.359587,32.970212],[35.363746,32.970449],[35.367897,32.971997],[35.369827,32.970797],[35.37236,32.971428],[35.370603,32.974855],[35.370054,32.978878],[35.375004,32.980266]]]},"properties":{"FID":25,"Muni_Heb":"בית ג'ן","Muni_Eng":"Beit Jan","Sug_Muni":"מועצה מקומית","CR_PNIM":"0480","CR_LAMAS":"480","Machoz":"צפון","Hearot":"השכבה אינה סטטוטורית באופן מלא.","Eshkol_MPn":"אשכול רשויות גליל מערבי","Sign_Date":1528848000000,"Tikun1":null,"Tikun2":null,"Tikun3":null,"Tikun4":null,"Tikun5":null,"Tikun6":null,"Tikun7":null,"Tikun8":null,"Tikun9":null,"Tikun10":null,"Tikun11":null,"Tikun12":null,"Tikun13":null,"Tikun14":null,"Tikun15":null,"Precision_":"מקור וקטורי חתום","FIRST_Nafa":"עכו","LAST_Nafa2":" ","Shape_Leng":17571.4758364,"Shape_Area":7199072.71248,"Shape__Area":10254957.75390625,"Shape__Length":20962.373541732355}},{"type":"Feature","id":26,"geometry":{"type":"Polygon","coordinates":[[[34.835717,32.007766],[34.838296,32.005919],[34.834867,32.002592],[34.838009,32.001059],[34.836188,31.997171],[34.834468,31.997525],[34.835481,31.994395],[34.833924,31.988823],[34.831153,31.98735],[34.821302,32.001252],[34.824424,32.002229],[34.826985,32.004844],[34.833421,32.005776],[34.835717,32.007766]]]},"properties":{"FID":26,"Muni_Heb":"בית דגן","Muni_Eng":"Beit Dagan","Sug_Muni":"מועצה מקומית","CR_PNIM":"0466","CR_LAMAS":"466","Machoz":"מרכז","Hearot":"השכבה אינה סטטוטורית באופן מלא.","Eshkol_MPn":" ","Sign_Date":1658707200000,"Tikun1":null,"Tikun2":null,"Tikun3":null,"Tikun4":null,"Tikun5":null,"Tikun6":null,"Tikun7":null,"Tikun8":null,"Tikun9":null,"Tikun10":null,"Tikun11":null,"Tikun12":null,"Tikun13":null,"Tikun14":null,"Tikun15":null,"Precision_":"מקור וקטורי חתום","FIRST_Nafa":"רמלה","LAST_Nafa2":" ","Shape_Leng":6626.99426901,"Shape_Area":1864077.73502,"Shape__Area":2599359.796875,"Shape__Length":7827.926057252429}},{"type":"Feature","id":27,"geometry":{"type":"Polygon","coordinates":[[[35.472256,32.523925],[35.480221,32.520056],[35.481149,32.521977],[35.480725,32.522715],[35.485578,32.520258],[35.500497,32.519392],[35.502997,32.517873],[35.506907,32.513334],[35.511155,32.510801],[35.519165,32.50787],[35.520218,32.508076],[35.515648,32.498313],[35.514306,32.497328],[35.514496,32.495499],[35.513347,32.494308],[35.512074,32.494606],[35.51082,32.492156],[35.510849,32.490641],[35.512153,32.490331],[35.510937,32.484742],[35.509566,32.48375],[35.508359,32.479977],[35.499617,32.480036],[35.499425,32.479444],[35.499062,32.480039],[35.493114,32.480525],[35.492158,32.48376],[35.485557,32.490098],[35.484603,32.504457],[35.486137,32.507217],[35.489027,32.508994],[35.490143,32.512886],[35.476362,32.517317],[35.472318,32.519311],[35.471286,32.519965],[35.472275,32.51996],[35.471053,32.522282],[35.472256,32.523925]]]},"properties":{"FID":27,"Muni_Heb":"בית שאן","Muni_Eng":"Beit She'an","Sug_Muni":"עירייה","CR_PNIM":"9200","CR_LAMAS":"9200","Machoz":"צפון","Hearot":"השכבה אינה סטטוטורית באופן מלא.","Eshkol_MPn":"אשכול רשויות הכנרת והעמקים","Sign_Date":1594771200000,"Tikun1":null,"Tikun2":null,"Tikun3":null,"Tikun4":null,"Tikun5":null,"Tikun6":null,"Tikun7":null,"Tikun8":null,"Tikun9":null,"Tikun10":null,"Tikun11":null,"Tikun12":null,"Tikun13":null,"Tikun14":null,"Tikun15":null,"Precision_":"מקור וקטורי חתום","FIRST_Nafa":"יזרעאל","LAST_Nafa2":" ","Shape_Leng":17556.1021032,"Shape_Area":10968413.9704,"Shape__Area":15463822.420898438,"Shape__Length":20845.496794587594}},{"type":"Feature","id":28,"geometry":{"type":"Polygon","coordinates":[[[34.849248,32.107029],[34.845877,32.095067],[34.845762,32.085241],[34.84365,32.074166],[34.841039,32.068995],[34.83289,32.071908],[34.83312,32.074872],[34.832354,32.075981],[34.827685,32.075425],[34.825071,32.084727],[34.822095,32.084932],[34.822667,32.090914],[34.821442,32.096743],[34.828529,32.09897],[34.827661,32.105566],[34.835886,32.105152],[34.839753,32.10698],[34.841474,32.106895],[34.842964,32.108408],[34.846653,32.106617],[34.849248,32.107029]]]},"properties":{"FID":28,"Muni_Heb":"בני ברק","Muni_Eng":"Bnei Berak","Sug_Muni":"עירייה","CR_PNIM":"6100","CR_LAMAS":"6100","Machoz":"תל אביב","Hearot":"השכבה אינה סטטוטורית באופן מלא.","Eshkol_MPn":" ","Sign_Date":1359504000000,"Tikun1":null,"Tikun2":null,"Tikun3":null,"Tikun4":null,"Tikun5":null,"Tikun6":null,"Tikun7":null,"Tikun8":null,"Tikun9":null,"Tikun10":null,"Tikun11":null,"Tikun12":null,"Tikun13":null,"Tikun14":null,"Tikun15":null,"Precision_":"מקור וקטורי חתום","FIRST_Nafa":"תל אביב - יפו","LAST_Nafa2":" ","Shape_Leng":12599.1850832,"Shape_Area":7348204.17899,"Shape__Area":10267061.297851563,"Shape__Length":14903.810620396327}},{"type":"Feature","id":29,"geometry":{"type":"Polygon","coordinates":[[[34.756004,31.782369],[34.756343,31.783588],[34.75537,31.784858],[34.749276,31.785365],[34.750166,31.785718],[34.752203,31.793218],[34.754405,31.798364],[34.760454,31.796312],[34.761632,31.799757],[34.762977,31.800431],[34.767802,31.794974],[34.766851,31.794986],[34.768384,31.793104],[34.766411,31.792252],[34.764569,31.794047],[34.762578,31.791096],[34.762677,31.789839],[34.763927,31.789448],[34.763173,31.786318],[34.764054,31.785945],[34.762749,31.782077],[34.75782,31.783207],[34.756196,31.782244],[34.758978,31.780457],[34.759254,31.778997],[34.754343,31.780566],[34.756004,31.782369]]]},"properties":{"FID":29,"Muni_Heb":"בני עי\"ש","Muni_Eng":"Bnei Ayish","Sug_Muni":"מועצה מקומית","CR_PNIM":"1066","CR_LAMAS":"1066","Machoz":"מרכז","Hearot":"השכבה אינה סטטוטורית באופן מלא.","Eshkol_MPn":"אשכול רשויות שורק דרומי","Sign_Date":1647216000000,"Tikun1":null,"Tikun2":null,"Tikun3":null,"Tikun4":null,"Tikun5":null,"Tikun6":null,"Tikun7":null,"Tikun8":null,"Tikun9":null,"Tikun10":null,"Tikun11":null,"Tikun12":null,"Tikun13":null,"Tikun14":null,"Tikun15":null,"Precision_":"מקור וקטורי חתום","FIRST_Nafa":"רחובות","LAST_Nafa2":" ","Shape_Leng":9199.77288081,"Shape_Area":1984188.42126,"Shape__Area":2754459.259765625,"Shape__Length":10841.585369115794}},{"type":"Feature","id":30,"geometry":{"type":"Polygon","coordinates":[[[34.934671,32.531026],[34.93891,32.530802],[34.938095,32.531874],[34.93901,32.532634],[34.937677,32.535188],[34.949099,32.535887],[34.952015,32.540391],[34.950924,32.541163],[34.95326,32.545394],[34.9538,32.548504],[34.953265,32.551895],[34.957011,32.552265],[34.961318,32.54801],[34.959779,32.545504],[34.956031,32.54349],[34.954481,32.54047],[34.956991,32.535557],[34.956223,32.529498],[34.960874,32.529487],[34.963239,32.528218],[34.966296,32.528516],[34.96604,32.526521],[34.968456,32.526208],[34.979522,32.532569],[34.980521,32.530194],[34.985941,32.525389],[34.996537,32.527681],[35.004182,32.53131],[35.004299,32.534896],[35.007416,32.534829],[35.011895,32.532188],[35.016602,32.530771],[35.014791,32.526541],[35.015894,32.526428],[35.016524,32.524331],[35.019175,32.524333],[35.020178,32.523613],[35.020196,32.519803],[35.021961,32.519719],[35.008783,32.511682],[35.005266,32.513131],[35.002531,32.513356],[35.000321,32.512468],[35.00093,32.510308],[34.997623,32.510041],[34.998892,32.50762],[35.000752,32.507907],[35.001943,32.505901],[35.000514,32.505178],[35.001666,32.502102],[34.999897,32.501687],[34.996806,32.502411],[34.99462,32.503951],[34.989744,32.504362],[34.989427,32.505033],[34.985419,32.504903],[34.98165,32.507472],[34.980897,32.506611],[34.979207,32.50732],[34.973035,32.505536],[34.972497,32.506135],[34.970225,32.50557],[34.970309,32.504839],[34.967761,32.504542],[34.967612,32.502552],[34.949069,32.499086],[34.946458,32.50043],[34.940755,32.501037],[34.935025,32.500738],[34.933331,32.499953],[34.932117,32.501172],[34.929851,32.501472],[34.929336,32.502959],[34.930697,32.506844],[34.929317,32.523649],[34.933564,32.52345],[34.934671,32.531026]]]},"properties":{"FID":30,"Muni_Heb":"בנימינה - גבעת עדה","Muni_Eng":"Binyamina - Giv'at Ada","Sug_Muni":"מועצה מקומית","CR_PNIM":"9800","CR_LAMAS":"9800","Machoz":"חיפה","Hearot":"השכבה אינה סטטוטורית באופן מלא.","Eshkol_MPn":" ","Sign_Date":1274659200000,"Tikun1":null,"Tikun2":null,"Tikun3":null,"Tikun4":null,"Tikun5":null,"Tikun6":null,"Tikun7":null,"Tikun8":null,"Tikun9":null,"Tikun10":null,"Tikun11":null,"Tikun12":null,"Tikun13":null,"Tikun14":null,"Tikun15":null,"Precision_":"מקור וקטורי חתום","FIRST_Nafa":"חדרה","LAST_Nafa2":" ","Shape_Leng":33372.7600303,"Shape_Area":24396287.6042,"Shape__Area":34408296.983398438,"Shape__Length":39626.195408676904}},{"type":"Feature","id":31,"geometry":{"type":"Polygon","coordinates":[[[35.158721,32.736814],[35.156826,32.736458],[35.154391,32.733404],[35.152972,32.733608],[35.148242,32.731645],[35.147327,32.733317],[35.149844,32.735445],[35.149644,32.736968],[35.14586,32.7374],[35.14832,32.737593],[35.150014,32.738734],[35.148761,32.740147],[35.14687,32.740416],[35.145195,32.738219],[35.145846,32.737821],[35.142725,32.73518],[35.144575,32.734743],[35.144514,32.733923],[35.142787,32.732526],[35.139606,32.733137],[35.139698,32.730587],[35.136297,32.730454],[35.134167,32.731197],[35.133456,32.730503],[35.13215,32.731277],[35.130385,32.729527],[35.128218,32.730246],[35.13068,32.734302],[35.128833,32.73482],[35.129286,32.736726],[35.132623,32.737009],[35.133109,32.737923],[35.135614,32.737244],[35.131921,32.738668],[35.13146,32.738201],[35.13185,32.738699],[35.130748,32.73934],[35.131438,32.740116],[35.136615,32.738499],[35.143066,32.740351],[35.142103,32.742815],[35.142617,32.744383],[35.141811,32.745067],[35.142474,32.746021],[35.142029,32.746805],[35.142647,32.74715],[35.142084,32.747887],[35.143545,32.748414],[35.143817,32.750403],[35.144705,32.750538],[35.143611,32.751874],[35.144725,32.753099],[35.148641,32.753078],[35.148552,32.751787],[35.153222,32.748531],[35.154658,32.750112],[35.153717,32.750731],[35.15396,32.751413],[35.15628,32.752277],[35.155727,32.749885],[35.15624,32.747777],[35.156532,32.749172],[35.158307,32.748746],[35.159064,32.747261],[35.164224,32.744672],[35.16228,32.743903],[35.160782,32.741688],[35.161645,32.737987],[35.160938,32.73709],[35.158721,32.736814]]]},"properties":{"FID":31,"Muni_Heb":"בסמת טבעון","Muni_Eng":"Basmat Tivon","Sug_Muni":"מועצה מקומית","CR_PNIM":"0944","CR_LAMAS":"944","Machoz":"צפון","Hearot":"השכבה אינה סטטוטורית באופן מלא.","Eshkol_MPn":" ","Sign_Date":1359504000000,"Tikun1":null,"Tikun2":null,"Tikun3":null,"Tikun4":null,"Tikun5":null,"Tikun6":null,"Tikun7":null,"Tikun8":null,"Tikun9":null,"Tikun10":null,"Tikun11":null,"Tikun12":null,"Tikun13":null,"Tikun14":null,"Tikun15":null,"Precision_":"מקור וקטורי חתום","FIRST_Nafa":"יזרעאל","LAST_Nafa2":" ","Shape_Leng":16620.6665075,"Shape_Area":3929321.51627,"Shape__Area":5569270.8154296875,"Shape__Length":19782.348050568522}},{"type":"Feature","id":32,"geometry":{"type":"Polygon","coordinates":[[[35.296065,32.936936],[35.296583,32.931278],[35.295606,32.925357],[35.288984,32.924971],[35.273048,32.920846],[35.272081,32.924346],[35.264205,32.925485],[35.264115,32.927575],[35.262769,32.927659],[35.26053,32.930098],[35.269188,32.930376],[35.26936,32.931622],[35.27082,32.931798],[35.271235,32.933279],[35.273616,32.934038],[35.276394,32.93375],[35.277935,32.932478],[35.278599,32.934109],[35.28004,32.933648],[35.280327,32.935053],[35.284888,32.935435],[35.284983,32.936446],[35.292796,32.936052],[35.296065,32.936936]]]},"properties":{"FID":32,"Muni_Heb":"בענה","Muni_Eng":"Ba'ana","Sug_Muni":"מועצה מקומית","CR_PNIM":"0483","CR_LAMAS":"483","Machoz":"צפון","Hearot":"השכבה אינה סטטוטורית באופן מלא.","Eshkol_MPn":"אשכול רשויות בית הכרם הגלילי","Sign_Date":1332892800000,"Tikun1":null,"Tikun2":null,"Tikun3":null,"Tikun4":null,"Tikun5":null,"Tikun6":null,"Tikun7":null,"Tikun8":null,"Tikun9":null,"Tikun10":null,"Tikun11":null,"Tikun12":null,"Tikun13":null,"Tikun14":null,"Tikun15":null,"Precision_":"מקור וקטורי חתום","FIRST_Nafa":"עכו","LAST_Nafa2":" ","Shape_Leng":9921.61469372,"Shape_Area":3458184.3678,"Shape__Area":4922160.6025390625,"Shape__Length":11829.039273789194}},{"type":"Feature","id":33,"geometry":{"type":"Polygon","coordinates":[[[34.758509,31.994894],[34.758217,31.99248],[34.748794,31.997028],[34.748208,31.99526],[34.746428,31.995974],[34.74775,32.000143],[34.746082,32.001031],[34.744889,31.997489],[34.733313,32.003537],[34.728761,32.004837],[34.739145,32.033746],[34.74342,32.033006],[34.749883,32.029333],[34.750861,32.030589],[34.755282,32.031142],[34.755943,32.033492],[34.759495,32.032918],[34.761809,32.018268],[34.761784,32.010262],[34.761133,32.007432],[34.757674,32.008113],[34.756826,32.005747],[34.755759,32.005628],[34.7553,32.002008],[34.759289,32.001361],[34.758509,31.994894]]]},"properties":{"FID":33,"Muni_Heb":"בת ים","Muni_Eng":"Bat Yam","Sug_Muni":"עירייה","CR_PNIM":"6200","CR_LAMAS":"6200","Machoz":"תל אביב","Hearot":"השכבה אינה סטטוטורית באופן מלא.","Eshkol_MPn":" ","Sign_Date":1478563200000,"Tikun1":null,"Tikun2":null,"Tikun3":null,"Tikun4":null,"Tikun5":null,"Tikun6":null,"Tikun7":null,"Tikun8":null,"Tikun9":null,"Tikun10":null,"Tikun11":null,"Tikun12":null,"Tikun13":null,"Tikun14":null,"Tikun15":null,"Precision_":"מקור וקטורי חתום","FIRST_Nafa":"תל איביב - יפו","LAST_Nafa2":" ","Shape_Leng":15594.4508773,"Shape_Area":9410683.2394,"Shape__Area":13127069.133789063,"Shape__Length":18430.894846776973}},{"type":"Feature","id":34,"geometry":{"type":"Polygon","coordinates":[[[35.161078,32.932245],[35.158956,32.920038],[35.157719,32.917635],[35.154152,32.919604],[35.145537,32.921673],[35.143664,32.922884],[35.14406,32.925184],[35.137614,32.925274],[35.13744,32.924673],[35.133332,32.925802],[35.128778,32.922143],[35.13271,32.920361],[35.129703,32.917505],[35.12877,32.91434],[35.121104,32.915402],[35.121918,32.917421],[35.121307,32.91805],[35.121919,32.920821],[35.126266,32.920109],[35.128878,32.922381],[35.120994,32.922676],[35.120772,32.930874],[35.126404,32.931552],[35.126337,32.935027],[35.130309,32.935039],[35.130091,32.948203],[35.149878,32.946419],[35.149102,32.945873],[35.154585,32.944891],[35.154563,32.94416],[35.156975,32.943562],[35.156894,32.942259],[35.15906,32.942275],[35.158945,32.941188],[35.161652,32.940507],[35.163803,32.941493],[35.161078,32.932245]]]},"properties":{"FID":34,"Muni_Heb":"ג'דיידה - מכר","Muni_Eng":"Jdeyde - Ma'ker","Sug_Muni":"מועצה מקומית","CR_PNIM":"1292","CR_LAMAS":"1292","Machoz":"צפון","Hearot":"השכבה אינה סטטוטורית באופן מלא.","Eshkol_MPn":" ","Sign_Date":1341705600000,"Tikun1":null,"Tikun2":null,"Tikun3":null,"Tikun4":null,"Tikun5":null,"Tikun6":null,"Tikun7":null,"Tikun8":null,"Tikun9":null,"Tikun10":null,"Tikun11":null,"Tikun12":null,"Tikun13":null,"Tikun14":null,"Tikun15":null,"Precision_":"מקור וקטורי חתום","FIRST_Nafa":"עכו","LAST_Nafa2":" ","Shape_Leng":17953.1365502,"Shape_Area":9092765.4854,"Shape__Area":12943051.508789063,"Shape__Length":21415.984298348772}},{"type":"Feature","id":35,"geometry":{"type":"Polygon","coordinates":[[[35.168162,32.934153],[35.161078,32.932245],[35.163803,32.941493],[35.166004,32.942416],[35.16854,32.942126],[35.169124,32.943082],[35.173878,32.942654],[35.178021,32.943989],[35.179532,32.9491],[35.18223,32.949899],[35.182291,32.950799],[35.184949,32.949847],[35.186837,32.950393],[35.190515,32.949859],[35.195624,32.948215],[35.195814,32.94639],[35.194894,32.945822],[35.195431,32.944424],[35.193439,32.943244],[35.193522,32.940571],[35.194793,32.940465],[35.195623,32.941377],[35.199528,32.939061],[35.197954,32.937125],[35.194372,32.936891],[35.193822,32.937561],[35.19207,32.93525],[35.189728,32.935644],[35.187974,32.934339],[35.184837,32.93369],[35.182553,32.93341],[35.181125,32.934268],[35.18011,32.933034],[35.178839,32.934896],[35.173558,32.935751],[35.170383,32.935479],[35.168162,32.934153]]]},"properties":{"FID":35,"Muni_Heb":"ג'וליס","Muni_Eng":"Julis","Sug_Muni":"מועצה מקומית","CR_PNIM":"0485","CR_LAMAS":"485","Machoz":"צפון","Hearot":"השכבה אינה סטטוטורית באופן מלא.","Eshkol_MPn":" ","Sign_Date":1336867200000,"Tikun1":null,"Tikun2":null,"Tikun3":null,"Tikun4":null,"Tikun5":null,"Tikun6":null,"Tikun7":null,"Tikun8":null,"Tikun9":null,"Tikun10":null,"Tikun11":null,"Tikun12":null,"Tikun13":null,"Tikun14":null,"Tikun15":null,"Precision_":"מקור וקטורי חתום","FIRST_Nafa":"עכו","LAST_Nafa2":" ","Shape_Leng":11447.246383,"Shape_Area":3998373.73363,"Shape__Area":5692510.12890625,"Shape__Length":13652.195083930408}},{"type":"Feature","id":36,"geometry":{"type":"Polygon","coordinates":[[[34.949032,32.156098],[34.952654,32.156192],[34.960482,32.158161],[34.961593,32.151398],[34.961484,32.149546],[34.96028,32.149505],[34.96226,32.149156],[34.961721,32.146338],[34.959664,32.144416],[34.957037,32.145577],[34.95586,32.144506],[34.950971,32.145459],[34.948733,32.148393],[34.946371,32.148893],[34.941583,32.146366],[34.941633,32.142958],[34.937596,32.142935],[34.937273,32.144073],[34.934111,32.140603],[34.936108,32.151983],[34.93733,32.153083],[34.937588,32.149234],[34.940958,32.15049],[34.946156,32.153814],[34.946461,32.155205],[34.947242,32.154683],[34.947927,32.155985],[34.949032,32.156098]]]},"properties":{"FID":36,"Muni_Heb":"ג'לג'וליה","Muni_Eng":"Jaljulya","Sug_Muni":"מועצה מקומית","CR_PNIM":"0627","CR_LAMAS":"627","Machoz":"מרכז","Hearot":"השכבה אינה סטטוטורית באופן מלא.","Eshkol_MPn":" ","Sign_Date":1622419200000,"Tikun1":null,"Tikun2":null,"Tikun3":null,"Tikun4":null,"Tikun5":null,"Tikun6":null,"Tikun7":null,"Tikun8":null,"Tikun9":null,"Tikun10":null,"Tikun11":null,"Tikun12":null,"Tikun13":null,"Tikun14":null,"Tikun15":null,"Precision_":"מקור וקטורי חתום","FIRST_Nafa":"פתח תקווה","LAST_Nafa2":" ","Shape_Leng":10167.0587319,"Shape_Area":2470606.62252,"Shape__Area":3456536.2314453125,"Shape__Length":12028.806366429715}},{"type":"Feature","id":37,"geometry":{"type":"Polygon","coordinates":[[[34.915918,32.545628],[34.91537,32.529711],[34.907439,32.531358],[34.895721,32.532455],[34.896773,32.540252],[34.897894,32.541762],[34.90311,32.538641],[34.906039,32.538057],[34.908138,32.539146],[34.912042,32.545569],[34.915546,32.547514],[34.915918,32.545628]]]},"properties":{"FID":37,"Muni_Heb":"ג'סר אל-זרקא","Muni_Eng":"Jiser al Zarka","Sug_Muni":"מועצה מקומית","CR_PNIM":"0541","CR_LAMAS":"0541","Machoz":"חיפה","Hearot":"השכבה אינה סטטוטורית באופן מלא.","Eshkol_MPn":" ","Sign_Date":1614729600000,"Tikun1":null,"Tikun2":null,"Tikun3":null,"Tikun4":null,"Tikun5":null,"Tikun6":null,"Tikun7":null,"Tikun8":null,"Tikun9":null,"Tikun10":null,"Tikun11":null,"Tikun12":null,"Tikun13":null,"Tikun14":null,"Tikun15":null,"Precision_":"מקור וקטורי חתום","FIRST_Nafa":"חיפה","LAST_Nafa2":" ","Shape_Leng":7401.34355452,"Shape_Area":2071808.95014,"Shape__Area":2923220.3642578125,"Shape__Length":8794.1438524825062}},{"type":"Feature","id":38,"geometry":{"type":"Polygon","coordinates":[[[35.054443,32.407321],[35.05387,32.402792],[35.049395,32.396834],[35.047837,32.391658],[35.046168,32.394198],[35.043222,32.386978],[35.039276,32.38825],[35.036491,32.390277],[35.035963,32.389581],[35.034304,32.389991],[35.034795,32.391279],[35.03402,32.391571],[35.028507,32.391833],[35.02869,32.392762],[35.025104,32.394477],[35.019762,32.394553],[35.019525,32.392508],[35.01534,32.393808],[35.015681,32.400921],[35.009693,32.401394],[35.010115,32.404648],[35.007052,32.405089],[35.007797,32.410132],[35.012178,32.409576],[35.011897,32.413988],[35.019368,32.415604],[35.020588,32.413864],[35.022344,32.414702],[35.022814,32.412564],[35.026307,32.412614],[35.026462,32.413343],[35.028007,32.412585],[35.031124,32.412982],[35.036628,32.411856],[35.037514,32.408726],[35.039317,32.407576],[35.038558,32.405229],[35.040769,32.404313],[35.044025,32.401313],[35.045822,32.403958],[35.046388,32.403386],[35.046929,32.404367],[35.048768,32.402124],[35.050478,32.401927],[35.051312,32.405037],[35.053074,32.404821],[35.053212,32.405643],[35.051305,32.405738],[35.051474,32.407131],[35.054443,32.407321]]]},"properties":{"FID":38,"Muni_Heb":"ג'ת","Muni_Eng":"jat","Sug_Muni":"מועצה מקומית","CR_PNIM":"0628","CR_LAMAS":"628","Machoz":"חיפה","Hearot":"השכבה אינה סטטוטורית באופן מלא.","Eshkol_MPn":" ","Sign_Date":1474848000000,"Tikun1":null,"Tikun2":null,"Tikun3":null,"Tikun4":null,"Tikun5":null,"Tikun6":null,"Tikun7":null,"Tikun8":null,"Tikun9":null,"Tikun10":null,"Tikun11":null,"Tikun12":null,"Tikun13":null,"Tikun14":null,"Tikun15":null,"Precision_":"מקור וקטורי חתום","FIRST_Nafa":"חדרה","LAST_Nafa2":" ","Shape_Leng":16781.6474205,"Shape_Area":7462929.98535,"Shape__Area":10498776.745117188,"Shape__Length":19906.304430547734}},{"type":"Feature","id":39,"geometry":{"type":"Polygon","coordinates":[[[34.845174,32.065738],[34.845534,32.071254],[34.847477,32.070861],[34.847125,32.070141],[34.848072,32.069491],[34.850288,32.069334],[34.85121,32.073208],[34.846884,32.075024],[34.844336,32.072502],[34.843271,32.072819],[34.845762,32.085241],[34.84581,32.090241],[34.84806,32.089521],[34.847843,32.088188],[34.848803,32.087613],[34.848104,32.086818],[34.856298,32.085932],[34.855233,32.080135],[34.860305,32.080246],[34.860289,32.079482],[34.85999,32.069379],[34.859186,32.068523],[34.845174,32.065738]]]},"properties":{"FID":39,"Muni_Heb":"גבעת שמואל","Muni_Eng":"Giv'at Shemuel","Sug_Muni":"עירייה","CR_PNIM":"0681","CR_LAMAS":"681","Machoz":"מרכז","Hearot":"השכבה אינה סטטוטורית באופן מלא.","Eshkol_MPn":" ","Sign_Date":1531872000000,"Tikun1":null,"Tikun2":null,"Tikun3":null,"Tikun4":null,"Tikun5":null,"Tikun6":null,"Tikun7":null,"Tikun8":null,"Tikun9":null,"Tikun10":null,"Tikun11":null,"Tikun12":null,"Tikun13":null,"Tikun14":null,"Tikun15":null,"Precision_":"מקור וקטורי חתום","FIRST_Nafa":"פתח תקווה","LAST_Nafa2":" ","Shape_Leng":10000.764879,"Shape_Area":2576094.02268,"Shape__Area":3598357.6982421875,"Shape__Length":11824.589487038646}},{"type":"Feature","id":40,"geometry":{"type":"Polygon","coordinates":[[[34.811809,32.058621],[34.806154,32.061616],[34.804506,32.065617],[34.802824,32.066036],[34.80258,32.070445],[34.800623,32.072902],[34.802114,32.077219],[34.797873,32.0802],[34.798131,32.080785],[34.800986,32.081799],[34.801706,32.081139],[34.801419,32.078912],[34.805004,32.079209],[34.80498,32.079721],[34.812567,32.079866],[34.813193,32.078023],[34.820057,32.080498],[34.819605,32.078985],[34.820751,32.078939],[34.820699,32.078244],[34.819395,32.078324],[34.818103,32.071381],[34.814994,32.064855],[34.819699,32.06245],[34.8188,32.059312],[34.815579,32.058485],[34.811809,32.058621]]]},"properties":{"FID":40,"Muni_Heb":"גבעתיים","Muni_Eng":"Giv'atayim","Sug_Muni":"עירייה","CR_PNIM":"6300","CR_LAMAS":"6300","Machoz":"תל אביב","Hearot":"השכבה אינה סטטוטורית באופן מלא.","Eshkol_MPn":" ","Sign_Date":1359504000000,"Tikun1":null,"Tikun2":null,"Tikun3":null,"Tikun4":null,"Tikun5":null,"Tikun6":null,"Tikun7":null,"Tikun8":null,"Tikun9":null,"Tikun10":null,"Tikun11":null,"Tikun12":null,"Tikun13":null,"Tikun14":null,"Tikun15":null,"Precision_":"מקור וקטורי חתום","FIRST_Nafa":"תל אביב - יפו","LAST_Nafa2":" ","Shape_Leng":9867.30553718,"Shape_Area":3242246.49807,"Shape__Area":4528176.1044921875,"Shape__Length":11662.054511587125}},{"type":"Feature","id":41,"geometry":{"type":"Polygon","coordinates":[[[34.763631,31.822829],[34.76591,31.833367],[34.767039,31.833639],[34.767239,31.835866],[34.776302,31.836348],[34.777558,31.833684],[34.784034,31.835936],[34.801009,31.830193],[34.798964,31.824824],[34.792856,31.826191],[34.791058,31.82496],[34.789358,31.824982],[34.784066,31.827988],[34.783669,31.826436],[34.781781,31.827916],[34.781093,31.827028],[34.778247,31.827542],[34.775881,31.824917],[34.782981,31.82248],[34.783769,31.821808],[34.78339,31.820768],[34.788762,31.819542],[34.789349,31.818538],[34.788476,31.81454],[34.789263,31.812822],[34.787457,31.81111],[34.794348,31.806449],[34.79046,31.798041],[34.788109,31.798399],[34.787419,31.793621],[34.773995,31.796665],[34.772031,31.792712],[34.767215,31.79535],[34.764886,31.797586],[34.762948,31.800862],[34.763991,31.804357],[34.759649,31.806294],[34.763631,31.822829]]]},"properties":{"FID":41,"Muni_Heb":"גדרה","Muni_Eng":"Gedera","Sug_Muni":"מועצה מקומית","CR_PNIM":"2550","CR_LAMAS":"2550","Machoz":"מרכז","Hearot":"השכבה אינה סטטוטורית באופן מלא.","Eshkol_MPn":"אשכול רשויות שורק דרומי","Sign_Date":1231718400000,"Tikun1":null,"Tikun2":null,"Tikun3":null,"Tikun4":null,"Tikun5":null,"Tikun6":null,"Tikun7":null,"Tikun8":null,"Tikun9":null,"Tikun10":null,"Tikun11":null,"Tikun12":null,"Tikun13":null,"Tikun14":null,"Tikun15":null,"Precision_":"מקור וקטורי חתום","FIRST_Nafa":"רחובות","LAST_Nafa2":" ","Shape_Leng":19966.4948865,"Shape_Area":11432664.1192,"Shape__Area":15879269.283203125,"Shape__Length":23532.378291858244}},{"type":"Feature","id":42,"geometry":{"type":"Polygon","coordinates":[[[35.815335,33.203946],[35.836879,33.193554],[35.841752,33.165197],[35.817942,33.128773],[35.817278,33.114008],[35.849422,33.101231],[35.871169,32.983442],[35.876055,32.972767],[35.880049,32.966173],[35.89538,32.945126],[35.877297,32.925081],[35.873021,32.922982],[35.850568,32.889333],[35.843406,32.869874],[35.84553,32.855501],[35.835672,32.828052],[35.759812,32.745969],[35.756624,32.74536],[35.754677,32.743952],[35.752808,32.7395],[35.751042,32.738154],[35.748498,32.733642],[35.74511,32.731251],[35.741277,32.730559],[35.738086,32.733379],[35.736594,32.733086],[35.736764,32.73039],[35.734495,32.72825],[35.732339,32.723576],[35.730533,32.723084],[35.72913,32.72367],[35.728876,32.726156],[35.72699,32.72739],[35.724856,32.726145],[35.723443,32.721899],[35.72129,32.722361],[35.71896,32.724046],[35.718173,32.723654],[35.718189,32.71767],[35.716606,32.716137],[35.715213,32.715983],[35.712592,32.71858],[35.711162,32.718662],[35.707261,32.714855],[35.705932,32.7145],[35.702544,32.715945],[35.700307,32.712711],[35.698783,32.712817],[35.691012,32.70865],[35.687024,32.709037],[35.680257,32.706182],[35.675833,32.705875],[35.675489,32.704904],[35.676674,32.703493],[35.676817,32.701731],[35.675051,32.697201],[35.671584,32.693965],[35.672002,32.691027],[35.664578,32.687489],[35.661515,32.686957],[35.659992,32.687593],[35.65916,32.686429],[35.652555,32.68556],[35.650145,32.682519],[35.64542,32.682642],[35.639404,32.686862],[35.635621,32.687799],[35.63509,32.691836],[35.638466,32.701218],[35.637645,32.705194],[35.644664,32.708045],[35.649836,32.714588],[35.649782,32.717852],[35.65098,32.720889],[35.649903,32.724056],[35.650021,32.726454],[35.651603,32.728352],[35.652243,32.73086],[35.651872,32.733784],[35.654814,32.739309],[35.655886,32.743141],[35.657238,32.74439],[35.655522,32.753986],[35.661816,32.772998],[35.662452,32.777177],[35.65485,32.79283],[35.655679,32.808425],[35.644036,32.810658],[35.645183,32.815342],[35.645462,32.821725],[35.644671,32.825839],[35.641347,32.834108],[35.644216,32.83451],[35.645433,32.83655],[35.646928,32.836985],[35.649095,32.839311],[35.649808,32.843523],[35.64802,32.852787],[35.643119,32.861209],[35.644048,32.864139],[35.64271,32.867048],[35.635883,32.876188],[35.629934,32.881834],[35.629617,32.883952],[35.621793,32.891513],[35.613322,32.89526],[35.614629,32.899322],[35.613614,32.900516],[35.616371,32.902682],[35.617259,32.904039],[35.61679,32.90509],[35.619045,32.904786],[35.619967,32.905498],[35.622169,32.904695],[35.624315,32.906016],[35.625284,32.907474],[35.623414,32.908488],[35.625571,32.908808],[35.625364,32.910187],[35.627319,32.911826],[35.625778,32.913806],[35.624153,32.914166],[35.624179,32.916284],[35.628084,32.937426],[35.628937,32.956596],[35.631001,32.960005],[35.633104,32.990836],[35.630435,32.99465],[35.632977,33.008861],[35.63088,33.012225],[35.628985,33.0136],[35.630048,33.014523],[35.631721,33.024026],[35.640488,33.040589],[35.646644,33.06337],[35.645464,33.077712],[35.650183,33.087108],[35.652831,33.122971],[35.670592,33.153474],[35.662906,33.190065],[35.667534,33.221083],[35.666936,33.225512],[35.672805,33.232245],[35.677236,33.232878],[35.683086,33.237067],[35.68389,33.239119],[35.682132,33.241283],[35.684358,33.24271],[35.684308,33.244563],[35.681075,33.247717],[35.676271,33.247486],[35.673577,33.246313],[35.669768,33.247292],[35.661255,33.247453],[35.657712,33.249279],[35.65067,33.250294],[35.641799,33.244922],[35.635849,33.244757],[35.631372,33.24294],[35.624986,33.241897],[35.623135,33.244344],[35.625366,33.245587],[35.623134,33.249456],[35.623558,33.25244],[35.622867,33.253103],[35.620118,33.253182],[35.619142,33.255261],[35.619349,33.255849],[35.621331,33.255822],[35.621159,33.259429],[35.622976,33.259997],[35.621412,33.262128],[35.622567,33.264383],[35.621467,33.266768],[35.623388,33.266337],[35.623797,33.264167],[35.636843,33.261344],[35.641879,33.273057],[35.639415,33.274891],[35.637549,33.278397],[35.642971,33.280443],[35.658731,33.274012],[35.659988,33.274726],[35.662226,33.278361],[35.678143,33.288064],[35.683646,33.292941],[35.700735,33.300463],[35.707,33.305293],[35.709845,33.310765],[35.711874,33.320356],[35.713916,33.32397],[35.717816,33.327537],[35.723175,33.329405],[35.728109,33.329767],[35.732353,33.328856],[35.740481,33.325259],[35.74518,33.325203],[35.767488,33.334258],[35.77245,33.335145],[35.813337,33.317644],[35.795553,33.298763],[35.77691,33.277145],[35.786234,33.265656],[35.800419,33.258133],[35.814698,33.248099],[35.815335,33.203946]],[[35.683872,33.0035],[35.680048,32.998058],[35.677108,32.99702],[35.676763,32.995885],[35.67164,32.991014],[35.671593,32.982092],[35.680818,32.97918],[35.685413,32.981789],[35.68654,32.981594],[35.685044,32.976789],[35.691203,32.974717],[35.694721,32.97651],[35.696977,32.977043],[35.698837,32.976493],[35.703077,32.978376],[35.708777,32.982446],[35.712871,32.983436],[35.714226,32.98496],[35.715902,32.985291],[35.718403,32.9881],[35.718319,32.996602],[35.716513,33.000409],[35.714391,33.00211],[35.70918,33.003585],[35.703675,33.002981],[35.699489,33.003535],[35.694781,33.006871],[35.691121,33.007438],[35.686288,33.006299],[35.683872,33.0035]],[[35.798603,33.252859],[35.7933,33.251304],[35.787071,33.253911],[35.784731,33.255838],[35.780856,33.256252],[35.782039,33.25839],[35.785611,33.261679],[35.782364,33.262198],[35.777982,33.265889],[35.776921,33.274629],[35.776167,33.275056],[35.776393,33.277121],[35.780294,33.285289],[35.788094,33.292013],[35.783875,33.295267],[35.779531,33.300017],[35.764578,33.290695],[35.760962,33.286947],[35.760754,33.284845],[35.758258,33.284558],[35.756072,33.290026],[35.753387,33.288818],[35.75539,33.283125],[35.757258,33.272827],[35.755062,33.265066],[35.758929,33.260423],[35.758295,33.25935],[35.755305,33.260345],[35.755669,33.25972],[35.754387,33.259359],[35.755455,33.257784],[35.75373,33.25641],[35.754597,33.255389],[35.75573,33.255891],[35.755752,33.253094],[35.756946,33.251288],[35.759139,33.251726],[35.755197,33.246425],[35.754454,33.244283],[35.748332,33.239209],[35.74403,33.241831],[35.744955,33.248637],[35.744616,33.251291],[35.738227,33.252994],[35.736891,33.252714],[35.729868,33.248829],[35.725306,33.243124],[35.721708,33.240933],[35.72037,33.238706],[35.720172,33.233578],[35.724964,33.230331],[35.726266,33.228759],[35.726345,33.227245],[35.728501,33.225649],[35.737423,33.225429],[35.742273,33.228505],[35.743496,33.226517],[35.744481,33.218039],[35.751741,33.204339],[35.751684,33.200623],[35.758354,33.19094],[35.760868,33.189348],[35.763811,33.185215],[35.764234,33.18176],[35.765069,33.180716],[35.766716,33.184003],[35.771526,33.186803],[35.775668,33.188106],[35.77579,33.189414],[35.786865,33.187227],[35.788372,33.190754],[35.790051,33.190942],[35.791215,33.189786],[35.793342,33.190239],[35.795027,33.191271],[35.795549,33.193528],[35.798759,33.196018],[35.80227,33.194204],[35.803999,33.191552],[35.805672,33.190796],[35.805699,33.18774],[35.80805,33.187684],[35.806764,33.193529],[35.804876,33.195423],[35.803903,33.198505],[35.801239,33.199201],[35.799584,33.202552],[35.800048,33.203199],[35.809016,33.20337],[35.808191,33.215313],[35.806799,33.216706],[35.806593,33.220366],[35.808176,33.23577],[35.805449,33.240224],[35.804517,33.246437],[35.802042,33.249108],[35.801976,33.251326],[35.799487,33.253142],[35.798603,33.252859]]]},"properties":{"FID":42,"Muni_Heb":"גולן","Muni_Eng":"Golan","Sug_Muni":"מועצה אזורית","CR_PNIM":"5571","CR_LAMAS":" ","Machoz":"צפון","Hearot":"השכבה אינה סטטוטורית באופן מלא.","Eshkol_MPn":"אשכול רשויות גליל מזרחי","Sign_Date":1658707200000,"Tikun1":null,"Tikun2":null,"Tikun3":null,"Tikun4":null,"Tikun5":null,"Tikun6":null,"Tikun7":null,"Tikun8":null,"Tikun9":null,"Tikun10":null,"Tikun11":null,"Tikun12":null,"Tikun13":null,"Tikun14":null,"Tikun15":null,"Precision_":"מקור וקטורי חתום","FIRST_Nafa":"רמת הגולן","LAST_Nafa2":" ","Shape_Leng":258216.964597,"Shape_Area":1086971886.54,"Shape__Area":1549523569.5693359,"Shape__Length":308748.53068966646}},{"type":"Feature","id":43,"geometry":{"type":"Polygon","coordinates":[[[35.418811,33.019873],[35.426124,33.019147],[35.425198,33.020239],[35.427476,33.023701],[35.428165,33.027199],[35.430233,33.026798],[35.430188,33.027959],[35.432816,33.02891],[35.431647,33.030701],[35.431659,33.036016],[35.433668,33.036401],[35.434773,33.035767],[35.435572,33.037631],[35.441323,33.034325],[35.44133,33.037319],[35.440369,33.039093],[35.441735,33.041419],[35.446158,33.038881],[35.447189,33.039304],[35.448234,33.038231],[35.449063,33.03876],[35.449885,33.036723],[35.448538,33.036336],[35.450327,33.03353],[35.449891,33.031618],[35.451473,33.032366],[35.452779,33.030106],[35.454678,33.029174],[35.454962,33.026362],[35.454338,33.02502],[35.455058,33.023186],[35.453791,33.021584],[35.452247,33.016667],[35.447928,33.01734],[35.445741,33.01646],[35.437263,33.017689],[35.435247,33.015676],[35.432661,33.014979],[35.432486,33.016076],[35.431572,33.015995],[35.430398,33.013752],[35.429124,33.013842],[35.424422,33.011399],[35.423044,33.007381],[35.419436,33.007574],[35.419148,33.005371],[35.417592,33.005604],[35.417197,33.00682],[35.41483,33.006709],[35.412154,33.008514],[35.407501,33.009379],[35.406507,33.012044],[35.413662,33.01617],[35.417548,33.016604],[35.418811,33.019873]]]},"properties":{"FID":43,"Muni_Heb":"גוש חלב (ג'יש)","Muni_Eng":"Jish (Gush Halav)","Sug_Muni":"מועצה מקומית","CR_PNIM":"0487","CR_LAMAS":"487","Machoz":"צפון","Hearot":"השכבה אינה סטטוטורית באופן מלא.","Eshkol_MPn":"אשכול רשויות גליל מזרחי","Sign_Date":1520121600000,"Tikun1":null,"Tikun2":null,"Tikun3":null,"Tikun4":null,"Tikun5":null,"Tikun6":null,"Tikun7":null,"Tikun8":null,"Tikun9":null,"Tikun10":null,"Tikun11":null,"Tikun12":null,"Tikun13":null,"Tikun14":null,"Tikun15":null,"Precision_":"מקור וקטורי חתום","FIRST_Nafa":"צפת","LAST_Nafa2":" ","Shape_Leng":17705.1826365,"Shape_Area":7061135.22337,"Shape__Area":10071385.795898438,"Shape__Length":21145.597669538955}},{"type":"Feature","id":44,"geometry":{"type":"Polygon","coordinates":[[[34.708655,31.81078],[34.712382,31.808393],[34.71084,31.804281],[34.710656,31.801388],[34.72109,31.797086],[34.719746,31.795882],[34.722821,31.79284],[34.721751,31.79177],[34.721515,31.78919],[34.726125,31.788377],[34.727084,31.789805],[34.73166,31.787999],[34.72728,31.777865],[34.725323,31.778391],[34.724264,31.77732],[34.723343,31.777818],[34.723817,31.779644],[34.722587,31.780335],[34.723477,31.781804],[34.722542,31.782313],[34.721559,31.781016],[34.71958,31.78208],[34.715389,31.776207],[34.713073,31.777158],[34.708512,31.76998],[34.706968,31.769714],[34.700379,31.773499],[34.699793,31.771962],[34.699003,31.772075],[34.693279,31.775953],[34.693235,31.776923],[34.691974,31.777188],[34.692803,31.7781],[34.690691,31.777984],[34.68927,31.780376],[34.685464,31.781872],[34.681457,31.781072],[34.678547,31.781833],[34.674343,31.781532],[34.672695,31.779901],[34.670584,31.780124],[34.669738,31.782149],[34.685515,31.795839],[34.689815,31.802568],[34.694418,31.799586],[34.696515,31.799518],[34.696601,31.79844],[34.697694,31.797852],[34.703158,31.800162],[34.708969,31.800792],[34.707909,31.804012],[34.708684,31.804127],[34.708782,31.809311],[34.7069,31.810561],[34.707262,31.811243],[34.708655,31.81078]]]},"properties":{"FID":44,"Muni_Heb":"גן יבנה","Muni_Eng":"Gan Yavne","Sug_Muni":"מועצה מקומית","CR_PNIM":"0166","CR_LAMAS":"166","Machoz":"מרכז","Hearot":"השכבה אינה סטטוטורית באופן מלא.","Eshkol_MPn":" ","Sign_Date":1232496000000,"Tikun1":null,"Tikun2":null,"Tikun3":null,"Tikun4":null,"Tikun5":null,"Tikun6":null,"Tikun7":null,"Tikun8":null,"Tikun9":null,"Tikun10":null,"Tikun11":null,"Tikun12":null,"Tikun13":null,"Tikun14":null,"Tikun15":null,"Precision_":"מקור וקטורי חתום","FIRST_Nafa":"רחובות","LAST_Nafa2":" ","Shape_Leng":21045.2681825,"Shape_Area":11452306.0288,"Shape__Area":15896973.267578125,"Shape__Length":24795.028502939676}},{"type":"Feature","id":45,"geometry":{"type":"Polygon","coordinates":[[[34.727034,31.91607],[34.711813,31.918787],[34.700325,31.919815],[34.700781,31.917231],[34.701679,31.916435],[34.700038,31.913683],[34.696797,31.912952],[34.696044,31.910306],[34.697015,31.908349],[34.694212,31.904684],[34.694182,31.9041],[34.697852,31.90411],[34.696432,31.902466],[34.697936,31.902267],[34.698259,31.901506],[34.694527,31.897986],[34.693554,31.897971],[34.693401,31.896829],[34.686111,31.898005],[34.678261,31.900658],[34.689618,31.924067],[34.705559,31.946441],[34.708484,31.953808],[34.715536,31.952976],[34.727583,31.944557],[34.747899,31.944657],[34.75551,31.951899],[34.757456,31.948098],[34.770526,31.949183],[34.772383,31.948467],[34.771143,31.94741],[34.776541,31.946579],[34.776887,31.947332],[34.779021,31.946638],[34.778525,31.945857],[34.781469,31.944451],[34.779999,31.942419],[34.778515,31.936305],[34.78043,31.936856],[34.777063,31.923963],[34.7801,31.92613],[34.780453,31.923572],[34.779227,31.923346],[34.779401,31.921418],[34.7786,31.921383],[34.778656,31.916273],[34.773204,31.91595],[34.773176,31.912966],[34.77428,31.91012],[34.773195,31.910266],[34.77088,31.913807],[34.769921,31.91279],[34.76458,31.913599],[34.764796,31.914628],[34.761412,31.915186],[34.757882,31.911336],[34.761929,31.906449],[34.764715,31.904878],[34.7644,31.901524],[34.762201,31.898203],[34.766333,31.896132],[34.768382,31.893715],[34.767511,31.892491],[34.773259,31.890518],[34.778062,31.887529],[34.773393,31.879889],[34.770946,31.879437],[34.768616,31.875324],[34.764192,31.87757],[34.752691,31.867555],[34.752247,31.867855],[34.753565,31.874574],[34.752209,31.879674],[34.751235,31.880663],[34.750593,31.87895],[34.743683,31.880298],[34.741019,31.88381],[34.740425,31.894213],[34.741072,31.899622],[34.741807,31.899936],[34.736197,31.902045],[34.734881,31.89931],[34.732786,31.900058],[34.727034,31.91607]]]},"properties":{"FID":45,"Muni_Heb":"גן רוה","Muni_Eng":"Gan Ra've","Sug_Muni":"מועצה אזורית","CR_PNIM":"5527","CR_LAMAS":" ","Machoz":"מרכז","Hearot":"השכבה אינה סטטוטורית באופן מלא.","Eshkol_MPn":" ","Sign_Date":1478563200000,"Tikun1":null,"Tikun2":null,"Tikun3":null,"Tikun4":null,"Tikun5":null,"Tikun6":null,"Tikun7":null,"Tikun8":null,"Tikun9":null,"Tikun10":null,"Tikun11":null,"Tikun12":null,"Tikun13":null,"Tikun14":null,"Tikun15":null,"Precision_":"מקור וקטורי חתום","FIRST_Nafa":"רחובות","LAST_Nafa2":" ","Shape_Leng":46314.216869,"Shape_Area":43393086.8623,"Shape__Area":60405442.926757813,"Shape__Length":54650.935759989086}},{"type":"Feature","id":46,"geometry":{"type":"Polygon","coordinates":[[[34.875845,32.070889],[34.875913,32.070049],[34.874818,32.06991],[34.875478,32.066252],[34.879122,32.066738],[34.879336,32.065577],[34.880869,32.065784],[34.881907,32.063282],[34.883805,32.063919],[34.884428,32.060475],[34.883744,32.060431],[34.883871,32.058981],[34.88272,32.058914],[34.882999,32.057398],[34.87954,32.05693],[34.879608,32.056051],[34.866776,32.055273],[34.866514,32.063913],[34.867649,32.071071],[34.875845,32.070889]]]},"properties":{"FID":46,"Muni_Heb":"גני תקווה","Muni_Eng":"Ganei Tikva","Sug_Muni":"מועצה מקומית","CR_PNIM":"0229","CR_LAMAS":"229","Machoz":"מרכז","Hearot":"השכבה אינה סטטוטורית באופן מלא.","Eshkol_MPn":" ","Sign_Date":1622419200000,"Tikun1":null,"Tikun2":null,"Tikun3":null,"Tikun4":null,"Tikun5":null,"Tikun6":null,"Tikun7":null,"Tikun8":null,"Tikun9":null,"Tikun10":null,"Tikun11":null,"Tikun12":null,"Tikun13":null,"Tikun14":null,"Tikun15":null,"Precision_":"מקור וקטורי חתום","FIRST_Nafa":"פתח תקווה","LAST_Nafa2":" ","Shape_Leng":6874.18775909,"Shape_Area":2157883.74044,"Shape__Area":3013247.3916015625,"Shape__Length":8123.6500242484572}},{"type":"Feature","id":47,"geometry":{"type":"Polygon","coordinates":[[[35.041408,32.711289],[35.043212,32.710873],[35.045097,32.706887],[35.048249,32.706213],[35.048086,32.705534],[35.051936,32.705518],[35.051829,32.704529],[35.053875,32.703182],[35.057794,32.703327],[35.059026,32.70217],[35.058808,32.701363],[35.062139,32.701369],[35.067007,32.69971],[35.068412,32.698834],[35.068795,32.697484],[35.075216,32.694656],[35.075356,32.692757],[35.076991,32.69279],[35.077605,32.69148],[35.081653,32.690204],[35.080252,32.689507],[35.079948,32.683919],[35.080795,32.68377],[35.081413,32.680985],[35.079005,32.679563],[35.069749,32.681056],[35.06813,32.680505],[35.067474,32.679377],[35.062732,32.679949],[35.062062,32.680693],[35.050368,32.68147],[35.048451,32.682513],[35.043297,32.682684],[35.039029,32.681611],[35.035298,32.683011],[35.032405,32.685667],[35.027884,32.684073],[35.025361,32.684344],[35.025649,32.685432],[35.023312,32.688142],[35.022665,32.687408],[35.020145,32.689859],[35.023092,32.693094],[35.022195,32.693283],[35.022715,32.694325],[35.019861,32.695123],[35.018207,32.697305],[35.016332,32.697331],[35.016923,32.699242],[35.023872,32.698702],[35.02527,32.70024],[35.026702,32.700459],[35.027472,32.703479],[35.036135,32.709492],[35.036295,32.710267],[35.038815,32.711783],[35.041408,32.711289]]]},"properties":{"FID":47,"Muni_Heb":"דאלית אל כרמל","Muni_Eng":"Daliat al carmel","Sug_Muni":"מועצה מקומית","CR_PNIM":"0494","CR_LAMAS":"494","Machoz":"חיפה","Hearot":"השכבה אינה סטטוטורית באופן מלא.","Eshkol_MPn":" ","Sign_Date":1666483200000,"Tikun1":null,"Tikun2":null,"Tikun3":null,"Tikun4":null,"Tikun5":null,"Tikun6":null,"Tikun7":null,"Tikun8":null,"Tikun9":null,"Tikun10":null,"Tikun11":null,"Tikun12":null,"Tikun13":null,"Tikun14":null,"Tikun15":null,"Precision_":"מקור וקטורי חתום","FIRST_Nafa":"חיפה","LAST_Nafa2":" ","Shape_Leng":18705.5776782,"Shape_Area":12726204.3702,"Shape__Area":18018451.556640625,"Shape__Length":22243.228366687406}},{"type":"Feature","id":48,"geometry":{"type":"Polygon","coordinates":[[[35.381032,32.678317],[35.380491,32.678743],[35.379812,32.677033],[35.372546,32.679415],[35.366321,32.67995],[35.365659,32.678349],[35.359541,32.679026],[35.359573,32.680155],[35.353135,32.680821],[35.350726,32.69071],[35.350515,32.695417],[35.351091,32.693724],[35.352613,32.693862],[35.356964,32.695963],[35.358285,32.697631],[35.360623,32.69625],[35.361838,32.696751],[35.363346,32.696048],[35.364339,32.696688],[35.364475,32.698421],[35.367876,32.699327],[35.369451,32.700625],[35.372946,32.698552],[35.376568,32.699991],[35.378715,32.699919],[35.381907,32.701684],[35.382866,32.700604],[35.38397,32.695851],[35.383578,32.693114],[35.378172,32.692036],[35.376526,32.690824],[35.376309,32.689654],[35.377419,32.685786],[35.379765,32.683492],[35.379142,32.682396],[35.382382,32.680232],[35.381032,32.678317]]]},"properties":{"FID":48,"Muni_Heb":"דבוריה","Muni_Eng":"Daburiya","Sug_Muni":"מועצה מקומית","CR_PNIM":"0489","CR_LAMAS":"489","Machoz":"צפון","Hearot":"השכבה אינה סטטוטורית באופן מלא.","Eshkol_MPn":"אשכול רשויות הגליל והעמקים","Sign_Date":1602547200000,"Tikun1":null,"Tikun2":null,"Tikun3":null,"Tikun4":null,"Tikun5":null,"Tikun6":null,"Tikun7":null,"Tikun8":null,"Tikun9":null,"Tikun10":null,"Tikun11":null,"Tikun12":null,"Tikun13":null,"Tikun14":null,"Tikun15":null,"Precision_":"מקור וקטורי חתום","FIRST_Nafa":"יזרעאל","LAST_Nafa2":" ","Shape_Leng":12304.1969269,"Shape_Area":5626115.18296,"Shape__Area":7965074.9638671875,"Shape__Length":14638.912590724129}},{"type":"Feature","id":49,"geometry":{"type":"Polygon","coordinates":[[[35.260577,32.930046],[35.2521,32.928972],[35.252454,32.930635],[35.254655,32.93322],[35.255094,32.936704],[35.254213,32.938605],[35.255592,32.941134],[35.254862,32.949247],[35.256116,32.94994],[35.260068,32.948613],[35.263321,32.954515],[35.265863,32.955287],[35.271372,32.959625],[35.271798,32.957319],[35.272899,32.956682],[35.272048,32.953021],[35.270315,32.951291],[35.270343,32.949826],[35.271478,32.948433],[35.269165,32.944979],[35.270464,32.942783],[35.276474,32.939438],[35.278081,32.940435],[35.283348,32.938303],[35.283574,32.939148],[35.292565,32.938491],[35.298179,32.939588],[35.298355,32.936868],[35.292796,32.936052],[35.284983,32.936446],[35.284888,32.935435],[35.280327,32.935053],[35.28004,32.933648],[35.278599,32.934109],[35.277935,32.932478],[35.276394,32.93375],[35.273616,32.934038],[35.271235,32.933279],[35.27082,32.931798],[35.26936,32.931622],[35.269188,32.930376],[35.260577,32.930046]]]},"properties":{"FID":49,"Muni_Heb":"דיר אל אסד","Muni_Eng":"Dir al Asad","Sug_Muni":"מועצה מקומית","CR_PNIM":"0490","CR_LAMAS":"490","Machoz":"צפון","Hearot":"השכבה אינה סטטוטורית באופן מלא.","Eshkol_MPn":"אשכול רשויות בית הכרם הגלילי","Sign_Date":1594771200000,"Tikun1":null,"Tikun2":null,"Tikun3":null,"Tikun4":null,"Tikun5":null,"Tikun6":null,"Tikun7":null,"Tikun8":null,"Tikun9":null,"Tikun10":null,"Tikun11":null,"Tikun12":null,"Tikun13":null,"Tikun14":null,"Tikun15":null,"Precision_":"מקור וקטורי חתום","FIRST_Nafa":"עכו","LAST_Nafa2":" ","Shape_Leng":15622.2341285,"Shape_Area":5155800.5091,"Shape__Area":7340358.0595703125,"Shape__Length":18636.24428463513}},{"type":"Feature","id":50,"geometry":{"type":"Polygon","coordinates":[[[35.342732,32.874755],[35.348827,32.874818],[35.357589,32.87697],[35.35974,32.876174],[35.360309,32.87288],[35.366289,32.877148],[35.368812,32.877808],[35.371455,32.87535],[35.373545,32.875188],[35.373895,32.873355],[35.372946,32.87378],[35.375032,32.871646],[35.375987,32.87176],[35.376031,32.870744],[35.381868,32.872029],[35.385001,32.87386],[35.386778,32.869635],[35.39079,32.867155],[35.39104,32.862024],[35.392688,32.86177],[35.392289,32.860591],[35.393632,32.860087],[35.390963,32.858912],[35.391071,32.856956],[35.389718,32.856826],[35.386384,32.853412],[35.384183,32.85436],[35.383999,32.855465],[35.3795,32.855875],[35.380238,32.853994],[35.377326,32.851306],[35.373238,32.851764],[35.372182,32.850486],[35.367911,32.851135],[35.366022,32.853703],[35.361495,32.854648],[35.360923,32.856133],[35.357768,32.856328],[35.357713,32.857004],[35.354144,32.858953],[35.354499,32.860557],[35.349513,32.861539],[35.349504,32.863204],[35.347824,32.86309],[35.34848,32.863925],[35.34721,32.86403],[35.347095,32.865281],[35.344989,32.865285],[35.344473,32.867827],[35.343503,32.867822],[35.343098,32.872074],[35.341639,32.872293],[35.341701,32.87477],[35.342732,32.874755]]]},"properties":{"FID":50,"Muni_Heb":"דיר חנא","Muni_Eng":"Dir Hana","Sug_Muni":"מועצה מקומית","CR_PNIM":"0492","CR_LAMAS":"492","Machoz":"צפון","Hearot":"השכבה אינה סטטוטורית באופן מלא.","Eshkol_MPn":" ","Sign_Date":1346025600000,"Tikun1":null,"Tikun2":null,"Tikun3":null,"Tikun4":null,"Tikun5":null,"Tikun6":null,"Tikun7":null,"Tikun8":null,"Tikun9":null,"Tikun10":null,"Tikun11":null,"Tikun12":null,"Tikun13":null,"Tikun14":null,"Tikun15":null,"Precision_":"מקור וקטורי חתום","FIRST_Nafa":"עכו","LAST_Nafa2":" ","Shape_Leng":16286.781894,"Shape_Area":8917997.45465,"Shape__Area":12674949.5703125,"Shape__Length":19411.723610538767}},{"type":"Feature","id":51,"geometry":{"type":"Polygon","coordinates":[[[35.296202,32.568566],[35.297087,32.566266],[35.305764,32.572631],[35.297452,32.580268],[35.29927,32.581913],[35.300658,32.585237],[35.303415,32.584474],[35.307751,32.585194],[35.316238,32.58388],[35.319334,32.582049],[35.322955,32.576358],[35.326774,32.579645],[35.3308,32.579651],[35.335668,32.580985],[35.344549,32.586969],[35.349669,32.593905],[35.35093,32.598071],[35.355034,32.604507],[35.358519,32.604431],[35.357085,32.600632],[35.357474,32.592423],[35.361393,32.593733],[35.365283,32.5938],[35.371629,32.591512],[35.37314,32.593693],[35.373351,32.596788],[35.371584,32.600893],[35.374353,32.601593],[35.372796,32.605135],[35.373535,32.607339],[35.375347,32.607807],[35.379519,32.606115],[35.379795,32.607335],[35.380729,32.607546],[35.381723,32.609227],[35.381414,32.61743],[35.382685,32.620355],[35.386407,32.622146],[35.388162,32.627233],[35.390597,32.629632],[35.395536,32.628873],[35.395595,32.630535],[35.394838,32.630456],[35.394784,32.631582],[35.398126,32.634633],[35.401468,32.642676],[35.404677,32.64657],[35.414921,32.637718],[35.417081,32.637932],[35.420311,32.636837],[35.419703,32.635827],[35.420072,32.634072],[35.422714,32.630946],[35.424577,32.632278],[35.430067,32.631809],[35.430468,32.631003],[35.431143,32.633237],[35.433369,32.63248],[35.441062,32.626749],[35.454586,32.623258],[35.461405,32.619183],[35.465874,32.619227],[35.470056,32.620455],[35.473991,32.623576],[35.479717,32.625044],[35.484939,32.622709],[35.487377,32.62261],[35.487971,32.623704],[35.490548,32.624386],[35.493306,32.623961],[35.493196,32.622752],[35.494087,32.623436],[35.495699,32.622576],[35.494758,32.621404],[35.497745,32.621858],[35.494055,32.617475],[35.492755,32.617381],[35.495699,32.615417],[35.497721,32.612743],[35.497016,32.611862],[35.494363,32.611683],[35.495937,32.609493],[35.497274,32.609843],[35.500182,32.607139],[35.502444,32.606859],[35.501914,32.609773],[35.502723,32.611379],[35.509162,32.614376],[35.51169,32.615337],[35.516481,32.613567],[35.510028,32.609056],[35.50913,32.607],[35.516868,32.605865],[35.519499,32.60424],[35.521163,32.602177],[35.51955,32.598543],[35.520526,32.59711],[35.518105,32.595707],[35.514949,32.589798],[35.513419,32.590172],[35.513529,32.590751],[35.509293,32.591451],[35.506368,32.586014],[35.510096,32.584526],[35.50785,32.581818],[35.506762,32.581746],[35.504359,32.577696],[35.517011,32.573322],[35.526297,32.573965],[35.528556,32.572225],[35.529349,32.569234],[35.52836,32.567454],[35.521675,32.565629],[35.520632,32.559696],[35.515559,32.55621],[35.513903,32.553932],[35.513542,32.55071],[35.521423,32.550099],[35.518233,32.545988],[35.512357,32.544396],[35.506775,32.545967],[35.500433,32.549544],[35.498987,32.549221],[35.499005,32.54799],[35.494619,32.551353],[35.49038,32.546629],[35.48973,32.544643],[35.486421,32.543833],[35.4823,32.541392],[35.47973,32.536855],[35.476118,32.535411],[35.47293,32.524997],[35.471061,32.52233],[35.471991,32.521457],[35.47217,32.519592],[35.466653,32.520648],[35.45888,32.520553],[35.456772,32.521937],[35.452089,32.523275],[35.448772,32.520939],[35.447634,32.521268],[35.443549,32.513044],[35.432849,32.503148],[35.42271,32.49754],[35.416952,32.493413],[35.405571,32.490355],[35.404226,32.493315],[35.40436,32.498659],[35.402551,32.501337],[35.395812,32.502644],[35.390199,32.505187],[35.384421,32.505012],[35.381027,32.508938],[35.370795,32.514933],[35.357349,32.518713],[35.349737,32.518122],[35.343362,32.519157],[35.332513,32.515243],[35.330705,32.515464],[35.319938,32.512498],[35.305975,32.510025],[35.294792,32.509628],[35.274876,32.514965],[35.252255,32.523188],[35.240974,32.532536],[35.247755,32.536612],[35.245353,32.542669],[35.23903,32.548748],[35.225728,32.565811],[35.244589,32.582962],[35.247884,32.576765],[35.257902,32.585534],[35.257667,32.583907],[35.258737,32.581714],[35.258386,32.578993],[35.261179,32.575599],[35.260913,32.573877],[35.25942,32.57202],[35.274686,32.576557],[35.274614,32.577517],[35.272279,32.578788],[35.273246,32.580484],[35.276432,32.578343],[35.280827,32.577894],[35.282222,32.576677],[35.291621,32.576763],[35.296367,32.572455],[35.296202,32.568566]]]},"properties":{"FID":51,"Muni_Heb":"הגלבוע","Muni_Eng":"Hagilbo'a","Sug_Muni":"מועצה אזורית","CR_PNIM":"5508","CR_LAMAS":" ","Machoz":"צפון","Hearot":"השכבה אינה סטטוטורית באופן מלא.","Eshkol_MPn":"אשכול רשויות הגליל והעמקים","Sign_Date":1335052800000,"Tikun1":null,"Tikun2":null,"Tikun3":null,"Tikun4":null,"Tikun5":null,"Tikun6":null,"Tikun7":null,"Tikun8":null,"Tikun9":null,"Tikun10":null,"Tikun11":null,"Tikun12":null,"Tikun13":null,"Tikun14":null,"Tikun15":null,"Precision_":"מקור וקטורי חתום","FIRST_Nafa":"יזרעאל","LAST_Nafa2":" ","Shape_Leng":103033.874396,"Shape_Area":251926229.574,"Shape__Area":355663572.93359375,"Shape__Length":122392.60991777598}},{"type":"Feature","id":52,"geometry":{"type":"Polygon","coordinates":[[[34.913779,32.146444],[34.911549,32.143064],[34.906905,32.145279],[34.907237,32.146197],[34.909898,32.146108],[34.910303,32.148268],[34.90631,32.148497],[34.907131,32.149067],[34.901835,32.15496],[34.899537,32.153913],[34.899796,32.153322],[34.898127,32.153267],[34.898099,32.151229],[34.897058,32.150949],[34.898777,32.146838],[34.894774,32.147513],[34.894726,32.141517],[34.892661,32.138765],[34.894364,32.138035],[34.899674,32.142694],[34.903253,32.140803],[34.902261,32.134729],[34.904462,32.134225],[34.904685,32.13313],[34.90226,32.131113],[34.898787,32.130352],[34.895395,32.126897],[34.89268,32.125393],[34.892397,32.128585],[34.889316,32.128113],[34.888681,32.127353],[34.889435,32.122818],[34.886983,32.123683],[34.886257,32.124758],[34.881163,32.125856],[34.881044,32.126535],[34.882006,32.126838],[34.880341,32.12714],[34.879866,32.125151],[34.87856,32.124969],[34.877618,32.123656],[34.876121,32.124398],[34.877049,32.122432],[34.874662,32.121595],[34.875615,32.120768],[34.874865,32.120076],[34.873567,32.121763],[34.874316,32.122382],[34.872248,32.124495],[34.871665,32.126264],[34.868999,32.124294],[34.870186,32.12248],[34.869504,32.121277],[34.866444,32.123483],[34.865429,32.122077],[34.864418,32.127062],[34.862734,32.129617],[34.865549,32.131608],[34.863326,32.132508],[34.862982,32.135938],[34.860404,32.136332],[34.859653,32.139213],[34.856268,32.142185],[34.85507,32.144439],[34.855087,32.14848],[34.86351,32.154122],[34.865526,32.153968],[34.865237,32.155356],[34.868529,32.155199],[34.867799,32.153787],[34.86886,32.150158],[34.872907,32.149671],[34.872299,32.153037],[34.870033,32.152989],[34.869907,32.153621],[34.872227,32.15345],[34.872484,32.157438],[34.874883,32.158396],[34.874752,32.162294],[34.889102,32.162695],[34.88881,32.163825],[34.889917,32.164207],[34.889783,32.167048],[34.891355,32.1671],[34.891558,32.1628],[34.896248,32.163563],[34.896231,32.162928],[34.897534,32.162898],[34.897166,32.171943],[34.906215,32.169854],[34.912035,32.16977],[34.928115,32.164048],[34.925026,32.161417],[34.926064,32.157383],[34.923037,32.154578],[34.918713,32.154204],[34.913779,32.146444]],[[34.89752,32.162108],[34.897531,32.162788],[34.89627,32.162841],[34.896259,32.162147],[34.89752,32.162108]]]},"properties":{"FID":52,"Muni_Heb":"הוד השרון","Muni_Eng":"Hod Hasharon","Sug_Muni":"עירייה","CR_PNIM":"9700","CR_LAMAS":"9700","Machoz":"מרכז","Hearot":"השכבה אינה סטטוטורית באופן מלא.","Eshkol_MPn":" ","Sign_Date":1649894400000,"Tikun1":null,"Tikun2":null,"Tikun3":null,"Tikun4":null,"Tikun5":null,"Tikun6":null,"Tikun7":null,"Tikun8":null,"Tikun9":null,"Tikun10":null,"Tikun11":null,"Tikun12":null,"Tikun13":null,"Tikun14":null,"Tikun15":null,"Precision_":"מקור וקטורי חתום","FIRST_Nafa":"פתח תקווה","LAST_Nafa2":" ","Shape_Leng":35578.1393904,"Shape_Area":19255091.2453,"Shape__Area":26937276.438476563,"Shape__Length":42082.401666523714}},{"type":"Feature","id":53,"geometry":{"type":"Polygon","coordinates":[[[35.237344,30.819443],[35.242427,30.816297],[35.245497,30.820668],[35.245263,30.825264],[35.246416,30.82889],[35.261457,30.828898],[35.260768,30.830522],[35.260882,30.838511],[35.281181,30.838471],[35.284394,30.820341],[35.282988,30.818936],[35.283835,30.815971],[35.282072,30.814212],[35.281611,30.808221],[35.279788,30.807241],[35.268821,30.808777],[35.26206,30.808319],[35.255113,30.804654],[35.248964,30.803959],[35.24349,30.798658],[35.241801,30.7956],[35.241086,30.788302],[35.243029,30.788271],[35.245366,30.790094],[35.251052,30.790326],[35.253991,30.789579],[35.267867,30.793014],[35.276773,30.797079],[35.282454,30.80353],[35.28594,30.80631],[35.293101,30.818684],[35.292192,30.831547],[35.293857,30.835627],[35.296915,30.838566],[35.302567,30.840415],[35.30442,30.845588],[35.309204,30.846245],[35.311053,30.847299],[35.313157,30.851955],[35.320835,30.854947],[35.326653,30.858446],[35.32824,30.857009],[35.327154,30.851769],[35.322442,30.844077],[35.321748,30.841691],[35.322091,30.839483],[35.32347,30.8362],[35.326162,30.832976],[35.328925,30.831303],[35.329959,30.828975],[35.333171,30.829722],[35.336768,30.819185],[35.340362,30.815612],[35.335821,30.799227],[35.322085,30.797004],[35.314882,30.790335],[35.31393,30.777422],[35.31229,30.769026],[35.308346,30.762833],[35.294588,30.762228],[35.294247,30.734297],[35.286262,30.722785],[35.293963,30.717973],[35.293686,30.712989],[35.29083,30.709399],[35.281885,30.710486],[35.27554,30.699218],[35.273965,30.690112],[35.268002,30.684395],[35.27066,30.680047],[35.262858,30.672548],[35.266149,30.668049],[35.263067,30.659091],[35.240754,30.63827],[35.22159,30.618732],[35.217798,30.604663],[35.203878,30.58235],[35.203583,30.547988],[35.194586,30.533374],[35.192841,30.49844],[35.18442,30.48008],[35.181423,30.471295],[35.161896,30.4408],[35.161913,30.418569],[35.164847,30.402837],[35.188028,30.357292],[35.191733,30.345827],[35.16342,30.31305],[35.154701,30.306681],[35.151306,30.297396],[35.134636,30.299255],[35.134172,30.295988],[35.129408,30.296323],[35.111859,30.289965],[35.112158,30.285627],[35.101111,30.282897],[35.098265,30.286565],[35.081468,30.285677],[35.071909,30.280351],[35.060333,30.276638],[35.048943,30.274465],[35.026475,30.274692],[35.020851,30.273134],[35.020213,30.276797],[35.007906,30.277167],[35.002028,30.278384],[34.966117,30.297517],[34.9646,30.303316],[34.967857,30.309044],[34.966361,30.311794],[34.966288,30.319204],[34.957128,30.320225],[34.955647,30.321139],[34.950954,30.332589],[34.948109,30.336376],[34.94918,30.342756],[34.959531,30.354268],[34.963328,30.36383],[34.962795,30.366444],[34.963797,30.366907],[34.961786,30.371531],[34.956371,30.376435],[34.951376,30.379304],[34.933583,30.467989],[34.935999,30.464008],[34.939277,30.462449],[34.944185,30.462902],[34.94854,30.462002],[34.954967,30.464085],[34.957228,30.466342],[34.95858,30.469902],[34.961432,30.472384],[34.963826,30.476411],[34.963558,30.478449],[34.96512,30.484006],[34.971798,30.492672],[34.972391,30.496375],[34.974261,30.497765],[34.969007,30.499955],[34.969959,30.502101],[34.973564,30.502693],[34.974402,30.504709],[34.971296,30.507449],[34.972673,30.509211],[34.972392,30.512238],[34.971356,30.513593],[34.969047,30.51324],[34.966882,30.514744],[34.962174,30.515459],[34.959245,30.51462],[34.953659,30.516949],[34.95123,30.514688],[34.951445,30.513577],[34.955547,30.512117],[34.956134,30.510197],[34.953451,30.509568],[34.948676,30.512034],[34.950263,30.512602],[34.949037,30.51328],[34.950606,30.513935],[34.945663,30.517114],[34.946063,30.520051],[34.947263,30.520666],[34.948895,30.520279],[34.949288,30.517772],[34.951016,30.515061],[34.953625,30.517456],[34.959405,30.515054],[34.962217,30.515908],[34.967058,30.515173],[34.969125,30.51369],[34.971289,30.514203],[34.973045,30.511563],[34.973192,30.509141],[34.971803,30.507557],[34.974807,30.504919],[34.980597,30.504446],[34.982775,30.505858],[34.982942,30.507533],[34.981059,30.509553],[34.97976,30.518014],[34.981231,30.521896],[34.980868,30.524405],[34.977309,30.527912],[34.973564,30.529797],[34.973171,30.532666],[34.974347,30.535683],[34.979983,30.54369],[34.988221,30.54896],[34.998501,30.569969],[35.003504,30.572853],[35.008072,30.573728],[35.009606,30.573001],[35.0212,30.576657],[35.026735,30.576407],[35.031133,30.573855],[35.033438,30.573423],[35.044771,30.575292],[35.047145,30.576123],[35.049174,30.577945],[35.055749,30.587909],[35.057373,30.592007],[35.056845,30.6006],[35.055203,30.604341],[35.052699,30.606949],[35.05284,30.608129],[35.056864,30.609679],[35.065351,30.607904],[35.067716,30.609892],[35.065045,30.621376],[35.067127,30.623277],[35.067194,30.624762],[35.056022,30.629035],[35.053675,30.631008],[35.052588,30.633412],[35.056131,30.635212],[35.059384,30.634328],[35.062441,30.635623],[35.062294,30.637256],[35.056593,30.641465],[35.055545,30.6442],[35.056234,30.645615],[35.060342,30.648417],[35.06502,30.649132],[35.068036,30.648735],[35.065234,30.658486],[35.033561,30.688682],[35.035934,30.688444],[35.030752,30.701171],[35.03334,30.720147],[35.019731,30.721791],[35.007472,30.721636],[35.001084,30.722716],[34.996526,30.72409],[34.994881,30.723841],[34.99129,30.727324],[34.992652,30.730491],[34.99593,30.731277],[34.99541,30.733383],[35.000687,30.742094],[34.999903,30.743747],[35.000251,30.745088],[34.997838,30.748924],[34.992063,30.750402],[34.99051,30.751942],[34.9874,30.752367],[34.986707,30.754702],[34.983469,30.758315],[34.983576,30.768011],[34.981492,30.767892],[34.977813,30.76539],[34.97725,30.767945],[34.974808,30.768846],[34.972641,30.771683],[34.972152,30.774372],[34.973247,30.776235],[34.972745,30.780565],[34.97724,30.788684],[34.976786,30.790878],[34.973987,30.79304],[34.972998,30.795408],[34.975795,30.801144],[34.968129,30.801964],[34.96253,30.806522],[34.959308,30.80687],[34.95869,30.810181],[34.957473,30.811242],[34.953333,30.811031],[34.952803,30.808088],[34.951998,30.807387],[34.950787,30.810559],[34.946214,30.815782],[34.944577,30.819062],[34.943038,30.819416],[34.942904,30.82028],[34.945249,30.820621],[34.95025,30.823457],[34.950469,30.826799],[34.95217,30.829115],[34.956769,30.828909],[34.95691,30.829948],[34.954458,30.831607],[34.954485,30.832646],[34.957516,30.833377],[34.960981,30.836325],[34.965579,30.836863],[34.965754,30.838314],[34.962873,30.840447],[34.962396,30.843078],[34.963992,30.843228],[34.965942,30.841851],[34.971445,30.842965],[34.972575,30.845736],[34.972057,30.854918],[34.974456,30.857526],[34.975883,30.863084],[34.979663,30.86476],[34.981858,30.868563],[34.987631,30.873492],[34.989255,30.876892],[34.993468,30.879636],[34.99912,30.881722],[34.999521,30.882914],[35.006848,30.88575],[35.009863,30.884648],[35.015243,30.884528],[35.017605,30.882827],[35.023675,30.887737],[35.024165,30.889148],[35.02334,30.890819],[35.026249,30.892068],[35.026157,30.895661],[35.030042,30.899056],[35.040263,30.901998],[35.045652,30.900386],[35.045992,30.904165],[35.049556,30.902965],[35.05696,30.907176],[35.060851,30.907817],[35.063347,30.911665],[35.063163,30.914391],[35.065934,30.913299],[35.06974,30.915899],[35.073577,30.915882],[35.077444,30.918459],[35.074071,30.921044],[35.072943,30.926084],[35.069651,30.927889],[35.068007,30.930864],[35.06495,30.930678],[35.058119,30.934113],[35.054545,30.932239],[35.053457,30.933603],[35.054408,30.936164],[35.049978,30.935087],[35.045962,30.93868],[35.043168,30.936622],[35.039194,30.939874],[35.039601,30.941465],[35.043309,30.941088],[35.044456,30.94418],[35.042797,30.946127],[35.039524,30.947099],[35.040172,30.952054],[35.046734,30.961202],[35.05592,30.967586],[35.055724,30.964044],[35.056488,30.962907],[35.085515,30.951207],[35.089114,30.950388],[35.099666,30.952138],[35.105847,30.943703],[35.108539,30.941673],[35.125044,30.933436],[35.126985,30.933371],[35.129533,30.931893],[35.133876,30.935117],[35.14096,30.934203],[35.143372,30.931055],[35.142333,30.927359],[35.143564,30.924847],[35.135993,30.924029],[35.133526,30.922997],[35.13262,30.920901],[35.133464,30.919251],[35.138801,30.918122],[35.136128,30.916391],[35.136227,30.914829],[35.13454,30.915924],[35.133928,30.915355],[35.134016,30.912492],[35.132355,30.910126],[35.133368,30.909356],[35.131714,30.909167],[35.132569,30.908549],[35.131304,30.908442],[35.132457,30.907268],[35.131419,30.907259],[35.132167,30.906763],[35.13084,30.906039],[35.131726,30.905692],[35.13025,30.905139],[35.131445,30.904851],[35.13138,30.90337],[35.129474,30.902505],[35.131505,30.899911],[35.134238,30.891551],[35.13883,30.889781],[35.138796,30.888015],[35.140872,30.886794],[35.146246,30.87939],[35.147416,30.873714],[35.148642,30.871583],[35.154365,30.866174],[35.160232,30.86321],[35.168899,30.857036],[35.176042,30.85554],[35.182129,30.851412],[35.199869,30.842868],[35.201478,30.841506],[35.201758,30.838977],[35.20279,30.837971],[35.216014,30.834116],[35.224761,30.829638],[35.228613,30.82517],[35.237344,30.819443]]]},"properties":{"FID":53,"Muni_Heb":"הערבה התיכונה","Muni_Eng":"Ha'arava Hatihona","Sug_Muni":"מועצה אזורית","CR_PNIM":"5554","CR_LAMAS":" ","Machoz":"דרום","Hearot":"השכבה אינה סטטוטורית באופן מלא.","Eshkol_MPn":"אשכול רשויות נגב מזרחי","Sign_Date":1530057600000,"Tikun1":null,"Tikun2":null,"Tikun3":null,"Tikun4":null,"Tikun5":null,"Tikun6":null,"Tikun7":null,"Tikun8":null,"Tikun9":null,"Tikun10":null,"Tikun11":null,"Tikun12":null,"Tikun13":null,"Tikun14":null,"Tikun15":null,"Precision_":"מקור וקטורי חתום","FIRST_Nafa":"באר שבע","LAST_Nafa2":" ","Shape_Leng":283534.024756,"Shape_Area":1538139822.81,"Shape__Area":2083396854.6953125,"Shape__Length":330226.66951440554}},{"type":"Feature","id":54,"geometry":{"type":"Polygon","coordinates":[[[34.812774,32.151318],[34.815367,32.158241],[34.813326,32.158697],[34.80917,32.152797],[34.806694,32.153376],[34.804043,32.148989],[34.802433,32.144021],[34.787643,32.146965],[34.790149,32.154795],[34.789234,32.163768],[34.796206,32.17454],[34.805596,32.202905],[34.812278,32.201207],[34.811018,32.198513],[34.818458,32.195992],[34.815261,32.184625],[34.81593,32.180132],[34.818443,32.179759],[34.818455,32.177797],[34.819822,32.177746],[34.819503,32.177277],[34.825207,32.178906],[34.829116,32.17843],[34.829094,32.179901],[34.832905,32.179452],[34.834138,32.181307],[34.834794,32.189726],[34.836916,32.189463],[34.837211,32.186421],[34.842601,32.185931],[34.848511,32.181187],[34.856911,32.177716],[34.856874,32.17265],[34.864431,32.170941],[34.862949,32.16475],[34.864596,32.158984],[34.861567,32.158985],[34.860295,32.153707],[34.862488,32.153475],[34.855397,32.148642],[34.8495,32.148965],[34.833689,32.154099],[34.835072,32.15959],[34.828878,32.160577],[34.826217,32.160222],[34.824574,32.155433],[34.821822,32.155692],[34.820952,32.153097],[34.819596,32.151788],[34.816653,32.152375],[34.816089,32.150323],[34.812774,32.151318]]]},"properties":{"FID":54,"Muni_Heb":"הרצליה","Muni_Eng":"Hertseliya","Sug_Muni":"עירייה","CR_PNIM":"6400","CR_LAMAS":"6400","Machoz":"תל אביב","Hearot":"השכבה אינה סטטוטורית באופן מלא.","Eshkol_MPn":" ","Sign_Date":1672012800000,"Tikun1":null,"Tikun2":null,"Tikun3":null,"Tikun4":null,"Tikun5":null,"Tikun6":null,"Tikun7":null,"Tikun8":null,"Tikun9":null,"Tikun10":null,"Tikun11":null,"Tikun12":null,"Tikun13":null,"Tikun14":null,"Tikun15":null,"Precision_":"מקור וקטורי חתום","FIRST_Nafa":"תל אביב - יפו","LAST_Nafa2":" ","Shape_Leng":31477.3834262,"Shape_Area":24190365.7515,"Shape__Area":33856796.666992188,"Shape__Length":37252.584155328237}},{"type":"Feature","id":55,"geometry":{"type":"Polygon","coordinates":[[[34.981139,32.601384],[34.986791,32.59803],[34.986234,32.597526],[34.989644,32.593046],[34.989667,32.590452],[34.985741,32.589589],[34.991748,32.585674],[34.993988,32.587379],[34.99517,32.58662],[34.997119,32.587427],[34.998061,32.586479],[34.998133,32.583942],[34.9992,32.584079],[35.000067,32.582007],[35.001331,32.581819],[35.001841,32.579973],[35.002638,32.579965],[35.00307,32.577102],[34.997427,32.575195],[34.995397,32.575235],[34.995401,32.572681],[34.99429,32.571127],[34.99657,32.569462],[34.994686,32.56713],[34.995316,32.566048],[34.996779,32.565858],[34.995237,32.563506],[34.997705,32.56209],[34.998753,32.560213],[34.995826,32.558292],[34.997907,32.554044],[34.997045,32.553062],[34.997544,32.552577],[34.995624,32.552027],[34.994968,32.549561],[34.994077,32.548899],[34.989762,32.547743],[34.986971,32.543918],[34.985913,32.540686],[34.987899,32.537985],[34.992236,32.53938],[34.994861,32.53915],[34.994003,32.538314],[34.991656,32.538265],[34.991046,32.537087],[34.987199,32.53635],[34.982552,32.532685],[34.979522,32.532569],[34.975815,32.530892],[34.969248,32.526327],[34.96604,32.526521],[34.966296,32.528516],[34.963239,32.528218],[34.960874,32.529487],[34.956223,32.529498],[34.956991,32.535557],[34.954481,32.54047],[34.956031,32.54349],[34.959779,32.545504],[34.961318,32.54801],[34.956227,32.553477],[34.953136,32.555432],[34.954731,32.558107],[34.953362,32.560373],[34.947931,32.562152],[34.942253,32.560236],[34.937355,32.559897],[34.94042,32.564684],[34.939643,32.566348],[34.941125,32.566545],[34.94337,32.568822],[34.940891,32.570772],[34.938552,32.568732],[34.93899,32.571572],[34.937913,32.571629],[34.933551,32.561712],[34.932354,32.56203],[34.933033,32.565837],[34.931896,32.571448],[34.937374,32.571367],[34.937803,32.57284],[34.934337,32.573687],[34.934629,32.574574],[34.938208,32.574006],[34.940757,32.580525],[34.936593,32.582462],[34.934745,32.578543],[34.933315,32.579027],[34.932844,32.580388],[34.931989,32.579086],[34.929626,32.579137],[34.929535,32.581167],[34.928503,32.58107],[34.92782,32.582997],[34.93421,32.582861],[34.934854,32.586645],[34.94305,32.583138],[34.944965,32.583834],[34.935191,32.588674],[34.936516,32.590948],[34.93556,32.591214],[34.936061,32.594932],[34.93999,32.593237],[34.939932,32.592407],[34.94573,32.590076],[34.948261,32.591672],[34.952854,32.591463],[34.955089,32.587833],[34.957565,32.586197],[34.958063,32.587394],[34.958762,32.586819],[34.9609,32.588663],[34.962474,32.595121],[34.967003,32.599501],[34.969674,32.599023],[34.969935,32.597884],[34.967251,32.597011],[34.969498,32.594799],[34.967874,32.594378],[34.968449,32.593485],[34.966601,32.592376],[34.966853,32.588598],[34.970457,32.589137],[34.972621,32.583942],[34.973521,32.584963],[34.974069,32.589735],[34.974769,32.589718],[34.973958,32.592],[34.972361,32.592424],[34.972088,32.595109],[34.972886,32.595267],[34.971055,32.598048],[34.972102,32.599392],[34.972016,32.603846],[34.975041,32.602969],[34.979143,32.599894],[34.981139,32.601384]]]},"properties":{"FID":55,"Muni_Heb":"זכרון יעקב","Muni_Eng":"Zih'ron Ya'akov","Sug_Muni":"מועצה מקומית","CR_PNIM":"9300","CR_LAMAS":"9300","Machoz":"חיפה","Hearot":"השכבה אינה סטטוטורית באופן מלא.","Eshkol_MPn":" ","Sign_Date":1215993600000,"Tikun1":null,"Tikun2":null,"Tikun3":null,"Tikun4":null,"Tikun5":null,"Tikun6":null,"Tikun7":null,"Tikun8":null,"Tikun9":null,"Tikun10":null,"Tikun11":null,"Tikun12":null,"Tikun13":null,"Tikun14":null,"Tikun15":null,"Precision_":"מקור וקטורי חתום","FIRST_Nafa":"חדרה","LAST_Nafa2":" ","Shape_Leng":48044.059167,"Shape_Area":31526389.7544,"Shape__Area":44511830.801757813,"Shape__Length":57098.685822516949}},{"type":"Feature","id":56,"geometry":{"type":"Polygon","coordinates":[[[35.022934,32.353786],[35.021074,32.355213],[35.019311,32.355251],[35.020723,32.357655],[35.020268,32.359236],[35.015447,32.358871],[35.014318,32.370924],[35.0152,32.374799],[35.0177,32.375105],[35.023668,32.37345],[35.025111,32.376015],[35.027673,32.3725],[35.029229,32.372192],[35.028784,32.373472],[35.030138,32.374325],[35.029955,32.375378],[35.031955,32.37615],[35.039092,32.376696],[35.042204,32.377804],[35.049462,32.376299],[35.051447,32.367439],[35.050408,32.365029],[35.050847,32.364277],[35.048696,32.359839],[35.045642,32.358685],[35.044527,32.359064],[35.043674,32.357429],[35.041417,32.3558],[35.041009,32.353843],[35.042205,32.351523],[35.041479,32.349958],[35.03542,32.346854],[35.028588,32.346885],[35.025042,32.353018],[35.022934,32.353786]]]},"properties":{"FID":56,"Muni_Heb":"זמר","Muni_Eng":"Zemer","Sug_Muni":"מועצה מקומית","CR_PNIM":"1290","CR_LAMAS":"1290","Machoz":"מרכז","Hearot":"השכבה אינה סטטוטורית באופן מלא.","Eshkol_MPn":" ","Sign_Date":1644969600000,"Tikun1":null,"Tikun2":null,"Tikun3":null,"Tikun4":null,"Tikun5":null,"Tikun6":null,"Tikun7":null,"Tikun8":null,"Tikun9":null,"Tikun10":null,"Tikun11":null,"Tikun12":null,"Tikun13":null,"Tikun14":null,"Tikun15":null,"Precision_":"מקור וקטורי חתום","FIRST_Nafa":"השרון","LAST_Nafa2":" ","Shape_Leng":13359.6167238,"Shape_Area":8330110.73578,"Shape__Area":11708937.661132813,"Shape__Length":15841.597470108158}},{"type":"Feature","id":57,"geometry":{"type":"Polygon","coordinates":[[[35.237105,32.725661],[35.232851,32.726236],[35.230621,32.724517],[35.224626,32.723462],[35.223392,32.721818],[35.226414,32.720683],[35.229176,32.718365],[35.231149,32.720245],[35.23426,32.718174],[35.231638,32.714931],[35.231985,32.714443],[35.229555,32.714435],[35.230403,32.713224],[35.229531,32.710747],[35.222823,32.713534],[35.21921,32.713626],[35.218215,32.713443],[35.218484,32.712557],[35.215054,32.711819],[35.214662,32.71272],[35.213613,32.712332],[35.213061,32.70893],[35.211975,32.708959],[35.213058,32.714583],[35.216368,32.714019],[35.218662,32.715768],[35.218611,32.717529],[35.216743,32.719307],[35.218983,32.720523],[35.2103,32.726354],[35.20939,32.73137],[35.211891,32.733349],[35.214254,32.732622],[35.217104,32.733139],[35.219008,32.735764],[35.217824,32.737452],[35.220743,32.73707],[35.22059,32.735898],[35.23052,32.736695],[35.231571,32.733937],[35.236527,32.730613],[35.237889,32.72711],[35.237105,32.725661]]]},"properties":{"FID":57,"Muni_Heb":"זרזיר","Muni_Eng":"Zarzir","Sug_Muni":"מועצה מקומית","CR_PNIM":"0975","CR_LAMAS":"975","Machoz":"צפון","Hearot":"השכבה אינה סטטוטורית באופן מלא.","Eshkol_MPn":" ","Sign_Date":1608508800000,"Tikun1":null,"Tikun2":null,"Tikun3":null,"Tikun4":null,"Tikun5":null,"Tikun6":null,"Tikun7":null,"Tikun8":null,"Tikun9":null,"Tikun10":null,"Tikun11":null,"Tikun12":null,"Tikun13":null,"Tikun14":null,"Tikun15":null,"Precision_":"מקור וקטורי חתום","FIRST_Nafa":"יזרעאל","LAST_Nafa2":" ","Shape_Leng":14688.9953435,"Shape_Area":4310241.91076,"Shape__Area":6107087.1162109375,"Shape__Length":17480.269578561638}},{"type":"Feature","id":58,"geometry":{"type":"Polygon","coordinates":[[[34.882284,32.408419],[34.879529,32.409795],[34.872796,32.410049],[34.870985,32.41127],[34.870498,32.41083],[34.864476,32.412379],[34.873092,32.437926],[34.87886,32.462656],[34.878509,32.463324],[34.862407,32.463783],[34.862359,32.47686],[34.886525,32.476844],[34.896489,32.475021],[34.904013,32.478146],[34.907619,32.471675],[34.914647,32.469972],[34.915839,32.473205],[34.920854,32.47187],[34.921275,32.463813],[34.923657,32.462877],[34.928723,32.462377],[34.940323,32.463463],[34.942821,32.464554],[34.941902,32.460315],[34.946103,32.452871],[34.943628,32.451888],[34.945119,32.450706],[34.945984,32.44834],[34.948586,32.44802],[34.949572,32.44633],[34.951127,32.446744],[34.950169,32.445971],[34.953607,32.440509],[34.94715,32.441478],[34.946034,32.437494],[34.947574,32.437936],[34.950325,32.436691],[34.953318,32.437125],[34.959684,32.435235],[34.9594,32.434087],[34.960315,32.433496],[34.959888,32.431538],[34.96306,32.430834],[34.961809,32.429307],[34.961118,32.42553],[34.958271,32.425925],[34.958252,32.425339],[34.963118,32.418918],[34.965675,32.418318],[34.976457,32.419688],[34.977673,32.415046],[34.978626,32.405463],[34.977955,32.403384],[34.960472,32.405583],[34.947491,32.40812],[34.947285,32.408895],[34.933727,32.409641],[34.933567,32.411127],[34.92168,32.412732],[34.912741,32.411533],[34.91027,32.403682],[34.882284,32.408419]]]},"properties":{"FID":58,"Muni_Heb":"חדרה","Muni_Eng":"Hadera","Sug_Muni":"עירייה","CR_PNIM":"6500","CR_LAMAS":"6500","Machoz":"חיפה","Hearot":"השכבה אינה סטטוטורית באופן מלא.","Eshkol_MPn":" ","Sign_Date":1506384000000,"Tikun1":null,"Tikun2":null,"Tikun3":null,"Tikun4":null,"Tikun5":null,"Tikun6":null,"Tikun7":null,"Tikun8":null,"Tikun9":null,"Tikun10":null,"Tikun11":null,"Tikun12":null,"Tikun13":null,"Tikun14":null,"Tikun15":null,"Precision_":"מקור וקטורי חתום","FIRST_Nafa":"חדרה","LAST_Nafa2":" ","Shape_Leng":42134.3117234,"Shape_Area":56275404.8986,"Shape__Area":79228369.026367188,"Shape__Length":49974.886183587922}},{"type":"Feature","id":59,"geometry":{"type":"Polygon","coordinates":[[[34.814789,32.009956],[34.811761,32.006594],[34.807382,31.994278],[34.799981,31.995947],[34.798601,31.991979],[34.796366,31.988712],[34.779545,31.990915],[34.764978,31.9967],[34.761763,31.99283],[34.758341,31.994978],[34.759289,32.001361],[34.7553,32.002008],[34.755759,32.005628],[34.756826,32.005747],[34.757674,32.008113],[34.761133,32.007432],[34.761784,32.010262],[34.761809,32.018268],[34.759442,32.033368],[34.759883,32.036305],[34.765519,32.036234],[34.774409,32.032777],[34.778115,32.03866],[34.778989,32.038177],[34.774352,32.030528],[34.774429,32.028883],[34.782438,32.027343],[34.785408,32.023216],[34.789226,32.021866],[34.791354,32.025573],[34.792883,32.031579],[34.800572,32.02588],[34.798992,32.025798],[34.803904,32.021693],[34.804635,32.022294],[34.805344,32.021734],[34.814789,32.009956]]]},"properties":{"FID":59,"Muni_Heb":"חולון","Muni_Eng":"Holon","Sug_Muni":"עירייה","CR_PNIM":"6600","CR_LAMAS":"6600","Machoz":"תל אביב","Hearot":"השכבה אינה סטטוטורית באופן מלא.","Eshkol_MPn":" ","Sign_Date":1372118400000,"Tikun1":null,"Tikun2":null,"Tikun3":null,"Tikun4":null,"Tikun5":null,"Tikun6":null,"Tikun7":null,"Tikun8":null,"Tikun9":null,"Tikun10":null,"Tikun11":null,"Tikun12":null,"Tikun13":null,"Tikun14":null,"Tikun15":null,"Precision_":"מקור וקטורי חתום","FIRST_Nafa":"תל אביב - יפו","LAST_Nafa2":" ","Shape_Leng":22953.610954,"Shape_Area":19041690.4081,"Shape__Area":26559485.7265625,"Shape__Length":27117.929865783888}},{"type":"Feature","id":60,"geometry":{"type":"Polygon","coordinates":[[[34.685087,31.614422],[34.68022,31.611013],[34.678983,31.609145],[34.68405,31.606454],[34.682608,31.604899],[34.686251,31.60368],[34.685804,31.60186],[34.689214,31.60143],[34.689115,31.59826],[34.687094,31.596623],[34.68841,31.59253],[34.683749,31.589776],[34.682365,31.585881],[34.680327,31.586587],[34.677488,31.5851],[34.674206,31.584992],[34.6705,31.58605],[34.667511,31.58374],[34.666495,31.581427],[34.667149,31.578413],[34.666389,31.576475],[34.663534,31.574963],[34.659807,31.571275],[34.646325,31.568348],[34.643184,31.569187],[34.643698,31.570113],[34.642924,31.572384],[34.641048,31.57293],[34.640004,31.572339],[34.630971,31.576011],[34.626262,31.574047],[34.625882,31.569653],[34.625338,31.570503],[34.623099,31.570019],[34.619485,31.570605],[34.617509,31.571062],[34.618379,31.572223],[34.617155,31.573008],[34.617807,31.573665],[34.613761,31.577647],[34.613367,31.57957],[34.610963,31.580717],[34.607307,31.580116],[34.602792,31.582196],[34.600867,31.581594],[34.598673,31.578321],[34.596022,31.576656],[34.595311,31.574723],[34.595591,31.571728],[34.592953,31.572595],[34.592916,31.570441],[34.585365,31.572229],[34.581016,31.572089],[34.575174,31.574124],[34.574008,31.575409],[34.566211,31.565892],[34.563802,31.56518],[34.560674,31.567243],[34.553667,31.569085],[34.551583,31.571256],[34.548302,31.572542],[34.546568,31.570774],[34.542452,31.570579],[34.542642,31.566065],[34.545598,31.566196],[34.546113,31.563531],[34.547324,31.562732],[34.546685,31.561469],[34.552847,31.557676],[34.549432,31.553993],[34.512959,31.580325],[34.49387,31.593534],[34.487938,31.59681],[34.510598,31.628803],[34.509562,31.629103],[34.510151,31.629799],[34.518337,31.625708],[34.520093,31.627748],[34.533985,31.619693],[34.539421,31.624935],[34.534028,31.628078],[34.551215,31.628332],[34.557275,31.629113],[34.568987,31.636278],[34.580193,31.64076],[34.589826,31.634991],[34.59237,31.640652],[34.592799,31.644114],[34.595109,31.648683],[34.599638,31.655575],[34.606587,31.662065],[34.606936,31.670234],[34.609975,31.676278],[34.609407,31.68421],[34.61427,31.695067],[34.611799,31.696383],[34.609766,31.69633],[34.608381,31.693204],[34.607347,31.693846],[34.60429,31.692607],[34.602869,31.695676],[34.597743,31.698611],[34.60255,31.701187],[34.609589,31.702721],[34.609039,31.705744],[34.609574,31.706352],[34.607139,31.707667],[34.608476,31.708957],[34.606682,31.710068],[34.602765,31.707054],[34.602081,31.705436],[34.597349,31.702201],[34.593335,31.701406],[34.59335,31.706372],[34.591087,31.709383],[34.588502,31.709308],[34.588894,31.71028],[34.586984,31.711736],[34.584209,31.712469],[34.584727,31.713136],[34.583687,31.714311],[34.576875,31.717783],[34.602564,31.758702],[34.6114,31.755206],[34.61548,31.752888],[34.61701,31.750726],[34.618317,31.751652],[34.629032,31.747569],[34.632249,31.744925],[34.633743,31.744701],[34.635808,31.742408],[34.639598,31.741835],[34.64489,31.739583],[34.641062,31.733059],[34.64892,31.727974],[34.646955,31.724451],[34.645199,31.718301],[34.64964,31.714907],[34.643715,31.710346],[34.6477,31.698949],[34.649996,31.694657],[34.650556,31.688452],[34.653822,31.682852],[34.652177,31.682287],[34.652423,31.678789],[34.654933,31.679516],[34.65647,31.678857],[34.654349,31.675774],[34.652531,31.676198],[34.654854,31.672988],[34.654823,31.670419],[34.65929,31.669147],[34.660361,31.670892],[34.661423,31.670878],[34.664597,31.668792],[34.66447,31.667874],[34.661802,31.668487],[34.660966,31.667774],[34.662556,31.666308],[34.660824,31.666294],[34.661947,31.662672],[34.664214,31.661599],[34.664841,31.659795],[34.66301,31.653823],[34.657458,31.65586],[34.655301,31.648956],[34.663254,31.648512],[34.663985,31.643777],[34.663253,31.638408],[34.675342,31.634621],[34.676268,31.635458],[34.678363,31.635406],[34.675821,31.630432],[34.67987,31.626489],[34.677224,31.624258],[34.681194,31.622241],[34.684943,31.616336],[34.685652,31.614854],[34.685087,31.614422]]]},"properties":{"FID":60,"Muni_Heb":"חוף אשקלון","Muni_Eng":"Hof Ashkelon","Sug_Muni":"מועצה אזורית","CR_PNIM":"5536","CR_LAMAS":" ","Machoz":"דרום","Hearot":"השכבה אינה סטטוטורית באופן מלא.","Eshkol_MPn":" ","Sign_Date":1531872000000,"Tikun1":null,"Tikun2":null,"Tikun3":null,"Tikun4":null,"Tikun5":null,"Tikun6":null,"Tikun7":null,"Tikun8":null,"Tikun9":null,"Tikun10":null,"Tikun11":null,"Tikun12":null,"Tikun13":null,"Tikun14":null,"Tikun15":null,"Precision_":"מקור וקטורי חתום","FIRST_Nafa":"אשקלון","LAST_Nafa2":" ","Shape_Leng":96738.0365424,"Shape_Area":180647273.34,"Shape__Area":249937271.234375,"Shape__Length":113797.65701911171}},{"type":"Feature","id":61,"geometry":{"type":"Polygon","coordinates":[[[35.04828,32.611717],[35.040329,32.604102],[35.032646,32.604392],[35.027996,32.603027],[35.027486,32.599195],[35.029537,32.597515],[35.033479,32.599872],[35.034453,32.599197],[35.033338,32.598095],[35.033765,32.596928],[35.031253,32.595296],[35.033104,32.593091],[35.034644,32.592767],[35.035041,32.593341],[35.03638,32.591494],[35.031422,32.592833],[35.030047,32.591387],[35.032195,32.587451],[35.030301,32.585569],[35.030423,32.584823],[35.026575,32.58557],[35.017821,32.579773],[35.015237,32.580425],[35.013436,32.583617],[35.013447,32.585665],[35.011222,32.586346],[35.010252,32.585386],[35.01099,32.584189],[35.007372,32.581422],[35.001841,32.579973],[35.001331,32.581819],[35.000067,32.582007],[34.9992,32.584079],[34.998133,32.583942],[34.998061,32.586479],[34.996764,32.587669],[34.99517,32.58662],[34.993988,32.587379],[34.991748,32.585674],[34.985741,32.589589],[34.989667,32.590452],[34.989644,32.593046],[34.986234,32.597526],[34.986791,32.59803],[34.981139,32.601384],[34.979143,32.599894],[34.972232,32.604089],[34.972102,32.599392],[34.971055,32.598048],[34.972886,32.595267],[34.972088,32.595109],[34.972361,32.592424],[34.973958,32.592],[34.974769,32.589718],[34.974069,32.589735],[34.973521,32.584963],[34.972312,32.583837],[34.970457,32.589137],[34.966894,32.588581],[34.96667,32.589966],[34.966601,32.592376],[34.968449,32.593485],[34.967874,32.594378],[34.969498,32.594799],[34.967251,32.597011],[34.969935,32.597884],[34.969674,32.599023],[34.966126,32.599564],[34.970606,32.602534],[34.970566,32.604034],[34.966233,32.603635],[34.966359,32.60465],[34.964047,32.604884],[34.960527,32.603121],[34.958827,32.600581],[34.956528,32.601464],[34.956491,32.604152],[34.955271,32.605656],[34.95462,32.610202],[34.953462,32.610347],[34.951781,32.603306],[34.950115,32.604093],[34.940816,32.60419],[34.938219,32.605321],[34.93556,32.591214],[34.936516,32.590948],[34.935191,32.588674],[34.944965,32.583834],[34.94305,32.583138],[34.934854,32.586645],[34.93421,32.582861],[34.92782,32.582997],[34.928503,32.58107],[34.929535,32.581167],[34.929626,32.579137],[34.931989,32.579086],[34.932844,32.580388],[34.933315,32.579027],[34.934745,32.578543],[34.936593,32.582462],[34.940757,32.580525],[34.938208,32.574006],[34.934629,32.574574],[34.934337,32.573687],[34.937803,32.57284],[34.937374,32.571367],[34.931896,32.571448],[34.933033,32.565837],[34.932354,32.56203],[34.933551,32.561712],[34.937913,32.571629],[34.93899,32.571572],[34.938552,32.568732],[34.940891,32.570772],[34.94337,32.568822],[34.941125,32.566545],[34.939643,32.566348],[34.94042,32.564684],[34.937355,32.559897],[34.938136,32.558562],[34.937815,32.556307],[34.933859,32.552007],[34.933617,32.549743],[34.935224,32.547623],[34.934876,32.544611],[34.935718,32.543593],[34.934763,32.537649],[34.936588,32.535562],[34.934694,32.53453],[34.938548,32.53082],[34.934687,32.531108],[34.933564,32.52345],[34.921104,32.524028],[34.91449,32.523115],[34.911806,32.511058],[34.918033,32.496327],[34.918532,32.493191],[34.917145,32.488698],[34.913045,32.484339],[34.904675,32.476957],[34.904013,32.478146],[34.896489,32.475021],[34.886525,32.476844],[34.88178,32.476848],[34.884356,32.484545],[34.884601,32.504176],[34.891227,32.510417],[34.893793,32.518161],[34.895721,32.532455],[34.907439,32.531358],[34.91537,32.529711],[34.916297,32.542326],[34.915546,32.547514],[34.912042,32.545569],[34.907349,32.53845],[34.903703,32.538419],[34.897894,32.541762],[34.900141,32.544791],[34.899136,32.545131],[34.902752,32.560211],[34.903795,32.560032],[34.90969,32.584604],[34.913016,32.605333],[34.910703,32.617095],[34.91514,32.623991],[34.918082,32.648207],[34.922332,32.65387],[34.924929,32.674359],[34.922117,32.680318],[34.92331,32.699606],[34.928009,32.702517],[34.928421,32.709524],[34.936235,32.709905],[34.938229,32.711995],[34.943645,32.733245],[34.947927,32.767953],[34.955661,32.767286],[34.956808,32.77263],[34.962929,32.772333],[34.961103,32.75896],[34.96187,32.754226],[34.96437,32.747603],[34.967801,32.748018],[34.969744,32.750692],[34.97385,32.750877],[34.969791,32.742438],[34.971192,32.742289],[34.970514,32.741467],[34.971352,32.740216],[34.971009,32.738438],[34.972655,32.73781],[34.970754,32.737651],[34.970619,32.735595],[34.970067,32.735542],[34.970515,32.731744],[34.972154,32.73087],[34.970757,32.729679],[34.970946,32.728421],[34.972454,32.727688],[34.974058,32.729775],[34.978082,32.730225],[34.983139,32.732159],[34.981956,32.738828],[34.985997,32.741781],[34.991446,32.742393],[34.996701,32.73836],[34.996725,32.742852],[34.995684,32.743722],[34.996706,32.745728],[34.996056,32.74597],[34.99861,32.750075],[35.004485,32.752266],[35.006747,32.75041],[35.008906,32.741311],[35.005242,32.739664],[35.007124,32.737795],[35.006444,32.73621],[35.007227,32.734919],[35.008934,32.73387],[35.013354,32.735024],[35.014407,32.732577],[35.022834,32.735646],[35.024296,32.735015],[35.023541,32.733633],[35.024435,32.73243],[35.023063,32.732038],[35.021164,32.732763],[35.023472,32.734884],[35.022817,32.735493],[35.017122,32.733003],[35.015105,32.733282],[35.014497,32.732493],[35.010019,32.731738],[35.010908,32.730453],[35.009973,32.729734],[35.009699,32.728073],[35.01207,32.729247],[35.01212,32.72825],[35.015501,32.727206],[35.016589,32.730578],[35.01998,32.727047],[35.021319,32.72639],[35.022939,32.72672],[35.024332,32.724461],[35.023921,32.723881],[35.021606,32.723744],[35.021445,32.724784],[35.020397,32.724046],[35.019437,32.726335],[35.014536,32.725446],[35.01431,32.726476],[35.01119,32.725401],[35.010397,32.72616],[35.010113,32.72525],[35.006944,32.724707],[35.006716,32.725743],[35.005999,32.725131],[35.004524,32.725711],[35.00298,32.725178],[35.002142,32.723444],[34.998866,32.722471],[35.000749,32.719678],[35.000072,32.716348],[35.00177,32.715139],[34.999438,32.71162],[34.999531,32.708928],[35.003609,32.707981],[35.005442,32.705624],[35.007344,32.704875],[35.01197,32.704448],[35.010459,32.706546],[35.007508,32.706865],[35.007599,32.708323],[35.008521,32.708554],[35.009783,32.707596],[35.010769,32.708251],[35.011445,32.707171],[35.010518,32.706659],[35.012063,32.704479],[35.014645,32.704797],[35.013933,32.702484],[35.016057,32.702337],[35.016228,32.699499],[35.015366,32.699132],[35.015898,32.693602],[35.017251,32.693471],[35.017063,32.692535],[35.019187,32.691843],[35.019577,32.690096],[35.017813,32.689821],[35.010558,32.683454],[35.007828,32.684241],[35.003027,32.682499],[35.003136,32.680798],[35.006051,32.679705],[35.004915,32.679032],[35.006722,32.677458],[35.008733,32.677441],[35.010365,32.673341],[35.010933,32.673886],[35.010453,32.675167],[35.013489,32.676993],[35.012114,32.675555],[35.01273,32.673942],[35.012069,32.673913],[35.012205,32.671819],[35.015115,32.669634],[35.017687,32.670324],[35.018704,32.669874],[35.015376,32.665129],[35.013051,32.664778],[35.011803,32.662767],[35.012228,32.661884],[35.010075,32.660063],[35.010644,32.658741],[35.011537,32.658944],[35.010939,32.658439],[35.012194,32.656355],[35.014336,32.655731],[35.018802,32.657936],[35.020282,32.657471],[35.023484,32.658517],[35.024771,32.656871],[35.02502,32.654766],[35.026215,32.654577],[35.028159,32.656417],[35.035801,32.656755],[35.034561,32.654244],[35.039761,32.65052],[35.036518,32.649573],[35.035891,32.648124],[35.0374,32.647169],[35.03977,32.647175],[35.040978,32.645522],[35.044736,32.645715],[35.044759,32.643778],[35.046946,32.639235],[35.0505,32.634766],[35.051853,32.635032],[35.052008,32.633958],[35.043874,32.630254],[35.043877,32.62684],[35.05353,32.625026],[35.058123,32.622911],[35.055346,32.619598],[35.051096,32.616491],[35.04828,32.611717]]]},"properties":{"FID":61,"Muni_Heb":"חוף הכרמל","Muni_Eng":"Hof Hacarmel","Sug_Muni":"מועצה אזורית","CR_PNIM":"5515","CR_LAMAS":" ","Machoz":"חיפה","Hearot":"השכבה אינה סטטוטורית באופן מלא.","Eshkol_MPn":" ","Sign_Date":1490572800000,"Tikun1":null,"Tikun2":null,"Tikun3":null,"Tikun4":null,"Tikun5":null,"Tikun6":null,"Tikun7":null,"Tikun8":null,"Tikun9":null,"Tikun10":null,"Tikun11":null,"Tikun12":null,"Tikun13":null,"Tikun14":null,"Tikun15":null,"Precision_":"מקור וקטורי חתום","FIRST_Nafa":"חדרה","LAST_Nafa2":" ","Shape_Leng":152474.637776,"Shape_Area":194872077.677,"Shape__Area":275569114.94921875,"Shape__Length":181397.97347849089}},{"type":"Feature","id":62,"geometry":{"type":"Polygon","coordinates":[[[34.962645,31.304153],[34.964988,31.302135],[34.963601,31.300043],[34.961005,31.298634],[34.95519,31.297377],[34.950712,31.298537],[34.947988,31.293599],[34.948502,31.288883],[34.947575,31.286256],[34.942748,31.278941],[34.940048,31.277185],[34.932828,31.283128],[34.929088,31.287884],[34.921114,31.293702],[34.916167,31.299273],[34.917509,31.30215],[34.925052,31.30853],[34.938033,31.314301],[34.940602,31.310592],[34.942289,31.310517],[34.95273,31.304265],[34.958674,31.302811],[34.962645,31.304153]]]},"properties":{"FID":62,"Muni_Heb":"חורה","Muni_Eng":"Hura","Sug_Muni":"מועצה מקומית","CR_PNIM":"1303","CR_LAMAS":"1303","Machoz":"דרום","Hearot":"השכבה אינה סטטוטורית באופן מלא.","Eshkol_MPn":"אשכול רשויות נגב מזרחי","Sign_Date":1530057600000,"Tikun1":null,"Tikun2":null,"Tikun3":null,"Tikun4":null,"Tikun5":null,"Tikun6":null,"Tikun7":null,"Tikun8":null,"Tikun9":null,"Tikun10":null,"Tikun11":null,"Tikun12":null,"Tikun13":null,"Tikun14":null,"Tikun15":null,"Precision_":"מקור וקטורי חתום","FIRST_Nafa":"באר שבע","LAST_Nafa2":" ","Shape_Leng":13701.9028959,"Shape_Area":8737974.09272,"Shape__Area":12004224.821289063,"Shape__Length":16057.419177451779}},{"type":"Feature","id":63,"geometry":{"type":"Polygon","coordinates":[[[35.339363,33.033012],[35.346339,33.03581],[35.349041,33.034787],[35.352899,33.035018],[35.354148,33.033601],[35.356629,33.033645],[35.357331,33.031036],[35.356507,33.025993],[35.358784,33.024992],[35.35712,33.02206],[35.360198,33.019751],[35.361656,33.020111],[35.362281,33.018693],[35.361036,33.017526],[35.362852,33.016977],[35.36315,33.015691],[35.365087,33.014651],[35.362484,33.014035],[35.361573,33.011805],[35.357568,33.007992],[35.355121,33.01017],[35.354655,33.009028],[35.354611,33.011228],[35.348065,33.011125],[35.347431,33.012686],[35.344967,33.014093],[35.343684,33.013168],[35.342713,33.009042],[35.339056,33.010489],[35.337022,33.012675],[35.332882,33.011901],[35.331113,33.01234],[35.329991,33.016979],[35.33791,33.017108],[35.338023,33.017645],[35.334979,33.018524],[35.333857,33.019614],[35.326679,33.021262],[35.326622,33.022297],[35.329883,33.023735],[35.33279,33.022644],[35.333222,33.023033],[35.33096,33.025207],[35.335473,33.028424],[35.338891,33.026884],[35.339363,33.033012]]]},"properties":{"FID":63,"Muni_Heb":"חורפיש","Muni_Eng":"Hurfeish","Sug_Muni":"מועצה מקומית","CR_PNIM":"0496","CR_LAMAS":"496","Machoz":"צפון","Hearot":"השכבה אינה סטטוטורית באופן מלא.","Eshkol_MPn":"אשכול רשויות גליל מערבי","Sign_Date":1635120000000,"Tikun1":null,"Tikun2":null,"Tikun3":null,"Tikun4":null,"Tikun5":null,"Tikun6":null,"Tikun7":null,"Tikun8":null,"Tikun9":null,"Tikun10":null,"Tikun11":null,"Tikun12":null,"Tikun13":null,"Tikun14":null,"Tikun15":null,"Precision_":"מקור וקטורי חתום","FIRST_Nafa":"עכו","LAST_Nafa2":" ","Shape_Leng":15492.4121481,"Shape_Area":6228087.37317,"Shape__Area":8883007.2099609375,"Shape__Length":18497.938897134274}},{"type":"Feature","id":64,"geometry":{"type":"Polygon","coordinates":[[[35.05218,32.842538],[35.064632,32.834506],[35.069495,32.842332],[35.070745,32.842681],[35.07549,32.840515],[35.069288,32.83183],[35.071688,32.831474],[35.07248,32.828719],[35.073333,32.828895],[35.075368,32.82437],[35.079755,32.823],[35.079049,32.818834],[35.073639,32.814048],[35.075293,32.811231],[35.069281,32.80748],[35.056027,32.804244],[35.062471,32.79889],[35.076347,32.791806],[35.076363,32.786049],[35.076034,32.786707],[35.065338,32.779868],[35.062325,32.780181],[35.060328,32.781322],[35.057799,32.78596],[35.055136,32.78847],[35.053355,32.786404],[35.057711,32.783697],[35.055041,32.780684],[35.050139,32.783766],[35.051981,32.785905],[35.04809,32.788175],[35.045513,32.785192],[35.041987,32.78724],[35.037376,32.782479],[35.033659,32.785107],[35.031628,32.783791],[35.031061,32.784492],[35.028896,32.783549],[35.029047,32.781459],[35.026369,32.780484],[35.030373,32.778764],[35.030364,32.775596],[35.025853,32.771875],[35.021305,32.770973],[35.014688,32.772153],[35.01323,32.770434],[35.014315,32.770288],[35.013724,32.769547],[35.01597,32.769419],[35.014983,32.766103],[35.01741,32.767247],[35.020538,32.767469],[35.027268,32.766318],[35.02657,32.763486],[35.022443,32.760706],[35.022117,32.760165],[35.022865,32.759852],[35.021174,32.758152],[35.015648,32.763071],[35.01266,32.763897],[35.012323,32.763016],[35.010603,32.762493],[35.0106,32.763116],[35.006223,32.764459],[34.998655,32.763698],[34.991881,32.757934],[34.986546,32.760492],[34.982757,32.759872],[34.981841,32.76053],[34.982067,32.762135],[34.978422,32.762197],[34.979253,32.763362],[34.976543,32.767708],[34.978259,32.771239],[34.973416,32.771819],[34.972441,32.772817],[34.96632,32.772948],[34.963949,32.773717],[34.962909,32.785103],[34.954355,32.784246],[34.949979,32.784632],[34.949887,32.783828],[34.948722,32.783707],[34.948599,32.826475],[34.964587,32.838229],[34.975268,32.838249],[34.985293,32.835381],[34.987196,32.835845],[34.990082,32.833143],[34.990238,32.8312],[35.006267,32.825715],[35.009645,32.825725],[35.017792,32.828007],[35.018927,32.8275],[35.022176,32.830136],[35.023368,32.817325],[35.026803,32.815815],[35.032205,32.81752],[35.037641,32.820466],[35.046621,32.828569],[35.050509,32.832906],[35.046301,32.835653],[35.05218,32.842538]]]},"properties":{"FID":64,"Muni_Heb":"חיפה","Muni_Eng":"Haifa","Sug_Muni":"עירייה","CR_PNIM":"4000","CR_LAMAS":"4000","Machoz":"חיפה","Hearot":"השכבה אינה סטטוטורית באופן מלא.","Eshkol_MPn":" ","Sign_Date":1209945600000,"Tikun1":null,"Tikun2":null,"Tikun3":null,"Tikun4":null,"Tikun5":null,"Tikun6":null,"Tikun7":null,"Tikun8":null,"Tikun9":null,"Tikun10":null,"Tikun11":null,"Tikun12":null,"Tikun13":null,"Tikun14":null,"Tikun15":null,"Precision_":"מקור וקטורי חתום","FIRST_Nafa":"חיפה","LAST_Nafa2":" ","Shape_Leng":57056.138452,"Shape_Area":72930087.7457,"Shape__Area":103509188.78808594,"Shape__Length":67964.312681034062}},{"type":"Feature","id":65,"geometry":{"type":"Polygon","coordinates":[[[35.557787,32.981807],[35.555038,32.976714],[35.549356,32.977869],[35.547111,32.97493],[35.541091,32.975864],[35.540632,32.974928],[35.537427,32.975239],[35.536355,32.976117],[35.533052,32.975694],[35.533069,32.977262],[35.534131,32.978192],[35.533638,32.98021],[35.532591,32.979778],[35.532267,32.977191],[35.529797,32.977028],[35.529013,32.978848],[35.525053,32.980046],[35.525785,32.980573],[35.522572,32.983746],[35.524299,32.983792],[35.523826,32.987048],[35.526145,32.986554],[35.527874,32.987919],[35.528875,32.989992],[35.52822,32.991606],[35.529865,32.992508],[35.530541,32.994479],[35.536045,32.993526],[35.537705,32.995349],[35.539773,32.994269],[35.54255,32.994769],[35.544738,32.99418],[35.547999,32.991523],[35.551196,32.992128],[35.556794,32.990496],[35.56129,32.990875],[35.557787,32.981807]]]},"properties":{"FID":65,"Muni_Heb":"חצור הגלילית","Muni_Eng":"Hatsor Haglilit","Sug_Muni":"מועצה מקומית","CR_PNIM":"2034","CR_LAMAS":"2034","Machoz":"צפון","Hearot":"השכבה אינה סטטוטורית באופן מלא.","Eshkol_MPn":"אשכול רשויות גליל מזרחי","Sign_Date":1386547200000,"Tikun1":null,"Tikun2":null,"Tikun3":null,"Tikun4":null,"Tikun5":null,"Tikun6":null,"Tikun7":null,"Tikun8":null,"Tikun9":null,"Tikun10":null,"Tikun11":null,"Tikun12":null,"Tikun13":null,"Tikun14":null,"Tikun15":null,"Precision_":"מקור וקטורי חתום","FIRST_Nafa":"צפת","LAST_Nafa2":" ","Shape_Leng":12153.9158691,"Shape_Area":5456821.79407,"Shape__Area":7776397.1572265625,"Shape__Length":14505.246691313756}},{"type":"Feature","id":66,"geometry":{"type":"Polygon","coordinates":[[[35.057178,32.447505],[35.051577,32.448241],[35.049294,32.449062],[35.046858,32.451379],[35.043011,32.45236],[35.03669,32.450889],[35.037194,32.457801],[35.035224,32.466029],[35.037092,32.473119],[35.042292,32.471021],[35.046575,32.470346],[35.051398,32.467844],[35.052524,32.465731],[35.051597,32.461983],[35.053443,32.462279],[35.054453,32.462992],[35.053978,32.463549],[35.05543,32.464321],[35.057832,32.463283],[35.058838,32.464435],[35.060582,32.463973],[35.060573,32.464887],[35.061248,32.46456],[35.063063,32.465734],[35.063629,32.469648],[35.064291,32.469997],[35.063562,32.470325],[35.062967,32.475487],[35.066187,32.477376],[35.062389,32.478332],[35.065623,32.482035],[35.065666,32.484157],[35.069238,32.487164],[35.072564,32.487685],[35.073725,32.489942],[35.073648,32.494801],[35.078319,32.491907],[35.079177,32.485699],[35.080611,32.483865],[35.085745,32.48408],[35.087981,32.482184],[35.087083,32.481997],[35.087305,32.481054],[35.082879,32.481624],[35.084753,32.479707],[35.083819,32.478739],[35.075754,32.480242],[35.073958,32.469694],[35.075974,32.468659],[35.076522,32.466524],[35.077353,32.466657],[35.07449,32.466116],[35.069829,32.466572],[35.065637,32.464426],[35.061977,32.459677],[35.063345,32.456512],[35.068832,32.458403],[35.073157,32.458304],[35.072017,32.457231],[35.073016,32.455961],[35.072587,32.454612],[35.066953,32.45178],[35.065347,32.449436],[35.062597,32.450637],[35.061334,32.448581],[35.057178,32.447505]]]},"properties":{"FID":66,"Muni_Heb":"חריש","Muni_Eng":"Harish","Sug_Muni":"עירייה","CR_PNIM":"1247","CR_LAMAS":"1247","Machoz":"חיפה","Hearot":"השכבה אינה סטטוטורית באופן מלא.","Eshkol_MPn":" ","Sign_Date":1655596800000,"Tikun1":null,"Tikun2":null,"Tikun3":null,"Tikun4":null,"Tikun5":null,"Tikun6":null,"Tikun7":null,"Tikun8":null,"Tikun9":null,"Tikun10":null,"Tikun11":null,"Tikun12":null,"Tikun13":null,"Tikun14":null,"Tikun15":null,"Precision_":"מקור וקטורי חתום","FIRST_Nafa":"חדרה","LAST_Nafa2":" ","Shape_Leng":24464.413837,"Shape_Area":8995168.2093,"Shape__Area":12672181.407226563,"Shape__Length":29039.058450335368}},{"type":"Feature","id":67,"geometry":{"type":"Polygon","coordinates":[[[35.500367,32.776778],[35.495287,32.785482],[35.497591,32.786899],[35.502873,32.787997],[35.508139,32.787216],[35.516847,32.790861],[35.518365,32.79473],[35.517175,32.797038],[35.514499,32.797365],[35.50654,32.79464],[35.506001,32.794761],[35.506549,32.79577],[35.505803,32.795895],[35.517323,32.804597],[35.523864,32.812134],[35.526083,32.810729],[35.528926,32.805464],[35.533864,32.804349],[35.541274,32.79708],[35.543776,32.790285],[35.543358,32.789394],[35.545215,32.789712],[35.545863,32.787246],[35.54474,32.787047],[35.545167,32.785185],[35.544566,32.785191],[35.544577,32.783788],[35.546007,32.777001],[35.548623,32.770089],[35.558428,32.762231],[35.562984,32.755263],[35.557702,32.754005],[35.55693,32.755333],[35.558933,32.756689],[35.555902,32.760625],[35.553262,32.762161],[35.551899,32.764038],[35.548188,32.762704],[35.546645,32.759818],[35.538249,32.766641],[35.53661,32.765585],[35.532457,32.767524],[35.528018,32.76424],[35.524185,32.767039],[35.521604,32.764647],[35.518965,32.76408],[35.51725,32.764556],[35.518372,32.766901],[35.522675,32.765632],[35.524102,32.7671],[35.521464,32.768631],[35.513055,32.770508],[35.507432,32.765263],[35.500367,32.776778]]]},"properties":{"FID":67,"Muni_Heb":"טבריה","Muni_Eng":"Tverya (Tiberias)","Sug_Muni":"עירייה","CR_PNIM":"6700","CR_LAMAS":"6700","Machoz":"צפון","Hearot":"השכבה אינה סטטוטורית באופן מלא.","Eshkol_MPn":"אשכול רשויות הכנרת והעמקים","Sign_Date":1341705600000,"Tikun1":null,"Tikun2":null,"Tikun3":null,"Tikun4":null,"Tikun5":null,"Tikun6":null,"Tikun7":null,"Tikun8":null,"Tikun9":null,"Tikun10":null,"Tikun11":null,"Tikun12":null,"Tikun13":null,"Tikun14":null,"Tikun15":null,"Precision_":"מקור וקטורי חתום","FIRST_Nafa":"כנרת","LAST_Nafa2":" ","Shape_Leng":27385.697125,"Shape_Area":16194608.8538,"Shape__Area":22974564.94140625,"Shape__Length":32619.413455486239}},{"type":"Feature","id":68,"geometry":{"type":"Polygon","coordinates":[[[35.574936,32.960591],[35.575309,32.961813],[35.582578,32.960157],[35.583098,32.961299],[35.581905,32.962261],[35.581806,32.96491],[35.583146,32.966322],[35.583588,32.968439],[35.587224,32.968441],[35.588396,32.969237],[35.58806,32.971521],[35.583223,32.976277],[35.586277,32.977217],[35.586783,32.978539],[35.588513,32.978944],[35.59005,32.9783],[35.588977,32.976916],[35.594669,32.974164],[35.60302,32.968443],[35.604784,32.96626],[35.602369,32.964759],[35.604806,32.960694],[35.602097,32.958471],[35.598613,32.961465],[35.592696,32.962557],[35.595083,32.958359],[35.599199,32.95389],[35.595131,32.951145],[35.593627,32.952911],[35.594221,32.9533],[35.593705,32.953861],[35.596797,32.955969],[35.596104,32.95661],[35.595043,32.955883],[35.592739,32.958821],[35.590092,32.958971],[35.587994,32.960112],[35.586434,32.959517],[35.58508,32.958648],[35.586083,32.957357],[35.585142,32.955354],[35.582309,32.95567],[35.581864,32.954981],[35.579802,32.956122],[35.578655,32.953392],[35.574733,32.954506],[35.576629,32.956519],[35.574936,32.960591]]]},"properties":{"FID":68,"Muni_Heb":"טובא - זנגרייה","Muni_Eng":"Tuba - Zangariya","Sug_Muni":"מועצה מקומית","CR_PNIM":"0962","CR_LAMAS":"962","Machoz":"צפון","Hearot":"השכבה אינה סטטוטורית באופן מלא.","Eshkol_MPn":"אשכול רשויות גליל מזרחי","Sign_Date":1539129600000,"Tikun1":null,"Tikun2":null,"Tikun3":null,"Tikun4":null,"Tikun5":null,"Tikun6":null,"Tikun7":null,"Tikun8":null,"Tikun9":null,"Tikun10":null,"Tikun11":null,"Tikun12":null,"Tikun13":null,"Tikun14":null,"Tikun15":null,"Precision_":"מקור וקטורי חתום","FIRST_Nafa":"צפת","LAST_Nafa2":" ","Shape_Leng":15022.8987553,"Shape_Area":3621944.94564,"Shape__Area":5159185.1025390625,"Shape__Length":17927.61862290202}},{"type":"Feature","id":69,"geometry":{"type":"Polygon","coordinates":[[[35.386043,32.759397],[35.386022,32.756389],[35.386968,32.755599],[35.386131,32.755159],[35.386038,32.752939],[35.382915,32.751772],[35.382299,32.74869],[35.378683,32.750091],[35.377448,32.751505],[35.375858,32.751585],[35.374821,32.755235],[35.376851,32.755381],[35.377993,32.756904],[35.37894,32.756814],[35.378513,32.757288],[35.380336,32.757114],[35.378942,32.759133],[35.375723,32.759659],[35.375247,32.761803],[35.373032,32.761826],[35.372849,32.762987],[35.359224,32.760388],[35.359007,32.761749],[35.357539,32.762452],[35.35709,32.772962],[35.354606,32.773146],[35.365773,32.775435],[35.366929,32.777195],[35.36475,32.781027],[35.366268,32.781621],[35.36231,32.785121],[35.361779,32.786695],[35.362339,32.789109],[35.370953,32.790824],[35.373063,32.787277],[35.373737,32.78836],[35.375798,32.788544],[35.375999,32.790073],[35.375018,32.790528],[35.377976,32.794627],[35.376924,32.796889],[35.382783,32.795452],[35.377057,32.787219],[35.382629,32.786008],[35.381758,32.784068],[35.38306,32.783508],[35.385545,32.784001],[35.384348,32.785082],[35.384108,32.787194],[35.387475,32.789603],[35.392161,32.79002],[35.389958,32.792785],[35.386792,32.79462],[35.388058,32.794963],[35.38908,32.797986],[35.389944,32.796728],[35.394418,32.79693],[35.395576,32.800002],[35.394702,32.80189],[35.395503,32.801784],[35.397003,32.799844],[35.396899,32.797662],[35.39971,32.796539],[35.400032,32.795035],[35.401099,32.794312],[35.400258,32.788711],[35.398754,32.785844],[35.400614,32.787099],[35.405653,32.787242],[35.40709,32.776239],[35.403355,32.776264],[35.396397,32.773837],[35.378761,32.765893],[35.381086,32.76683],[35.382606,32.764596],[35.384387,32.764083],[35.386039,32.761041],[35.386043,32.759397]]]},"properties":{"FID":69,"Muni_Heb":"טורעאן","Muni_Eng":"Tur'an","Sug_Muni":"מועצה מקומית","CR_PNIM":"0498","CR_LAMAS":"498","Machoz":"צפון","Hearot":"השכבה אינה סטטוטורית באופן מלא.","Eshkol_MPn":"אשכול רשויות הכנרת והעמקים","Sign_Date":1658707200000,"Tikun1":null,"Tikun2":null,"Tikun3":null,"Tikun4":null,"Tikun5":null,"Tikun6":null,"Tikun7":null,"Tikun8":null,"Tikun9":null,"Tikun10":null,"Tikun11":null,"Tikun12":null,"Tikun13":null,"Tikun14":null,"Tikun15":null,"Precision_":"מקור וקטורי חתום","FIRST_Nafa":"יזרעאל","LAST_Nafa2":"כנרת","Shape_Leng":28373.1076652,"Shape_Area":12291941.261,"Shape__Area":17435930.387695313,"Shape__Length":33792.1001953772}},{"type":"Feature","id":70,"geometry":{"type":"Polygon","coordinates":[[[34.985392,32.244276],[34.983642,32.244388],[34.983877,32.242248],[34.982991,32.242569],[34.981506,32.239405],[34.972987,32.241742],[34.972341,32.242046],[34.972546,32.243318],[34.973757,32.243581],[34.974118,32.244894],[34.975721,32.245011],[34.976951,32.248275],[34.976484,32.249331],[34.978464,32.249323],[34.978576,32.250522],[34.97402,32.250509],[34.973678,32.249591],[34.972208,32.249685],[34.972467,32.251459],[34.967454,32.251801],[34.968848,32.255808],[34.974486,32.255562],[34.973525,32.257282],[34.975179,32.257046],[34.974892,32.260496],[34.978166,32.269623],[34.980967,32.27439],[34.974714,32.276389],[34.975131,32.27723],[34.982655,32.278041],[34.981705,32.279972],[34.98495,32.280091],[34.984551,32.280695],[34.990753,32.280547],[34.989823,32.280957],[34.989799,32.283646],[34.996567,32.283449],[35.002292,32.28164],[35.004576,32.282335],[35.004703,32.283596],[35.00954,32.282948],[35.009698,32.280755],[35.011079,32.279682],[35.019229,32.280005],[35.025955,32.273454],[35.02996,32.265292],[35.023178,32.253421],[35.023281,32.248595],[35.018175,32.248431],[35.009587,32.246552],[35.006558,32.247407],[35.005569,32.246567],[35.005405,32.24344],[35.003173,32.244745],[35.001881,32.244811],[35.000383,32.24348],[34.998608,32.244402],[34.99526,32.243052],[34.991629,32.244388],[34.990304,32.242437],[34.98592,32.244193],[34.98595,32.245681],[34.985392,32.244276]]]},"properties":{"FID":70,"Muni_Heb":"טייבה","Muni_Eng":"Taybe","Sug_Muni":"עירייה","CR_PNIM":"2730","CR_LAMAS":"2730","Machoz":"מרכז","Hearot":"השכבה אינה סטטוטורית באופן מלא.","Eshkol_MPn":"אשכול רשויות השרון","Sign_Date":1232496000000,"Tikun1":null,"Tikun2":null,"Tikun3":null,"Tikun4":null,"Tikun5":null,"Tikun6":null,"Tikun7":null,"Tikun8":null,"Tikun9":null,"Tikun10":null,"Tikun11":null,"Tikun12":null,"Tikun13":null,"Tikun14":null,"Tikun15":null,"Precision_":"מקור וקטורי חתום","FIRST_Nafa":"השרון","LAST_Nafa2":" ","Shape_Leng":23586.8221958,"Shape_Area":18909531.8519,"Shape__Area":26520569.356445313,"Shape__Length":27925.947751475262}},{"type":"Feature","id":71,"geometry":{"type":"Polygon","coordinates":[[[34.978957,32.232603],[34.984388,32.232309],[34.981741,32.226156],[34.980829,32.221368],[34.975987,32.222766],[34.97377,32.218659],[34.970997,32.219466],[34.968708,32.216755],[34.964376,32.216996],[34.96367,32.213638],[34.958309,32.213435],[34.958367,32.216174],[34.953802,32.216998],[34.952905,32.218263],[34.951538,32.223808],[34.947896,32.224532],[34.946466,32.224063],[34.946449,32.224661],[34.940915,32.225732],[34.937916,32.227769],[34.937047,32.227367],[34.937874,32.227819],[34.93674,32.230168],[34.936317,32.235668],[34.937415,32.238385],[34.941741,32.237313],[34.942078,32.242413],[34.945085,32.243621],[34.946986,32.243431],[34.956862,32.248228],[34.958869,32.253019],[34.965107,32.250733],[34.964725,32.249413],[34.966531,32.249127],[34.96748,32.252057],[34.972467,32.251459],[34.972208,32.249685],[34.973678,32.249591],[34.97402,32.250509],[34.978576,32.250522],[34.978464,32.249323],[34.976484,32.249331],[34.976951,32.248275],[34.975737,32.246459],[34.975934,32.245328],[34.974118,32.244894],[34.972341,32.242046],[34.981506,32.239405],[34.978957,32.232603]]]},"properties":{"FID":71,"Muni_Heb":"טירה","Muni_Eng":"Tira","Sug_Muni":"עירייה","CR_PNIM":"2720","CR_LAMAS":"2720","Machoz":"מרכז","Hearot":"השכבה אינה סטטוטורית באופן מלא.","Eshkol_MPn":" ","Sign_Date":1659916800000,"Tikun1":null,"Tikun2":null,"Tikun3":null,"Tikun4":null,"Tikun5":null,"Tikun6":null,"Tikun7":null,"Tikun8":null,"Tikun9":null,"Tikun10":null,"Tikun11":null,"Tikun12":null,"Tikun13":null,"Tikun14":null,"Tikun15":null,"Precision_":"מקור וקטורי חתום","FIRST_Nafa":"השרון","LAST_Nafa2":" ","Shape_Leng":18980.0522648,"Shape_Area":12037048.7066,"Shape__Area":16871155.3203125,"Shape__Length":22469.3837130728}},{"type":"Feature","id":72,"geometry":{"type":"Polygon","coordinates":[[[34.952157,32.767576],[34.947927,32.767953],[34.949979,32.784632],[34.954355,32.784246],[34.962909,32.785103],[34.963949,32.773717],[34.96632,32.772948],[34.972441,32.772817],[34.973416,32.771819],[34.978259,32.771239],[34.976543,32.767708],[34.979253,32.763362],[34.978422,32.762197],[34.982227,32.761904],[34.981617,32.761365],[34.982255,32.760503],[34.980828,32.758131],[34.979946,32.74843],[34.980523,32.748389],[34.980219,32.747428],[34.978397,32.746684],[34.979039,32.74422],[34.977551,32.744136],[34.976345,32.74541],[34.973821,32.744514],[34.974418,32.746301],[34.971085,32.74505],[34.97385,32.750877],[34.969744,32.750692],[34.967801,32.748018],[34.96437,32.747603],[34.96187,32.754226],[34.961103,32.75896],[34.962929,32.772333],[34.956808,32.77263],[34.955661,32.767286],[34.952157,32.767576]]]},"properties":{"FID":72,"Muni_Heb":"טירת כרמל","Muni_Eng":"Tirat Karmel","Sug_Muni":"עירייה","CR_PNIM":"2100","CR_LAMAS":"2100","Machoz":"חיפה","Hearot":"השכבה אינה סטטוטורית באופן מלא.","Eshkol_MPn":" ","Sign_Date":1478563200000,"Tikun1":null,"Tikun2":null,"Tikun3":null,"Tikun4":null,"Tikun5":null,"Tikun6":null,"Tikun7":null,"Tikun8":null,"Tikun9":null,"Tikun10":null,"Tikun11":null,"Tikun12":null,"Tikun13":null,"Tikun14":null,"Tikun15":null,"Precision_":"מקור וקטורי חתום","FIRST_Nafa":"חיפה","LAST_Nafa2":" ","Shape_Leng":17664.1480025,"Shape_Area":6710787.22562,"Shape__Area":9516671.1220703125,"Shape__Length":21047.117399338658}},{"type":"Feature","id":73,"geometry":{"type":"Polygon","coordinates":[[[35.218019,32.819317],[35.215199,32.821213],[35.214347,32.824174],[35.212122,32.82564],[35.209507,32.826076],[35.205904,32.825075],[35.202964,32.826452],[35.202212,32.828586],[35.206095,32.82841],[35.208425,32.830916],[35.209003,32.833672],[35.207593,32.837862],[35.205634,32.837655],[35.204187,32.838442],[35.200995,32.84081],[35.201366,32.841463],[35.198205,32.843254],[35.195862,32.840446],[35.193544,32.841825],[35.191912,32.841638],[35.194052,32.838926],[35.191467,32.840406],[35.190446,32.839517],[35.18998,32.839991],[35.190032,32.838278],[35.189218,32.837378],[35.191877,32.836404],[35.188177,32.836813],[35.188357,32.837474],[35.181622,32.840388],[35.18154,32.838728],[35.179314,32.839926],[35.178756,32.838861],[35.1779,32.839525],[35.177723,32.838555],[35.176262,32.839779],[35.174879,32.838161],[35.170359,32.839131],[35.171138,32.839909],[35.168586,32.840626],[35.168949,32.841564],[35.163718,32.842884],[35.164055,32.843747],[35.160121,32.845182],[35.160183,32.846351],[35.152911,32.848168],[35.152961,32.84896],[35.148068,32.84977],[35.147829,32.848595],[35.141757,32.849727],[35.142038,32.850194],[35.140423,32.850845],[35.139303,32.848783],[35.132937,32.855301],[35.119888,32.851996],[35.118781,32.855268],[35.118899,32.859854],[35.121678,32.859766],[35.121893,32.864409],[35.125347,32.864617],[35.126046,32.863731],[35.127897,32.863809],[35.12799,32.868101],[35.134664,32.867608],[35.137438,32.882235],[35.143094,32.879914],[35.147266,32.879489],[35.149768,32.878087],[35.149057,32.874322],[35.152671,32.874551],[35.156394,32.873541],[35.156062,32.872052],[35.158852,32.8716],[35.158376,32.868267],[35.164658,32.8686],[35.164368,32.864553],[35.170681,32.863226],[35.17354,32.866628],[35.175575,32.864936],[35.182154,32.864697],[35.182395,32.867255],[35.18396,32.86724],[35.183737,32.86439],[35.186697,32.864598],[35.189558,32.866293],[35.192828,32.866091],[35.194389,32.865423],[35.196508,32.862573],[35.200278,32.864212],[35.202422,32.861829],[35.213478,32.857942],[35.219926,32.857718],[35.220811,32.859113],[35.224519,32.85725],[35.233046,32.850155],[35.232725,32.847282],[35.224827,32.846451],[35.22293,32.844854],[35.22934,32.843612],[35.233943,32.844587],[35.235516,32.843655],[35.232966,32.836558],[35.230462,32.834503],[35.225727,32.827238],[35.22926,32.822916],[35.229616,32.819466],[35.2272,32.81818],[35.224509,32.818377],[35.223447,32.819692],[35.221681,32.82014],[35.22111,32.819348],[35.218019,32.819317]]]},"properties":{"FID":73,"Muni_Heb":"טמרה","Muni_Eng":"Tamra","Sug_Muni":"עירייה","CR_PNIM":"8900","CR_LAMAS":"8900","Machoz":"צפון","Hearot":"השכבה אינה סטטוטורית באופן מלא.","Eshkol_MPn":" ","Sign_Date":1478563200000,"Tikun1":null,"Tikun2":null,"Tikun3":null,"Tikun4":null,"Tikun5":null,"Tikun6":null,"Tikun7":null,"Tikun8":null,"Tikun9":null,"Tikun10":null,"Tikun11":null,"Tikun12":null,"Tikun13":null,"Tikun14":null,"Tikun15":null,"Precision_":"מקור וקטורי חתום","FIRST_Nafa":"עכו","LAST_Nafa2":" ","Shape_Leng":41831.2050759,"Shape_Area":29770120.4667,"Shape__Area":42299571.313476563,"Shape__Length":49846.65087612065}},{"type":"Feature","id":74,"geometry":{"type":"Polygon","coordinates":[[[35.211575,32.966508],[35.207864,32.966646],[35.207536,32.967608],[35.212091,32.967215],[35.21826,32.968355],[35.217704,32.969466],[35.218201,32.971892],[35.216622,32.974609],[35.216591,32.975287],[35.217551,32.975243],[35.216769,32.976726],[35.21355,32.977067],[35.213718,32.979868],[35.21227,32.981444],[35.211163,32.985617],[35.216582,32.985182],[35.216684,32.986056],[35.217965,32.985992],[35.219568,32.987458],[35.227631,32.987414],[35.228062,32.988586],[35.235474,32.986733],[35.236857,32.989163],[35.240501,32.986971],[35.241428,32.994667],[35.242229,32.994907],[35.253052,32.992699],[35.26032,32.992718],[35.269019,32.990352],[35.274565,32.990556],[35.274842,32.989245],[35.277539,32.989339],[35.278015,32.987266],[35.281975,32.985137],[35.28023,32.981103],[35.278869,32.981143],[35.278887,32.981684],[35.277264,32.980856],[35.269952,32.98217],[35.268955,32.981179],[35.265013,32.980031],[35.26447,32.978661],[35.262544,32.977783],[35.263505,32.976578],[35.265987,32.975686],[35.264103,32.971766],[35.266571,32.971144],[35.256267,32.969774],[35.255976,32.967684],[35.258101,32.967504],[35.256765,32.966309],[35.254492,32.96659],[35.251356,32.969368],[35.242442,32.9711],[35.242322,32.969942],[35.245925,32.968825],[35.245091,32.967025],[35.24574,32.965955],[35.242643,32.964462],[35.237482,32.965576],[35.232875,32.963789],[35.230911,32.964596],[35.228551,32.961737],[35.224162,32.964566],[35.22254,32.964607],[35.220108,32.967055],[35.218884,32.966597],[35.2177,32.967318],[35.216293,32.965645],[35.214178,32.967497],[35.211575,32.966508]]]},"properties":{"FID":74,"Muni_Heb":"יאנוח - ג'ת","Muni_Eng":"Yanuh - Jat","Sug_Muni":"מועצה מקומית","CR_PNIM":"1295","CR_LAMAS":"1295","Machoz":"צפון","Hearot":"השכבה אינה סטטוטורית באופן מלא.","Eshkol_MPn":" ","Sign_Date":637459200000,"Tikun1":null,"Tikun2":null,"Tikun3":null,"Tikun4":null,"Tikun5":null,"Tikun6":null,"Tikun7":null,"Tikun8":null,"Tikun9":null,"Tikun10":null,"Tikun11":null,"Tikun12":null,"Tikun13":null,"Tikun14":null,"Tikun15":null,"Precision_":"מקור וקטורי חתום","FIRST_Nafa":"עכו","LAST_Nafa2":" ","Shape_Leng":24954.0691618,"Shape_Area":13555009.4519,"Shape__Area":19315012.865234375,"Shape__Length":29767.366478899512}},{"type":"Feature","id":75,"geometry":{"type":"Polygon","coordinates":[[[35.49207,32.697016],[35.491268,32.699047],[35.492671,32.701432],[35.485954,32.702096],[35.486178,32.702598],[35.481896,32.705935],[35.479211,32.705594],[35.478042,32.706461],[35.478855,32.706277],[35.477648,32.714647],[35.483425,32.712586],[35.486816,32.713433],[35.48273,32.716076],[35.481248,32.720304],[35.478275,32.72385],[35.478431,32.725621],[35.481871,32.729305],[35.48349,32.729201],[35.476171,32.733636],[35.477896,32.735803],[35.48066,32.737164],[35.485805,32.731933],[35.494302,32.740963],[35.498289,32.736746],[35.502761,32.735234],[35.511634,32.742917],[35.512332,32.741073],[35.519843,32.74377],[35.522445,32.745513],[35.524242,32.743858],[35.522122,32.742091],[35.52058,32.737498],[35.523587,32.736914],[35.525311,32.738888],[35.531548,32.742281],[35.532555,32.740012],[35.542143,32.732524],[35.532146,32.727514],[35.527374,32.723064],[35.523932,32.721302],[35.527412,32.716362],[35.535844,32.715977],[35.540207,32.714936],[35.542263,32.716419],[35.541947,32.716833],[35.546927,32.71878],[35.545999,32.710566],[35.535606,32.709781],[35.536754,32.700243],[35.536469,32.695466],[35.53408,32.692909],[35.527996,32.690809],[35.534096,32.690276],[35.537709,32.69162],[35.542445,32.69237],[35.543081,32.691799],[35.543257,32.687846],[35.5403,32.683341],[35.539972,32.676624],[35.5359,32.67686],[35.532383,32.679273],[35.533608,32.677008],[35.530376,32.676347],[35.530231,32.675243],[35.518728,32.674742],[35.511877,32.677882],[35.509353,32.680656],[35.510464,32.682102],[35.509239,32.683311],[35.50975,32.684654],[35.50695,32.687095],[35.505705,32.687173],[35.505681,32.688195],[35.500089,32.688823],[35.501094,32.690032],[35.497988,32.690974],[35.498398,32.692022],[35.49361,32.69476],[35.493596,32.691989],[35.492211,32.692787],[35.49207,32.697016]]]},"properties":{"FID":75,"Muni_Heb":"יבנאל","Muni_Eng":"Yavne'el","Sug_Muni":"מועצה מקומית","CR_PNIM":"0046","CR_LAMAS":"46","Machoz":"צפון","Hearot":"השכבה אינה סטטוטורית באופן מלא.","Eshkol_MPn":" ","Sign_Date":1341705600000,"Tikun1":null,"Tikun2":null,"Tikun3":null,"Tikun4":null,"Tikun5":null,"Tikun6":null,"Tikun7":null,"Tikun8":null,"Tikun9":null,"Tikun10":null,"Tikun11":null,"Tikun12":null,"Tikun13":null,"Tikun14":null,"Tikun15":null,"Precision_":"מקור וקטורי חתום","FIRST_Nafa":"כנרת","LAST_Nafa2":" ","Shape_Leng":38084.7075611,"Shape_Area":31210710.8858,"Shape__Area":44206638.325195313,"Shape__Length":45321.206615316456}},{"type":"Feature","id":76,"geometry":{"type":"Polygon","coordinates":[[[34.727034,31.91607],[34.732786,31.900058],[34.734881,31.89931],[34.736197,31.902045],[34.741807,31.899936],[34.741072,31.899622],[34.740425,31.894213],[34.741019,31.88381],[34.741819,31.882165],[34.743913,31.88024],[34.750593,31.87895],[34.751235,31.880663],[34.752209,31.879674],[34.753564,31.874821],[34.753406,31.871301],[34.752187,31.868038],[34.753985,31.864371],[34.7538,31.857108],[34.757902,31.851433],[34.746772,31.85244],[34.746866,31.85119],[34.739452,31.851836],[34.738877,31.848723],[34.735617,31.843483],[34.725914,31.84809],[34.736448,31.855702],[34.739275,31.854999],[34.739893,31.857461],[34.737995,31.858628],[34.73544,31.858783],[34.735757,31.860556],[34.731955,31.86065],[34.732147,31.86222],[34.730677,31.862684],[34.730254,31.861887],[34.728475,31.862629],[34.728175,31.860368],[34.726735,31.859991],[34.725873,31.860739],[34.725275,31.858965],[34.724699,31.859456],[34.723477,31.857658],[34.723038,31.858521],[34.719256,31.851806],[34.714822,31.853721],[34.71609,31.857532],[34.713013,31.858139],[34.712856,31.859728],[34.720043,31.874577],[34.708338,31.878198],[34.701853,31.878925],[34.6954,31.88177],[34.686488,31.882115],[34.676313,31.886194],[34.682867,31.899042],[34.693401,31.896829],[34.693554,31.897971],[34.694527,31.897986],[34.698259,31.901506],[34.697936,31.902267],[34.696432,31.902466],[34.697852,31.90411],[34.694182,31.9041],[34.694212,31.904684],[34.697015,31.908349],[34.696044,31.910306],[34.696797,31.912952],[34.700038,31.913683],[34.701679,31.916435],[34.700781,31.917231],[34.700325,31.919815],[34.711813,31.918787],[34.727034,31.91607]]]},"properties":{"FID":76,"Muni_Heb":"יבנה","Muni_Eng":"Yavne","Sug_Muni":"עירייה","CR_PNIM":"2660","CR_LAMAS":"2660","Machoz":"מרכז","Hearot":"השכבה אינה סטטוטורית באופן מלא.","Eshkol_MPn":" ","Sign_Date":1611187200000,"Tikun1":null,"Tikun2":null,"Tikun3":null,"Tikun4":null,"Tikun5":null,"Tikun6":null,"Tikun7":null,"Tikun8":null,"Tikun9":null,"Tikun10":null,"Tikun11":null,"Tikun12":null,"Tikun13":null,"Tikun14":null,"Tikun15":null,"Precision_":"מקור וקטורי חתום","FIRST_Nafa":"רחובות","LAST_Nafa2":" ","Shape_Leng":36007.9546883,"Shape_Area":29179850.3869,"Shape__Area":40589561.44921875,"Shape__Length":42466.69781241061}},{"type":"Feature","id":77,"geometry":{"type":"Polygon","coordinates":[[[34.89153,32.041074],[34.895785,32.041112],[34.898752,32.038584],[34.90658,32.039221],[34.907902,32.024948],[34.903831,32.024491],[34.894506,32.026087],[34.894162,32.02526],[34.891228,32.024074],[34.893188,32.022124],[34.886635,32.023687],[34.882211,32.020656],[34.879929,32.020337],[34.875684,32.021443],[34.875748,32.024132],[34.873824,32.023904],[34.873608,32.028039],[34.867393,32.027936],[34.868821,32.03325],[34.866736,32.032981],[34.867137,32.036807],[34.866084,32.043972],[34.867429,32.044015],[34.868809,32.041754],[34.873582,32.039967],[34.875954,32.038233],[34.875584,32.037092],[34.876479,32.036393],[34.880063,32.036571],[34.88338,32.038257],[34.883378,32.040364],[34.889324,32.040279],[34.891566,32.038884],[34.89153,32.041074]]]},"properties":{"FID":77,"Muni_Heb":"יהוד-מונוסון","Muni_Eng":"Yehud - Monoson","Sug_Muni":"עירייה","CR_PNIM":"9400","CR_LAMAS":"9400","Machoz":"מרכז","Hearot":"השכבה אינה סטטוטורית באופן מלא.","Eshkol_MPn":" ","Sign_Date":1658707200000,"Tikun1":null,"Tikun2":null,"Tikun3":null,"Tikun4":null,"Tikun5":null,"Tikun6":null,"Tikun7":null,"Tikun8":null,"Tikun9":null,"Tikun10":null,"Tikun11":null,"Tikun12":null,"Tikun13":null,"Tikun14":null,"Tikun15":null,"Precision_":"מקור וקטורי חתום","FIRST_Nafa":"פתח תקווה","LAST_Nafa2":" ","Shape_Leng":14449.3027709,"Shape_Area":6391227.07557,"Shape__Area":8918761.640625,"Shape__Length":17066.030819020638}},{"type":"Feature","id":78,"geometry":{"type":"Polygon","coordinates":[[[35.580073,33.072358],[35.580078,33.074299],[35.582405,33.075211],[35.583248,33.078688],[35.58655,33.07995],[35.588237,33.07484],[35.587835,33.07296],[35.595294,33.067289],[35.600599,33.067471],[35.603962,33.06641],[35.604824,33.066784],[35.604422,33.06842],[35.60783,33.071327],[35.610348,33.068862],[35.617001,33.074102],[35.620621,33.07191],[35.621821,33.067603],[35.634335,33.07019],[35.638297,33.069576],[35.63774,33.066516],[35.634665,33.066264],[35.635078,33.064549],[35.622883,33.061962],[35.624067,33.057909],[35.613458,33.055349],[35.58573,33.042601],[35.581423,33.042505],[35.580798,33.04337],[35.578307,33.043769],[35.577818,33.043008],[35.575334,33.043329],[35.571995,33.04271],[35.571433,33.041944],[35.574324,33.059727],[35.578009,33.061009],[35.578231,33.064031],[35.580159,33.06636],[35.580073,33.072358]]]},"properties":{"FID":78,"Muni_Heb":"יסוד המעלה","Muni_Eng":"Yesud Hama'ala","Sug_Muni":"מועצה מקומית","CR_PNIM":"0029","CR_LAMAS":"29","Machoz":"צפון","Hearot":"השכבה אינה סטטוטורית באופן מלא.","Eshkol_MPn":"אשכול רשויות גליל מזרחי","Sign_Date":1336867200000,"Tikun1":null,"Tikun2":null,"Tikun3":null,"Tikun4":null,"Tikun5":null,"Tikun6":null,"Tikun7":null,"Tikun8":null,"Tikun9":null,"Tikun10":null,"Tikun11":null,"Tikun12":null,"Tikun13":null,"Tikun14":null,"Tikun15":null,"Precision_":"מקור וקטורי חתום","FIRST_Nafa":"צפת","LAST_Nafa2":" ","Shape_Leng":20310.25037,"Shape_Area":11689237.015,"Shape__Area":16686001.782226563,"Shape__Length":24261.434133665742}},{"type":"Feature","id":79,"geometry":{"type":"Polygon","coordinates":[[[35.264713,32.677502],[35.264269,32.678664],[35.259022,32.678707],[35.257882,32.680174],[35.258455,32.682085],[35.260479,32.682539],[35.261162,32.684183],[35.259338,32.685303],[35.261751,32.685922],[35.260484,32.686837],[35.261335,32.687399],[35.260402,32.688253],[35.260863,32.688899],[35.262498,32.689289],[35.2635,32.690689],[35.271162,32.688332],[35.270907,32.690338],[35.27202,32.69016],[35.273019,32.691299],[35.27319,32.692051],[35.272088,32.692673],[35.272594,32.693635],[35.273833,32.692487],[35.274031,32.693686],[35.275126,32.693512],[35.272461,32.697945],[35.282219,32.695164],[35.281728,32.694474],[35.283324,32.691389],[35.280888,32.68968],[35.280701,32.687313],[35.279478,32.686472],[35.281328,32.681279],[35.283879,32.678738],[35.284059,32.677318],[35.281412,32.67631],[35.27922,32.67438],[35.275782,32.674484],[35.274027,32.673469],[35.273712,32.6718],[35.268511,32.671137],[35.266564,32.669213],[35.264713,32.677502]]]},"properties":{"FID":79,"Muni_Heb":"יפיע","Muni_Eng":"Yafi'a","Sug_Muni":"מועצה מקומית","CR_PNIM":"0499","CR_LAMAS":"499","Machoz":"צפון","Hearot":"השכבה אינה סטטוטורית באופן מלא.","Eshkol_MPn":"אשכול רשויות הגליל והעמקים","Sign_Date":1332892800000,"Tikun1":null,"Tikun2":null,"Tikun3":null,"Tikun4":null,"Tikun5":null,"Tikun6":null,"Tikun7":null,"Tikun8":null,"Tikun9":null,"Tikun10":null,"Tikun11":null,"Tikun12":null,"Tikun13":null,"Tikun14":null,"Tikun15":null,"Precision_":"מקור וקטורי חתום","FIRST_Nafa":"יזרעאל","LAST_Nafa2":" ","Shape_Leng":11919.8696794,"Shape_Area":4080042.7313,"Shape__Area":5775514.6884765625,"Shape__Length":14181.624036664018}},{"type":"Feature","id":80,"geometry":{"type":"Polygon","coordinates":[[[35.090785,32.633453],[35.08463,32.635547],[35.082776,32.6353],[35.083302,32.633392],[35.079124,32.632794],[35.078442,32.630277],[35.077524,32.630209],[35.079677,32.625462],[35.075625,32.625447],[35.073756,32.626339],[35.073246,32.634049],[35.069392,32.635566],[35.068298,32.637432],[35.067546,32.636594],[35.066725,32.636808],[35.06799,32.638264],[35.065984,32.638357],[35.078488,32.643147],[35.079206,32.643698],[35.07941,32.646555],[35.077718,32.65022],[35.070258,32.656174],[35.063586,32.65893],[35.06249,32.661355],[35.063757,32.661979],[35.0711,32.658088],[35.079115,32.651167],[35.082202,32.65195],[35.087202,32.655574],[35.095094,32.657224],[35.098972,32.66023],[35.100056,32.659431],[35.1038,32.660747],[35.104407,32.661786],[35.102371,32.667306],[35.10232,32.668552],[35.103614,32.668755],[35.10275,32.671248],[35.10714,32.677233],[35.108639,32.667997],[35.111064,32.665003],[35.110529,32.662741],[35.113244,32.65919],[35.113756,32.659394],[35.114223,32.657976],[35.113448,32.655624],[35.110941,32.654526],[35.112004,32.65232],[35.110796,32.651402],[35.111632,32.651273],[35.112374,32.649469],[35.110819,32.647766],[35.106794,32.645946],[35.103893,32.641829],[35.101173,32.640301],[35.097433,32.640504],[35.096647,32.637503],[35.097662,32.636349],[35.096208,32.634556],[35.093521,32.633127],[35.090785,32.633453]],[[35.069234,32.638494],[35.068075,32.638288],[35.07131,32.637213],[35.073065,32.638155],[35.070716,32.637687],[35.069234,32.638494]]]},"properties":{"FID":80,"Muni_Heb":"יקנעם עילית","Muni_Eng":"Yokne'am Ilit","Sug_Muni":"עירייה","CR_PNIM":"0240","CR_LAMAS":"240","Machoz":"צפון","Hearot":"השכבה אינה סטטוטורית באופן מלא.","Eshkol_MPn":" ","Sign_Date":1655596800000,"Tikun1":null,"Tikun2":null,"Tikun3":null,"Tikun4":null,"Tikun5":null,"Tikun6":null,"Tikun7":null,"Tikun8":null,"Tikun9":null,"Tikun10":null,"Tikun11":null,"Tikun12":null,"Tikun13":null,"Tikun14":null,"Tikun15":null,"Precision_":"מקור וקטורי חתום","FIRST_Nafa":"יזרעאל","LAST_Nafa2":" ","Shape_Leng":24459.6037657,"Shape_Area":9221192.02012,"Shape__Area":13042937.674804688,"Shape__Length":29089.138340047328}},{"type":"Feature","id":81,"geometry":{"type":"Polygon","coordinates":[[[35.250456,32.957409],[35.24961,32.955837],[35.250995,32.950595],[35.241262,32.950763],[35.240461,32.949288],[35.237849,32.948856],[35.238128,32.947591],[35.234985,32.947493],[35.233949,32.946358],[35.231109,32.947139],[35.232939,32.942982],[35.231721,32.94308],[35.23037,32.94123],[35.228253,32.940444],[35.226854,32.941891],[35.226157,32.941267],[35.224303,32.942044],[35.22376,32.941328],[35.220617,32.942294],[35.21759,32.942189],[35.214719,32.94415],[35.211979,32.943624],[35.209056,32.945732],[35.19976,32.947724],[35.196947,32.947586],[35.190515,32.949859],[35.186837,32.950393],[35.184949,32.949847],[35.182291,32.950799],[35.18223,32.949899],[35.179532,32.9491],[35.178021,32.943989],[35.173878,32.942654],[35.167972,32.943596],[35.16932,32.945703],[35.170263,32.950243],[35.17197,32.952865],[35.174709,32.952484],[35.17661,32.954743],[35.177681,32.95439],[35.178527,32.955783],[35.181554,32.956874],[35.181773,32.958988],[35.184172,32.959477],[35.183902,32.960521],[35.182797,32.960744],[35.18365,32.96275],[35.182638,32.964771],[35.180066,32.965452],[35.182312,32.965611],[35.182286,32.967215],[35.181039,32.96732],[35.180574,32.968805],[35.182044,32.969923],[35.182483,32.975111],[35.201908,32.973552],[35.200289,32.970959],[35.202424,32.968934],[35.199773,32.969279],[35.204565,32.966872],[35.204084,32.965839],[35.205345,32.965128],[35.207226,32.964791],[35.213573,32.967514],[35.216293,32.965645],[35.218157,32.967408],[35.218884,32.966597],[35.220944,32.966599],[35.22254,32.964607],[35.224162,32.964566],[35.228226,32.961741],[35.22992,32.96262],[35.229324,32.96315],[35.230911,32.964596],[35.232875,32.963789],[35.237482,32.965576],[35.242643,32.964462],[35.24574,32.965955],[35.249319,32.964243],[35.251631,32.965276],[35.253502,32.964242],[35.248349,32.961801],[35.25091,32.957974],[35.250456,32.957409]]]},"properties":{"FID":81,"Muni_Heb":"ירכא","Muni_Eng":"Yirka","Sug_Muni":"מועצה מקומית","CR_PNIM":"0502","CR_LAMAS":"502","Machoz":"צפון","Hearot":"השכבה אינה סטטוטורית באופן מלא.","Eshkol_MPn":" ","Sign_Date":1655596800000,"Tikun1":null,"Tikun2":null,"Tikun3":null,"Tikun4":null,"Tikun5":null,"Tikun6":null,"Tikun7":null,"Tikun8":null,"Tikun9":null,"Tikun10":null,"Tikun11":null,"Tikun12":null,"Tikun13":null,"Tikun14":null,"Tikun15":null,"Precision_":"מקור וקטורי חתום","FIRST_Nafa":"עכו","LAST_Nafa2":" ","Shape_Leng":27251.6628672,"Shape_Area":16137202.7069,"Shape__Area":22982858.333984375,"Shape__Length":32502.54903226663}},{"type":"Feature","id":82,"geometry":{"type":"Polygon","coordinates":[[[35.194905,32.894022],[35.195739,32.892266],[35.195083,32.890482],[35.203359,32.887182],[35.204064,32.88402],[35.20984,32.882968],[35.209772,32.881956],[35.219706,32.878811],[35.219233,32.876266],[35.219434,32.874862],[35.220041,32.8748],[35.219292,32.874561],[35.222144,32.872416],[35.224264,32.865595],[35.224228,32.863278],[35.224887,32.863047],[35.224853,32.861863],[35.221976,32.861575],[35.219926,32.857718],[35.213478,32.857942],[35.202422,32.861829],[35.200034,32.864263],[35.196685,32.862514],[35.195412,32.863302],[35.194389,32.865423],[35.192828,32.866091],[35.189558,32.866293],[35.186697,32.864598],[35.183737,32.86439],[35.184378,32.866843],[35.188943,32.868249],[35.189015,32.869726],[35.188108,32.870248],[35.189732,32.870359],[35.189828,32.871023],[35.192939,32.870793],[35.195124,32.869511],[35.196719,32.871555],[35.196426,32.872789],[35.192105,32.876059],[35.18948,32.876408],[35.185272,32.875015],[35.181362,32.876787],[35.184497,32.876024],[35.198423,32.87734],[35.198537,32.879723],[35.197229,32.880971],[35.19706,32.884358],[35.195366,32.884479],[35.193196,32.886471],[35.193727,32.888199],[35.192561,32.888461],[35.193525,32.891023],[35.187654,32.892434],[35.188454,32.89529],[35.194407,32.895628],[35.194905,32.894022]]]},"properties":{"FID":82,"Muni_Heb":"כאבול","Muni_Eng":"Kabul","Sug_Muni":"מועצה מקומית","CR_PNIM":"0504","CR_LAMAS":"504","Machoz":"צפון","Hearot":"השכבה אינה סטטוטורית באופן מלא.","Eshkol_MPn":" ","Sign_Date":1539129600000,"Tikun1":null,"Tikun2":null,"Tikun3":null,"Tikun4":null,"Tikun5":null,"Tikun6":null,"Tikun7":null,"Tikun8":null,"Tikun9":null,"Tikun10":null,"Tikun11":null,"Tikun12":null,"Tikun13":null,"Tikun14":null,"Tikun15":null,"Precision_":"מקור וקטורי חתום","FIRST_Nafa":"עכו","LAST_Nafa2":" ","Shape_Leng":19771.915202,"Shape_Area":7277324.44532,"Shape__Area":10344968.065429688,"Shape__Length":23563.52625357129}},{"type":"Feature","id":83,"geometry":{"type":"Polygon","coordinates":[[[35.247532,32.819646],[35.244228,32.819637],[35.243558,32.822432],[35.242276,32.823412],[35.241555,32.825972],[35.242042,32.831721],[35.241229,32.833496],[35.24177,32.836197],[35.241168,32.836613],[35.244431,32.837735],[35.251571,32.836597],[35.258889,32.839697],[35.25897,32.837731],[35.261139,32.835842],[35.257674,32.831297],[35.258807,32.827164],[35.258055,32.825553],[35.256222,32.823018],[35.253569,32.822827],[35.253263,32.823411],[35.249567,32.822648],[35.249715,32.821241],[35.247532,32.819646]]]},"properties":{"FID":83,"Muni_Heb":"כאוכב אבו אל היג'א","Muni_Eng":"Kawkab Abu al Hija","Sug_Muni":"מועצה מקומית","CR_PNIM":"0505","CR_LAMAS":"505","Machoz":"צפון","Hearot":"השכבה אינה סטטוטורית באופן מלא.","Eshkol_MPn":" ","Sign_Date":1465084800000,"Tikun1":null,"Tikun2":null,"Tikun3":null,"Tikun4":null,"Tikun5":null,"Tikun6":null,"Tikun7":null,"Tikun8":null,"Tikun9":null,"Tikun10":null,"Tikun11":null,"Tikun12":null,"Tikun13":null,"Tikun14":null,"Tikun15":null,"Precision_":"מקור וקטורי חתום","FIRST_Nafa":"עכו","LAST_Nafa2":" ","Shape_Leng":7581.6303635,"Shape_Area":2731461.4129,"Shape__Area":3879170.982421875,"Shape__Length":9037.3086449147613}},{"type":"Feature","id":84,"geometry":{"type":"Polygon","coordinates":[[[34.998815,32.228452],[34.9995,32.229365],[34.996563,32.231895],[34.997347,32.232765],[34.999711,32.231952],[35.002447,32.23226],[35.004986,32.230601],[35.006194,32.23094],[35.005192,32.233005],[35.00816,32.233175],[35.010146,32.232155],[35.010833,32.230569],[35.004924,32.223981],[34.991634,32.213132],[34.988999,32.207634],[34.987337,32.207124],[34.982593,32.209192],[34.984049,32.210585],[34.984882,32.212916],[34.983922,32.214076],[34.981254,32.21508],[34.982232,32.217192],[34.979527,32.218316],[34.98078,32.220352],[34.988845,32.219537],[34.987338,32.221619],[34.987609,32.222367],[34.992822,32.222582],[34.991301,32.224459],[34.992418,32.225446],[34.995841,32.226222],[34.993244,32.227647],[34.993275,32.228661],[34.995718,32.229359],[34.998815,32.228452]]]},"properties":{"FID":84,"Muni_Heb":"כוכב יאיר","Muni_Eng":"Kohav Yair","Sug_Muni":"מועצה מקומית","CR_PNIM":"1224","CR_LAMAS":"1224","Machoz":"מרכז","Hearot":"השכבה אינה סטטוטורית באופן מלא.","Eshkol_MPn":" ","Sign_Date":1232496000000,"Tikun1":null,"Tikun2":null,"Tikun3":null,"Tikun4":null,"Tikun5":null,"Tikun6":null,"Tikun7":null,"Tikun8":null,"Tikun9":null,"Tikun10":null,"Tikun11":null,"Tikun12":null,"Tikun13":null,"Tikun14":null,"Tikun15":null,"Precision_":"מקור וקטורי חתום","FIRST_Nafa":"פתח תקווה","LAST_Nafa2":" ","Shape_Leng":11980.1581168,"Shape_Area":3046520.84603,"Shape__Area":4268902.4521484375,"Shape__Length":14177.362163928557}},{"type":"Feature","id":85,"geometry":{"type":"Polygon","coordinates":[[[35.118496,31.251971],[35.124876,31.251975],[35.12335,31.245794],[35.111375,31.239715],[35.105435,31.239493],[35.104073,31.237368],[35.110499,31.233721],[35.116569,31.235304],[35.115796,31.238328],[35.11888,31.239326],[35.120546,31.235436],[35.109492,31.233654],[35.103974,31.237214],[35.100107,31.232477],[35.096509,31.22998],[35.097243,31.226237],[35.096382,31.224932],[35.094185,31.225051],[35.094206,31.222752],[35.091012,31.222691],[35.090716,31.224733],[35.08809,31.225677],[35.089666,31.22878],[35.088974,31.229108],[35.088059,31.228904],[35.087585,31.226518],[35.086078,31.225416],[35.083159,31.2266],[35.082795,31.228914],[35.079815,31.229314],[35.079203,31.231934],[35.08067,31.235383],[35.079441,31.236417],[35.074245,31.231312],[35.072382,31.231429],[35.069332,31.226994],[35.066947,31.226307],[35.064413,31.226743],[35.061107,31.229284],[35.060853,31.231904],[35.061879,31.235672],[35.057554,31.237905],[35.05853,31.244025],[35.062305,31.246377],[35.064077,31.248522],[35.063782,31.250639],[35.060333,31.252593],[35.059062,31.254493],[35.059174,31.256258],[35.061252,31.258381],[35.070751,31.255353],[35.069399,31.255355],[35.069,31.254436],[35.074068,31.252618],[35.079289,31.253153],[35.091778,31.252222],[35.099454,31.247372],[35.10322,31.251789],[35.118496,31.251971]]]},"properties":{"FID":85,"Muni_Heb":"כסייפה","Muni_Eng":"Kseyfe","Sug_Muni":"מועצה מקומית","CR_PNIM":"1059","CR_LAMAS":"1059","Machoz":"דרום","Hearot":"השכבה אינה סטטוטורית באופן מלא.","Eshkol_MPn":"אשכול רשויות נגב מזרחי","Sign_Date":1530057600000,"Tikun1":null,"Tikun2":null,"Tikun3":null,"Tikun4":null,"Tikun5":null,"Tikun6":null,"Tikun7":null,"Tikun8":null,"Tikun9":null,"Tikun10":null,"Tikun11":null,"Tikun12":null,"Tikun13":null,"Tikun14":null,"Tikun15":null,"Precision_":"מקור וקטורי חתום","FIRST_Nafa":"באר שבע","LAST_Nafa2":" ","Shape_Leng":26606.2176221,"Shape_Area":13526289.6161,"Shape__Area":18560878.328125,"Shape__Length":31154.3156565823}},{"type":"Feature","id":86,"geometry":{"type":"Polygon","coordinates":[[[35.313713,32.964726],[35.314078,32.962893],[35.313184,32.961311],[35.31605,32.959086],[35.317053,32.956843],[35.315599,32.956921],[35.314177,32.954801],[35.313636,32.955839],[35.312246,32.955901],[35.311693,32.9555],[35.312513,32.954604],[35.311052,32.954024],[35.304827,32.95368],[35.305472,32.951375],[35.30469,32.951019],[35.305247,32.950064],[35.304319,32.949126],[35.298132,32.950093],[35.289041,32.950069],[35.284683,32.951359],[35.271798,32.957319],[35.271375,32.961456],[35.274527,32.961815],[35.276602,32.960745],[35.276747,32.961819],[35.28129,32.960993],[35.27995,32.962036],[35.271988,32.963608],[35.273504,32.968644],[35.275101,32.968016],[35.276632,32.969629],[35.27827,32.96984],[35.278821,32.971869],[35.285715,32.969366],[35.288012,32.970286],[35.28842,32.978317],[35.286552,32.979884],[35.28023,32.981103],[35.281975,32.985137],[35.277758,32.987828],[35.279151,32.992031],[35.283405,32.992837],[35.283997,32.994196],[35.28582,32.992122],[35.286268,32.992693],[35.289106,32.991614],[35.290869,32.992139],[35.290917,32.991068],[35.29337,32.988433],[35.294762,32.990546],[35.295979,32.987648],[35.295174,32.986706],[35.299803,32.986279],[35.301085,32.986442],[35.301394,32.98758],[35.304013,32.987279],[35.304905,32.987625],[35.304318,32.989228],[35.304942,32.989667],[35.309105,32.98852],[35.311984,32.98599],[35.314229,32.985172],[35.314111,32.984142],[35.315643,32.982795],[35.316484,32.98298],[35.316462,32.98196],[35.317519,32.981259],[35.316695,32.979842],[35.318178,32.979204],[35.317952,32.976896],[35.320491,32.977058],[35.320814,32.974514],[35.319446,32.974739],[35.319164,32.973593],[35.317426,32.973561],[35.316532,32.971617],[35.315843,32.971701],[35.313169,32.967167],[35.313713,32.964726]]]},"properties":{"FID":86,"Muni_Heb":"כסרא - סמיע","Muni_Eng":"Kisrah - Smi'a","Sug_Muni":"מועצה מקומית","CR_PNIM":"1296","CR_LAMAS":"1296","Machoz":"צפון","Hearot":"השכבה אינה סטטוטורית באופן מלא.","Eshkol_MPn":" ","Sign_Date":1546473600000,"Tikun1":null,"Tikun2":null,"Tikun3":null,"Tikun4":null,"Tikun5":null,"Tikun6":null,"Tikun7":null,"Tikun8":null,"Tikun9":null,"Tikun10":null,"Tikun11":null,"Tikun12":null,"Tikun13":null,"Tikun14":null,"Tikun15":null,"Precision_":"מקור וקטורי חתום","FIRST_Nafa":"עכו","LAST_Nafa2":" ","Shape_Leng":24147.9475903,"Shape_Area":14156489.6088,"Shape__Area":20167769.458984375,"Shape__Length":28816.689700980485}},{"type":"Feature","id":87,"geometry":{"type":"Polygon","coordinates":[[[34.969271,32.133812],[34.973119,32.133104],[34.974029,32.133969],[34.973143,32.135196],[34.975883,32.135842],[34.988715,32.134142],[34.985507,32.130251],[34.98494,32.127399],[34.986078,32.122939],[34.97854,32.125412],[34.977179,32.124631],[34.975931,32.125483],[34.972535,32.124384],[34.970217,32.125966],[34.969268,32.128535],[34.967446,32.128975],[34.966075,32.128048],[34.9636,32.1299],[34.962895,32.129143],[34.957284,32.130077],[34.956954,32.135329],[34.969271,32.133812]]]},"properties":{"FID":87,"Muni_Heb":"כפר ברא","Muni_Eng":"Kefar Bara","Sug_Muni":"מועצה מקומית","CR_PNIM":"0633","CR_LAMAS":"633","Machoz":"מרכז","Hearot":"השכבה אינה סטטוטורית באופן מלא.","Eshkol_MPn":"אשכול רשויות השרון","Sign_Date":1649894400000,"Tikun1":null,"Tikun2":null,"Tikun3":null,"Tikun4":null,"Tikun5":null,"Tikun6":null,"Tikun7":null,"Tikun8":null,"Tikun9":null,"Tikun10":null,"Tikun11":null,"Tikun12":null,"Tikun13":null,"Tikun14":null,"Tikun15":null,"Precision_":"מקור וקטורי חתום","FIRST_Nafa":"פתח תקווה","LAST_Nafa2":" ","Shape_Leng":9258.25359601,"Shape_Area":2450530.90296,"Shape__Area":3426995.6396484375,"Shape__Length":10942.225289717368}},{"type":"Feature","id":88,"geometry":{"type":"Polygon","coordinates":[[[35.238251,33.008345],[35.241437,33.00878],[35.252353,33.007924],[35.260003,33.002514],[35.267008,33.001954],[35.270999,32.999844],[35.272656,33.00005],[35.274298,32.999128],[35.277155,32.999948],[35.279653,32.999428],[35.279641,33.001535],[35.282049,33.000486],[35.283865,32.993327],[35.279523,32.992378],[35.278518,32.98938],[35.276916,32.989139],[35.274842,32.989245],[35.274565,32.990556],[35.269019,32.990352],[35.26032,32.992718],[35.253052,32.992699],[35.24574,32.993927],[35.244761,32.995014],[35.244533,32.999153],[35.243692,32.999362],[35.243474,33.000948],[35.244862,33.001259],[35.244479,33.003696],[35.23896,33.003284],[35.237471,33.005582],[35.23863,33.006414],[35.238251,33.008345]]]},"properties":{"FID":88,"Muni_Heb":"כפר ורדים","Muni_Eng":"Kefar Veradim","Sug_Muni":"מועצה מקומית","CR_PNIM":"1263","CR_LAMAS":"1263","Machoz":"צפון","Hearot":"השכבה אינה סטטוטורית באופן מלא.","Eshkol_MPn":"אשכול רשויות גליל מערבי","Sign_Date":1335052800000,"Tikun1":null,"Tikun2":null,"Tikun3":null,"Tikun4":null,"Tikun5":null,"Tikun6":null,"Tikun7":null,"Tikun8":null,"Tikun9":null,"Tikun10":null,"Tikun11":null,"Tikun12":null,"Tikun13":null,"Tikun14":null,"Tikun15":null,"Precision_":"מקור וקטורי חתום","FIRST_Nafa":"עכו","LAST_Nafa2":" ","Shape_Leng":12888.0021857,"Shape_Area":4855698.03458,"Shape__Area":6922041.5361328125,"Shape__Length":15377.614052991112}},{"type":"Feature","id":89,"geometry":{"type":"Polygon","coordinates":[[[35.17197,32.952865],[35.170263,32.950243],[35.16932,32.945703],[35.167972,32.943596],[35.169127,32.943091],[35.16854,32.942126],[35.166004,32.942416],[35.161652,32.940507],[35.158945,32.941188],[35.15906,32.942275],[35.156894,32.942259],[35.156975,32.943562],[35.154563,32.94416],[35.154585,32.944891],[35.149102,32.945873],[35.150511,32.94828],[35.149262,32.95285],[35.150372,32.95573],[35.150731,32.960109],[35.152376,32.96038],[35.156124,32.958337],[35.157143,32.958412],[35.157925,32.960166],[35.163096,32.959462],[35.163548,32.957892],[35.165228,32.958606],[35.167004,32.958052],[35.168457,32.953677],[35.17197,32.952865]]]},"properties":{"FID":89,"Muni_Heb":"כפר יאסיף","Muni_Eng":"Kefar Yasif","Sug_Muni":"מועצה מקומית","CR_PNIM":"0507","CR_LAMAS":"507","Machoz":"צפון","Hearot":"השכבה אינה סטטוטורית באופן מלא.","Eshkol_MPn":" ","Sign_Date":1607385600000,"Tikun1":null,"Tikun2":null,"Tikun3":null,"Tikun4":null,"Tikun5":null,"Tikun6":null,"Tikun7":null,"Tikun8":null,"Tikun9":null,"Tikun10":null,"Tikun11":null,"Tikun12":null,"Tikun13":null,"Tikun14":null,"Tikun15":null,"Precision_":"מקור וקטורי חתום","FIRST_Nafa":"עכו","LAST_Nafa2":" ","Shape_Leng":8620.98302312,"Shape_Area":3264838.95386,"Shape__Area":4649218.705078125,"Shape__Length":10288.558577825059}},{"type":"Feature","id":90,"geometry":{"type":"Polygon","coordinates":[[[34.911837,32.332417],[34.9129,32.335019],[34.916127,32.334073],[34.916239,32.335203],[34.91721,32.335191],[34.917213,32.339552],[34.921548,32.339636],[34.922866,32.341248],[34.924398,32.340373],[34.925475,32.343489],[34.928318,32.342766],[34.928351,32.341775],[34.929337,32.341374],[34.930596,32.34142],[34.928796,32.337894],[34.931476,32.337134],[34.932242,32.334417],[34.93286,32.335568],[34.936686,32.335624],[34.936604,32.339132],[34.940209,32.338716],[34.940996,32.34271],[34.942809,32.342211],[34.941217,32.335612],[34.943,32.328216],[34.942716,32.326093],[34.941125,32.323526],[34.943798,32.322128],[34.947874,32.318345],[34.951586,32.317033],[34.953486,32.314807],[34.948472,32.311398],[34.928352,32.306175],[34.923984,32.305944],[34.91952,32.303411],[34.916754,32.303522],[34.915427,32.30425],[34.916666,32.308126],[34.914566,32.308231],[34.914394,32.313187],[34.910542,32.314154],[34.910041,32.313346],[34.905588,32.313301],[34.907248,32.317309],[34.905422,32.31708],[34.905649,32.319394],[34.907265,32.322276],[34.903446,32.320594],[34.903923,32.323092],[34.907263,32.322995],[34.908564,32.328192],[34.913601,32.32752],[34.915195,32.331441],[34.911837,32.332417]]]},"properties":{"FID":90,"Muni_Heb":"כפר יונה","Muni_Eng":"Kefar Yona","Sug_Muni":"עירייה","CR_PNIM":"0168","CR_LAMAS":"168","Machoz":"מרכז","Hearot":"השכבה אינה סטטוטורית באופן מלא.","Eshkol_MPn":" ","Sign_Date":1539129600000,"Tikun1":null,"Tikun2":null,"Tikun3":null,"Tikun4":null,"Tikun5":null,"Tikun6":null,"Tikun7":null,"Tikun8":null,"Tikun9":null,"Tikun10":null,"Tikun11":null,"Tikun12":null,"Tikun13":null,"Tikun14":null,"Tikun15":null,"Precision_":"מקור וקטורי חתום","FIRST_Nafa":"השרון","LAST_Nafa2":" ","Shape_Leng":20297.060741,"Shape_Area":11511172.6884,"Shape__Area":16165280.250976563,"Shape__Length":24053.277811775552}},{"type":"Feature","id":91,"geometry":{"type":"Polygon","coordinates":[[[35.412321,32.724751],[35.413554,32.724701],[35.419165,32.729536],[35.420844,32.729189],[35.424377,32.731344],[35.430495,32.730194],[35.431349,32.732262],[35.437317,32.731184],[35.444344,32.731508],[35.448489,32.730623],[35.453534,32.728456],[35.454005,32.729191],[35.459448,32.725712],[35.454934,32.718062],[35.454651,32.715721],[35.453203,32.716956],[35.442214,32.71171],[35.435349,32.711968],[35.432264,32.707239],[35.429483,32.708886],[35.426047,32.709595],[35.411637,32.711065],[35.410908,32.713143],[35.408584,32.714881],[35.408459,32.718141],[35.407216,32.71954],[35.408565,32.721265],[35.410057,32.721067],[35.409275,32.722099],[35.412321,32.724751]]]},"properties":{"FID":91,"Muni_Heb":"כפר כמא","Muni_Eng":"Kefar Kama","Sug_Muni":"מועצה מקומית","CR_PNIM":"0508","CR_LAMAS":"508","Machoz":"צפון","Hearot":"השכבה אינה סטטוטורית באופן מלא.","Eshkol_MPn":"אשכול רשויות הכנרת והעמקים","Sign_Date":1336867200000,"Tikun1":null,"Tikun2":null,"Tikun3":null,"Tikun4":null,"Tikun5":null,"Tikun6":null,"Tikun7":null,"Tikun8":null,"Tikun9":null,"Tikun10":null,"Tikun11":null,"Tikun12":null,"Tikun13":null,"Tikun14":null,"Tikun15":null,"Precision_":"מקור וקטורי חתום","FIRST_Nafa":"כנרת","LAST_Nafa2":" ","Shape_Leng":13218.0228742,"Shape_Area":8826978.64731,"Shape__Area":12505339.161132813,"Shape__Length":15722.300062765527}},{"type":"Feature","id":92,"geometry":{"type":"Polygon","coordinates":[[[35.354606,32.773146],[35.35709,32.772962],[35.357563,32.762372],[35.356056,32.761337],[35.352806,32.762172],[35.35248,32.762883],[35.350722,32.761916],[35.355176,32.759846],[35.355226,32.759161],[35.34988,32.757679],[35.34749,32.755291],[35.349818,32.752314],[35.351498,32.753923],[35.365366,32.753581],[35.365883,32.753216],[35.365237,32.747873],[35.361476,32.745747],[35.35817,32.744946],[35.357934,32.743736],[35.356968,32.743619],[35.357343,32.743037],[35.355119,32.743001],[35.355823,32.740871],[35.354578,32.740877],[35.354717,32.740326],[35.351306,32.738177],[35.35148,32.734793],[35.345345,32.73655],[35.344562,32.734738],[35.342021,32.734686],[35.342021,32.732783],[35.339943,32.734739],[35.33841,32.734051],[35.33602,32.735037],[35.33349,32.738121],[35.329728,32.738679],[35.331876,32.741475],[35.333736,32.741691],[35.33477,32.742955],[35.333671,32.746204],[35.33233,32.746858],[35.332358,32.745791],[35.331364,32.745319],[35.330873,32.747339],[35.332338,32.748724],[35.329001,32.751441],[35.329796,32.751797],[35.328751,32.753364],[35.3293,32.753784],[35.327461,32.757075],[35.331639,32.760962],[35.333028,32.761318],[35.333368,32.763704],[35.327297,32.764698],[35.328155,32.769963],[35.329942,32.769894],[35.329873,32.77129],[35.344724,32.773244],[35.354606,32.773146]]]},"properties":{"FID":92,"Muni_Heb":"כפר כנא","Muni_Eng":"Kefar Kana","Sug_Muni":"מועצה מקומית","CR_PNIM":"0509","CR_LAMAS":"509","Machoz":"צפון","Hearot":"השכבה אינה סטטוטורית באופן מלא.","Eshkol_MPn":"אשכול רשויות הגליל והעמקים","Sign_Date":1341705600000,"Tikun1":null,"Tikun2":null,"Tikun3":null,"Tikun4":null,"Tikun5":null,"Tikun6":null,"Tikun7":null,"Tikun8":null,"Tikun9":null,"Tikun10":null,"Tikun11":null,"Tikun12":null,"Tikun13":null,"Tikun14":null,"Tikun15":null,"Precision_":"מקור וקטורי חתום","FIRST_Nafa":"יזרעאל","LAST_Nafa2":" ","Shape_Leng":20298.606144,"Shape_Area":10056412.1839,"Shape__Area":14257900.290039063,"Shape__Length":24162.409038875387}},{"type":"Feature","id":93,"geometry":{"type":"Polygon","coordinates":[[[35.254111,32.820794],[35.260727,32.82016],[35.268764,32.81786],[35.284225,32.816756],[35.283315,32.813213],[35.286538,32.812958],[35.286893,32.808124],[35.283681,32.808108],[35.284385,32.795882],[35.277044,32.798911],[35.271716,32.795995],[35.271992,32.794557],[35.267434,32.791999],[35.267742,32.792882],[35.265139,32.792898],[35.264983,32.794058],[35.250204,32.795558],[35.247979,32.793144],[35.245249,32.793846],[35.243253,32.791957],[35.240841,32.791742],[35.236991,32.792963],[35.236959,32.796417],[35.239345,32.796664],[35.239456,32.800857],[35.235673,32.802356],[35.237448,32.802756],[35.23831,32.804171],[35.237008,32.804223],[35.236843,32.805183],[35.239751,32.807101],[35.237683,32.808238],[35.237297,32.81028],[35.236084,32.811403],[35.236878,32.815473],[35.240292,32.813879],[35.243696,32.813357],[35.249597,32.816142],[35.252678,32.816221],[35.254111,32.820794]]]},"properties":{"FID":93,"Muni_Heb":"כפר מנדא","Muni_Eng":"Kefar Manda","Sug_Muni":"מועצה מקומית","CR_PNIM":"0510","CR_LAMAS":"510","Machoz":"צפון","Hearot":"השכבה אינה סטטוטורית באופן מלא.","Eshkol_MPn":" ","Sign_Date":1335052800000,"Tikun1":null,"Tikun2":null,"Tikun3":null,"Tikun4":null,"Tikun5":null,"Tikun6":null,"Tikun7":null,"Tikun8":null,"Tikun9":null,"Tikun10":null,"Tikun11":null,"Tikun12":null,"Tikun13":null,"Tikun14":null,"Tikun15":null,"Precision_":"מקור וקטורי חתום","FIRST_Nafa":"עכו","LAST_Nafa2":" ","Shape_Leng":17217.6674492,"Shape_Area":11028458.0926,"Shape__Area":15654076.713867188,"Shape__Length":20502.910435615882}},{"type":"Feature","id":94,"geometry":{"type":"Polygon","coordinates":[[[34.956356,32.190452],[34.956886,32.18483],[34.953902,32.179326],[34.953446,32.181149],[34.948903,32.181532],[34.945423,32.179226],[34.934315,32.174783],[34.929082,32.170249],[34.930318,32.164802],[34.939658,32.160798],[34.938271,32.159293],[34.925697,32.165149],[34.912035,32.16977],[34.906215,32.169854],[34.895896,32.172176],[34.891408,32.171644],[34.891124,32.172432],[34.889573,32.171835],[34.889106,32.173304],[34.891242,32.175256],[34.888533,32.178236],[34.890248,32.185859],[34.888596,32.192354],[34.885471,32.197094],[34.885096,32.198906],[34.886803,32.199021],[34.8866,32.20094],[34.890916,32.201074],[34.892761,32.200517],[34.892553,32.198309],[34.901074,32.197729],[34.900709,32.194049],[34.897639,32.193901],[34.897656,32.192553],[34.900311,32.192329],[34.903779,32.190781],[34.905223,32.191738],[34.907115,32.190552],[34.912257,32.196107],[34.914126,32.195396],[34.914249,32.194418],[34.920109,32.192268],[34.919227,32.189627],[34.931412,32.186323],[34.934375,32.194864],[34.9437,32.193007],[34.951575,32.189625],[34.95264,32.191909],[34.956356,32.190452]]]},"properties":{"FID":94,"Muni_Heb":"כפר סבא","Muni_Eng":"Kefar Saba","Sug_Muni":"עירייה","CR_PNIM":"6900","CR_LAMAS":"6900","Machoz":"מרכז","Hearot":"השכבה אינה סטטוטורית באופן מלא.","Eshkol_MPn":"אשכול רשויות השרון","Sign_Date":1400025600000,"Tikun1":null,"Tikun2":null,"Tikun3":null,"Tikun4":null,"Tikun5":null,"Tikun6":null,"Tikun7":null,"Tikun8":null,"Tikun9":null,"Tikun10":null,"Tikun11":null,"Tikun12":null,"Tikun13":null,"Tikun14":null,"Tikun15":null,"Precision_":"מקור וקטורי חתום","FIRST_Nafa":"פתח תקווה","LAST_Nafa2":" ","Shape_Leng":25518.3253005,"Shape_Area":14483121.6488,"Shape__Area":20276941.638671875,"Shape__Length":30182.491924965958}},{"type":"Feature","id":95,"geometry":{"type":"Polygon","coordinates":[[[34.944186,32.120107],[34.943601,32.122822],[34.944797,32.124112],[34.946169,32.12944],[34.947142,32.130565],[34.950891,32.130281],[34.950946,32.131603],[34.951703,32.131802],[34.951939,32.129607],[34.956694,32.130204],[34.962895,32.129143],[34.9636,32.1299],[34.966075,32.128048],[34.967446,32.128975],[34.969268,32.128535],[34.970217,32.125966],[34.972535,32.124384],[34.975931,32.125483],[34.977179,32.124631],[34.97854,32.125412],[34.986078,32.122939],[34.988782,32.11945],[34.988903,32.114958],[34.992847,32.112459],[34.993785,32.109449],[34.993522,32.107181],[34.993191,32.106413],[34.991946,32.107933],[34.988722,32.106348],[34.986996,32.107186],[34.985518,32.104061],[34.985136,32.10465],[34.98403,32.104064],[34.981004,32.104942],[34.980225,32.103418],[34.975782,32.103618],[34.973857,32.104651],[34.971983,32.109042],[34.970325,32.108881],[34.968606,32.11041],[34.96366,32.110536],[34.962993,32.108601],[34.961592,32.109192],[34.961504,32.110722],[34.959976,32.110541],[34.96018,32.112786],[34.958419,32.112898],[34.958482,32.111731],[34.957807,32.112012],[34.957025,32.109952],[34.956773,32.106567],[34.955962,32.106337],[34.956046,32.103633],[34.951207,32.10695],[34.948765,32.107138],[34.947289,32.114154],[34.944186,32.120107]]]},"properties":{"FID":95,"Muni_Heb":"כפר קאסם","Muni_Eng":"Kefar Kasem","Sug_Muni":"עירייה","CR_PNIM":"0634","CR_LAMAS":"634","Machoz":"מרכז","Hearot":"השכבה אינה סטטוטורית באופן מלא.","Eshkol_MPn":"אשכול רשויות השרון","Sign_Date":1346025600000,"Tikun1":1465084800000,"Tikun2":null,"Tikun3":null,"Tikun4":null,"Tikun5":null,"Tikun6":null,"Tikun7":null,"Tikun8":null,"Tikun9":null,"Tikun10":null,"Tikun11":null,"Tikun12":null,"Tikun13":null,"Tikun14":null,"Tikun15":null,"Precision_":"מקור וקטורי חתום","FIRST_Nafa":"פתח תקווה","LAST_Nafa2":" ","Shape_Leng":17336.8506038,"Shape_Area":9300130.287,"Shape__Area":13002194.9921875,"Shape__Length":20502.828611701389}},{"type":"Feature","id":96,"geometry":{"type":"Polygon","coordinates":[[[35.067506,32.499822],[35.063342,32.497105],[35.06124,32.500514],[35.050223,32.492583],[35.04664,32.490994],[35.046161,32.494043],[35.039922,32.49535],[35.034673,32.494841],[35.034144,32.496173],[35.031092,32.496373],[35.029307,32.497641],[35.024919,32.496645],[35.02574,32.505409],[35.027593,32.509991],[35.045124,32.512721],[35.047759,32.514114],[35.050628,32.517137],[35.057461,32.517413],[35.063018,32.519562],[35.064639,32.518902],[35.063955,32.517905],[35.064779,32.514301],[35.068862,32.51436],[35.069429,32.515336],[35.067975,32.512453],[35.067844,32.508843],[35.064542,32.507001],[35.067506,32.499822]]]},"properties":{"FID":96,"Muni_Heb":"כפר קרע","Muni_Eng":"Kefar Kara","Sug_Muni":"מועצה מקומית","CR_PNIM":"0654","CR_LAMAS":"654","Machoz":"חיפה","Hearot":"השכבה אינה סטטוטורית באופן מלא.","Eshkol_MPn":" ","Sign_Date":1116979200000,"Tikun1":null,"Tikun2":null,"Tikun3":null,"Tikun4":null,"Tikun5":null,"Tikun6":null,"Tikun7":null,"Tikun8":null,"Tikun9":null,"Tikun10":null,"Tikun11":null,"Tikun12":null,"Tikun13":null,"Tikun14":null,"Tikun15":null,"Precision_":"מקור וקטורי חתום","FIRST_Nafa":"חדרה","LAST_Nafa2":" ","Shape_Leng":14114.8652975,"Shape_Area":7809637.27584,"Shape__Area":11011489.018554688,"Shape__Length":16756.349805820937}},{"type":"Feature","id":97,"geometry":{"type":"Polygon","coordinates":[[[34.818186,32.19378],[34.82082,32.19448],[34.823864,32.193094],[34.836832,32.191469],[34.836916,32.189463],[34.834794,32.189726],[34.834138,32.181307],[34.832905,32.179452],[34.829094,32.179901],[34.829116,32.17843],[34.825207,32.178906],[34.819503,32.177277],[34.819822,32.177746],[34.818455,32.177797],[34.818443,32.179759],[34.81593,32.180132],[34.815365,32.185805],[34.818186,32.19378]]]},"properties":{"FID":97,"Muni_Heb":"כפר שמריהו","Muni_Eng":"Kefar Shmaryahu","Sug_Muni":"מועצה מקומית","CR_PNIM":"0267","CR_LAMAS":"267","Machoz":"תל אביב","Hearot":"השכבה אינה סטטוטורית באופן מלא.","Eshkol_MPn":" ","Sign_Date":1359504000000,"Tikun1":null,"Tikun2":null,"Tikun3":null,"Tikun4":null,"Tikun5":null,"Tikun6":null,"Tikun7":null,"Tikun8":null,"Tikun9":null,"Tikun10":null,"Tikun11":null,"Tikun12":null,"Tikun13":null,"Tikun14":null,"Tikun15":null,"Precision_":"מקור וקטורי חתום","FIRST_Nafa":"תל אביב - יפו","LAST_Nafa2":" ","Shape_Leng":7336.51513512,"Shape_Area":2728428.72797,"Shape__Area":3820153.0888671875,"Shape__Length":8680.9617802411958}},{"type":"Feature","id":98,"geometry":{"type":"Polygon","coordinates":[[[35.396824,32.673074],[35.398219,32.672603],[35.399349,32.675321],[35.399966,32.675332],[35.399498,32.676048],[35.404066,32.675614],[35.404878,32.676418],[35.405067,32.678703],[35.408662,32.677883],[35.411834,32.678353],[35.414753,32.680615],[35.413815,32.685857],[35.416121,32.688455],[35.41439,32.693359],[35.416002,32.694992],[35.414472,32.696067],[35.415034,32.697033],[35.41368,32.698004],[35.413254,32.700613],[35.419775,32.701442],[35.425143,32.698941],[35.426377,32.700292],[35.426458,32.703514],[35.41895,32.704839],[35.412745,32.704797],[35.412343,32.710646],[35.422269,32.710244],[35.429483,32.708886],[35.432264,32.707239],[35.431582,32.70126],[35.427875,32.691234],[35.43227,32.687751],[35.439388,32.690446],[35.441068,32.687943],[35.447362,32.68576],[35.446598,32.683573],[35.444653,32.681541],[35.445893,32.678701],[35.444524,32.676334],[35.444238,32.67203],[35.443094,32.671131],[35.440437,32.671854],[35.437783,32.663689],[35.434963,32.662719],[35.434662,32.661538],[35.436912,32.659533],[35.43658,32.658498],[35.430346,32.66007],[35.421707,32.664781],[35.419774,32.666672],[35.415838,32.666937],[35.416944,32.66985],[35.415346,32.670224],[35.40941,32.669875],[35.407057,32.668171],[35.405978,32.665831],[35.403318,32.66586],[35.401916,32.664623],[35.400129,32.664869],[35.397807,32.66922],[35.396824,32.673074]]]},"properties":{"FID":98,"Muni_Heb":"כפר תבור","Muni_Eng":"Kefar Tavor","Sug_Muni":"מועצה מקומית","CR_PNIM":"0047","CR_LAMAS":"47","Machoz":"צפון","Hearot":"השכבה אינה סטטוטורית באופן מלא.","Eshkol_MPn":"אשכול רשויות הכנרת והעמקים","Sign_Date":1602547200000,"Tikun1":null,"Tikun2":null,"Tikun3":null,"Tikun4":null,"Tikun5":null,"Tikun6":null,"Tikun7":null,"Tikun8":null,"Tikun9":null,"Tikun10":null,"Tikun11":null,"Tikun12":null,"Tikun13":null,"Tikun14":null,"Tikun15":null,"Precision_":"מקור וקטורי חתום","FIRST_Nafa":"כנרת","LAST_Nafa2":" ","Shape_Leng":24618.62501,"Shape_Area":12387348.4526,"Shape__Area":17534289.939453125,"Shape__Length":29288.783390044275}},{"type":"Feature","id":99,"geometry":{"type":"Polygon","coordinates":[[[35.316912,32.904767],[35.316469,32.903288],[35.31423,32.905816],[35.313152,32.904922],[35.315842,32.900752],[35.317948,32.900717],[35.315487,32.89763],[35.313968,32.896956],[35.308884,32.8956],[35.306656,32.896383],[35.305967,32.897886],[35.306589,32.899118],[35.305827,32.899822],[35.303469,32.900555],[35.299297,32.900357],[35.298864,32.899968],[35.300248,32.898478],[35.301542,32.894881],[35.299472,32.893446],[35.295909,32.893418],[35.294973,32.895967],[35.293841,32.896482],[35.289452,32.895261],[35.288746,32.894328],[35.285262,32.895283],[35.284148,32.893173],[35.282571,32.892655],[35.279693,32.895003],[35.27531,32.89361],[35.271038,32.89657],[35.269004,32.895988],[35.268804,32.898436],[35.267571,32.900168],[35.268473,32.900968],[35.265924,32.901118],[35.264826,32.90213],[35.265383,32.903628],[35.261894,32.904183],[35.260481,32.908202],[35.263106,32.909211],[35.262754,32.911004],[35.264128,32.912281],[35.263513,32.913587],[35.261621,32.914565],[35.264086,32.91421],[35.264245,32.915856],[35.265545,32.91667],[35.267713,32.916001],[35.267669,32.917418],[35.26975,32.918617],[35.269633,32.919639],[35.276236,32.921848],[35.292302,32.925332],[35.306392,32.924009],[35.313831,32.927235],[35.323245,32.928571],[35.328802,32.930453],[35.337898,32.929914],[35.343534,32.93222],[35.345465,32.928581],[35.349255,32.930623],[35.349063,32.928961],[35.350442,32.927935],[35.35477,32.928078],[35.356142,32.926641],[35.355457,32.924937],[35.357023,32.923846],[35.362464,32.925145],[35.362856,32.924216],[35.36215,32.923987],[35.360231,32.919435],[35.359369,32.920209],[35.358509,32.920012],[35.358495,32.918469],[35.353559,32.918438],[35.352776,32.916995],[35.347202,32.917692],[35.347437,32.915355],[35.346215,32.913701],[35.346977,32.912358],[35.346589,32.911034],[35.344382,32.911761],[35.344778,32.912375],[35.342337,32.912127],[35.342784,32.91326],[35.336878,32.91368],[35.336045,32.911944],[35.333731,32.9103],[35.325652,32.911893],[35.323475,32.908628],[35.32208,32.909057],[35.321891,32.910658],[35.319348,32.909887],[35.317156,32.906867],[35.316912,32.904767]]]},"properties":{"FID":99,"Muni_Heb":"כרמיאל","Muni_Eng":"Karmiel","Sug_Muni":"עירייה","CR_PNIM":"1139","CR_LAMAS":"1139","Machoz":"צפון","Hearot":"השכבה אינה סטטוטורית באופן מלא.","Eshkol_MPn":"אשכול רשויות בית הכרם הגלילי","Sign_Date":1336867200000,"Tikun1":null,"Tikun2":null,"Tikun3":null,"Tikun4":null,"Tikun5":null,"Tikun6":null,"Tikun7":null,"Tikun8":null,"Tikun9":null,"Tikun10":null,"Tikun11":null,"Tikun12":null,"Tikun13":null,"Tikun14":null,"Tikun15":null,"Precision_":"מקור וקטורי חתום","FIRST_Nafa":"עכו","LAST_Nafa2":" ","Shape_Leng":31074.8575315,"Shape_Area":22029350.0091,"Shape__Area":31344021.513671875,"Shape__Length":37045.12612164957}},{"type":"Feature","id":100,"geometry":{"type":"Polygon","coordinates":[[[34.917591,32.218098],[34.917804,32.21703],[34.911052,32.215081],[34.9101,32.214853],[34.909499,32.216137],[34.910654,32.220236],[34.909869,32.220481],[34.910095,32.224173],[34.907717,32.225323],[34.908965,32.226888],[34.909835,32.226824],[34.91209,32.230483],[34.911318,32.231641],[34.906502,32.231885],[34.902439,32.234205],[34.898793,32.234818],[34.890242,32.234884],[34.890472,32.236983],[34.887764,32.237322],[34.888254,32.23923],[34.887087,32.239549],[34.888453,32.242224],[34.895263,32.241553],[34.89951,32.246224],[34.909146,32.2471],[34.91676,32.24578],[34.916769,32.24632],[34.919877,32.246438],[34.924461,32.244454],[34.925692,32.246091],[34.928315,32.246896],[34.928474,32.251084],[34.926918,32.255962],[34.925906,32.256719],[34.926816,32.260039],[34.925008,32.260387],[34.925273,32.261369],[34.921994,32.26177],[34.922173,32.262468],[34.915447,32.26207],[34.915118,32.258505],[34.914588,32.256989],[34.912978,32.256993],[34.912706,32.253649],[34.908368,32.254378],[34.9083,32.251766],[34.905054,32.251548],[34.901109,32.25243],[34.899659,32.253415],[34.900359,32.255114],[34.899178,32.255339],[34.898085,32.257778],[34.896992,32.258004],[34.895341,32.255974],[34.895801,32.252009],[34.897161,32.249969],[34.895054,32.248781],[34.890456,32.249366],[34.890249,32.248574],[34.889196,32.248647],[34.894268,32.267477],[34.894749,32.268225],[34.9189,32.265504],[34.921787,32.268796],[34.922827,32.273422],[34.91918,32.273857],[34.919195,32.277566],[34.923966,32.277279],[34.92528,32.278873],[34.92619,32.277543],[34.926696,32.279062],[34.92534,32.280545],[34.926591,32.282484],[34.927886,32.283707],[34.932294,32.283804],[34.932339,32.285157],[34.93414,32.284662],[34.94243,32.28542],[34.942197,32.284604],[34.945636,32.283876],[34.94747,32.284669],[34.948224,32.286021],[34.950102,32.286411],[34.951214,32.288514],[34.953446,32.289478],[34.953448,32.290495],[34.951366,32.291016],[34.944325,32.289583],[34.944121,32.290796],[34.940561,32.291713],[34.938483,32.290734],[34.939115,32.296442],[34.934809,32.299028],[34.935465,32.291504],[34.925108,32.294147],[34.924889,32.291955],[34.915972,32.289398],[34.911599,32.289211],[34.91147,32.293497],[34.900885,32.294394],[34.900955,32.297514],[34.899398,32.297832],[34.899244,32.297019],[34.897898,32.296966],[34.897797,32.299017],[34.891201,32.299131],[34.890616,32.292727],[34.886389,32.293095],[34.886046,32.298196],[34.887141,32.306388],[34.891868,32.316978],[34.892073,32.318911],[34.895911,32.317675],[34.896617,32.32081],[34.898438,32.320889],[34.899142,32.323798],[34.903958,32.323334],[34.903446,32.320594],[34.907265,32.322276],[34.905756,32.31972],[34.905422,32.31708],[34.907248,32.317309],[34.905155,32.311634],[34.902203,32.311149],[34.900703,32.303298],[34.904275,32.3039],[34.914973,32.301612],[34.916535,32.301729],[34.917926,32.303096],[34.923984,32.305944],[34.928352,32.306175],[34.949743,32.311876],[34.953486,32.314807],[34.951586,32.317033],[34.958943,32.314427],[34.979398,32.312522],[35.015129,32.311799],[35.012708,32.307485],[35.012301,32.293937],[35.013506,32.29226],[35.00954,32.282948],[35.004703,32.283596],[35.003671,32.281642],[34.996567,32.283449],[34.991179,32.28364],[34.993116,32.2938],[34.994423,32.294396],[34.99466,32.295357],[34.994353,32.297319],[34.99339,32.297265],[34.998682,32.300285],[34.998381,32.300854],[34.985836,32.303573],[34.986008,32.30468],[34.982312,32.305207],[34.982276,32.304274],[34.977903,32.304291],[34.972342,32.308749],[34.967117,32.308952],[34.966477,32.306037],[34.967252,32.305137],[34.96647,32.305192],[34.96302,32.296292],[34.961647,32.294819],[34.960125,32.295057],[34.959489,32.288976],[34.958145,32.288897],[34.957891,32.287564],[34.958728,32.287556],[34.95727,32.284938],[34.96658,32.283597],[34.967625,32.278869],[34.970204,32.279107],[34.970207,32.278014],[34.975131,32.27723],[34.974714,32.276389],[34.980967,32.27439],[34.978166,32.269623],[34.974892,32.260496],[34.975179,32.257046],[34.973525,32.257282],[34.974486,32.255562],[34.968848,32.255808],[34.966531,32.249127],[34.964725,32.249413],[34.965107,32.250733],[34.958869,32.253019],[34.956862,32.248228],[34.946986,32.243431],[34.945085,32.243621],[34.942078,32.242413],[34.941741,32.237313],[34.937415,32.238385],[34.937195,32.236769],[34.936547,32.236947],[34.936709,32.230364],[34.937421,32.228573],[34.935736,32.228878],[34.936092,32.227099],[34.930468,32.227016],[34.92797,32.227764],[34.927438,32.226598],[34.925609,32.226952],[34.92506,32.22201],[34.923496,32.222073],[34.923361,32.220927],[34.922271,32.220972],[34.92043,32.222788],[34.919223,32.221852],[34.920283,32.221105],[34.918593,32.219181],[34.917604,32.219279],[34.917591,32.218098]]]},"properties":{"FID":100,"Muni_Heb":"לב השרון","Muni_Eng":"Lev Hasharon","Sug_Muni":"מועצה אזורית","CR_PNIM":"5518","CR_LAMAS":" ","Machoz":"מרכז","Hearot":"השכבה אינה סטטוטורית באופן מלא.","Eshkol_MPn":" ","Sign_Date":1659916800000,"Tikun1":null,"Tikun2":null,"Tikun3":null,"Tikun4":null,"Tikun5":null,"Tikun6":null,"Tikun7":null,"Tikun8":null,"Tikun9":null,"Tikun10":null,"Tikun11":null,"Tikun12":null,"Tikun13":null,"Tikun14":null,"Tikun15":null,"Precision_":"מקור וקטורי חתום","FIRST_Nafa":"השרון","LAST_Nafa2":" ","Shape_Leng":92160.8437955,"Shape_Area":54627034.3024,"Shape__Area":76635015.654296875,"Shape__Length":109136.94409564837}},{"type":"Feature","id":101,"geometry":{"type":"Polygon","coordinates":[[[34.808307,31.385491],[34.81831,31.380549],[34.82912,31.369293],[34.827267,31.367452],[34.824956,31.366707],[34.821556,31.362045],[34.821472,31.358958],[34.829472,31.348145],[34.81562,31.348365],[34.815619,31.354054],[34.810096,31.353553],[34.804242,31.35559],[34.802251,31.357143],[34.800902,31.356891],[34.801259,31.348648],[34.791809,31.348901],[34.795818,31.360041],[34.796214,31.363365],[34.789842,31.387885],[34.789551,31.39046],[34.790318,31.393486],[34.793674,31.391191],[34.808307,31.385491]]]},"properties":{"FID":101,"Muni_Heb":"להבים","Muni_Eng":"Lehavim","Sug_Muni":"מועצה מקומית","CR_PNIM":"1271","CR_LAMAS":"1271","Machoz":"דרום","Hearot":"השכבה אינה סטטוטורית באופן מלא.","Eshkol_MPn":" ","Sign_Date":1546128000000,"Tikun1":null,"Tikun2":null,"Tikun3":null,"Tikun4":null,"Tikun5":null,"Tikun6":null,"Tikun7":null,"Tikun8":null,"Tikun9":null,"Tikun10":null,"Tikun11":null,"Tikun12":null,"Tikun13":null,"Tikun14":null,"Tikun15":null,"Precision_":"מקור וקטורי חתום","FIRST_Nafa":"באר שבע","LAST_Nafa2":" ","Shape_Leng":17919.2417871,"Shape_Area":11152274.5556,"Shape__Area":15343715.424804688,"Shape__Length":21025.413541887108}},{"type":"Feature","id":102,"geometry":{"type":"Polygon","coordinates":[[[34.8981,31.971119],[34.900313,31.96855],[34.901222,31.97146],[34.902842,31.971665],[34.904652,31.974343],[34.908874,31.974218],[34.921088,31.967051],[34.920831,31.966425],[34.919052,31.966437],[34.91278,31.969395],[34.908024,31.964996],[34.909638,31.963774],[34.907042,31.960546],[34.911468,31.956819],[34.907351,31.956981],[34.915562,31.947967],[34.914727,31.943667],[34.912833,31.942319],[34.912349,31.945113],[34.904381,31.9434],[34.902862,31.941548],[34.902958,31.940402],[34.904342,31.940794],[34.904456,31.939316],[34.902429,31.938773],[34.900801,31.937092],[34.899943,31.935245],[34.900403,31.934344],[34.898665,31.932423],[34.893344,31.934633],[34.892094,31.934347],[34.891479,31.932719],[34.888115,31.93405],[34.888931,31.93586],[34.887884,31.936148],[34.888354,31.937009],[34.884116,31.939525],[34.883176,31.938576],[34.880898,31.939985],[34.880039,31.939127],[34.876295,31.941179],[34.872269,31.942142],[34.870647,31.93956],[34.869448,31.939829],[34.870686,31.942121],[34.869632,31.941395],[34.867766,31.94179],[34.86784,31.942349],[34.872469,31.943968],[34.870952,31.944413],[34.871917,31.946999],[34.871106,31.947229],[34.871746,31.948909],[34.870239,31.949312],[34.86898,31.948434],[34.871522,31.957051],[34.869636,31.958524],[34.868207,31.965577],[34.863081,31.964632],[34.861236,31.967553],[34.87072,31.9733],[34.872703,31.972913],[34.876547,31.969082],[34.878092,31.97035],[34.883262,31.971483],[34.8981,31.971119]]]},"properties":{"FID":102,"Muni_Heb":"לוד","Muni_Eng":"Lod","Sug_Muni":"עירייה","CR_PNIM":"7000","CR_LAMAS":"7000","Machoz":"מרכז","Hearot":"השכבה אינה סטטוטורית באופן מלא.","Eshkol_MPn":" ","Sign_Date":1598745600000,"Tikun1":null,"Tikun2":null,"Tikun3":null,"Tikun4":null,"Tikun5":null,"Tikun6":null,"Tikun7":null,"Tikun8":null,"Tikun9":null,"Tikun10":null,"Tikun11":null,"Tikun12":null,"Tikun13":null,"Tikun14":null,"Tikun15":null,"Precision_":"מקור וקטורי חתום","FIRST_Nafa":"רמלה","LAST_Nafa2":" ","Shape_Leng":25018.0557092,"Shape_Area":14785792.6196,"Shape__Area":20599079.516601563,"Shape__Length":29522.262333565759}},{"type":"Feature","id":103,"geometry":{"type":"Polygon","coordinates":[[[35.453932,33.020692],[35.455058,33.023186],[35.454336,33.025077],[35.454962,33.026362],[35.454678,33.029174],[35.453537,33.029723],[35.455906,33.029427],[35.45749,33.030386],[35.461563,33.030553],[35.462166,33.028707],[35.458761,33.023748],[35.453932,33.020692]]]},"properties":{"FID":103,"Muni_Heb":"ללא שיפוט - אזור אגם דלתון","Muni_Eng":"No Jurisdiction - Dalton Lake Area","Sug_Muni":"ללא שיפוט","CR_PNIM":"9904","CR_LAMAS":" ","Machoz":"צפון","Hearot":"השכבה אינה סטטוטורית באופן מלא.","Eshkol_MPn":" ","Sign_Date":null,"Tikun1":null,"Tikun2":null,"Tikun3":null,"Tikun4":null,"Tikun5":null,"Tikun6":null,"Tikun7":null,"Tikun8":null,"Tikun9":null,"Tikun10":null,"Tikun11":null,"Tikun12":null,"Tikun13":null,"Tikun14":null,"Tikun15":null,"Precision_":"מקור וקטורי חתום","FIRST_Nafa":" ","LAST_Nafa2":" ","Shape_Leng":3574.85324574,"Shape_Area":490063.184548,"Shape__Area":699041.9013671875,"Shape__Length":4270.7254345956335}},{"type":"Feature","id":104,"geometry":{"type":"Polygon","coordinates":[[[35.35038,32.674899],[35.348039,32.676461],[35.344236,32.68117],[35.352188,32.684811],[35.355015,32.672711],[35.35038,32.674899]]]},"properties":{"FID":104,"Muni_Heb":"ללא שיפוט - אזור בין דבוריה לאכסאל","Muni_Eng":"No Jurisdiction - Daburiya - Iksal Area","Sug_Muni":"ללא שיפוט","CR_PNIM":"9932","CR_LAMAS":" ","Machoz":"צפון","Hearot":"השכבה אינה סטטוטורית באופן מלא.","Eshkol_MPn":" ","Sign_Date":null,"Tikun1":null,"Tikun2":null,"Tikun3":null,"Tikun4":null,"Tikun5":null,"Tikun6":null,"Tikun7":null,"Tikun8":null,"Tikun9":null,"Tikun10":null,"Tikun11":null,"Tikun12":null,"Tikun13":null,"Tikun14":null,"Tikun15":null,"Precision_":"מקור וקטורי חתום","FIRST_Nafa":" ","LAST_Nafa2":" ","Shape_Leng":3690.53222489,"Shape_Area":657149.021399,"Shape__Area":930138.68359375,"Shape__Length":4392.8500602195882}},{"type":"Feature","id":105,"geometry":{"type":"Polygon","coordinates":[[[35.281965,33.000571],[35.28505,32.998878],[35.289469,32.998013],[35.289441,32.997063],[35.292446,32.995595],[35.291675,32.994148],[35.293771,32.994],[35.294752,32.990543],[35.293782,32.9899],[35.29386,32.988338],[35.290917,32.991068],[35.290869,32.992139],[35.289106,32.991614],[35.286268,32.992693],[35.28582,32.992122],[35.284521,32.993082],[35.282275,32.997728],[35.281965,33.000571]]]},"properties":{"FID":105,"Muni_Heb":"ללא שיפוט - אזור בין חוסן לכפר ורדים","Muni_Eng":"No Jurisdiction - Hosen - Kefar Veradim Area","Sug_Muni":"ללא שיפוט","CR_PNIM":"9907","CR_LAMAS":" ","Machoz":"צפון","Hearot":"השכבה אינה סטטוטורית באופן מלא.","Eshkol_MPn":" ","Sign_Date":null,"Tikun1":null,"Tikun2":null,"Tikun3":null,"Tikun4":null,"Tikun5":null,"Tikun6":null,"Tikun7":null,"Tikun8":null,"Tikun9":null,"Tikun10":null,"Tikun11":null,"Tikun12":null,"Tikun13":null,"Tikun14":null,"Tikun15":null,"Precision_":"מקור וקטורי חתום","FIRST_Nafa":" ","LAST_Nafa2":" ","Shape_Leng":4594.72182343,"Shape_Area":665689.709639,"Shape__Area":948895.6689453125,"Shape__Length":5487.1433451324683}},{"type":"Feature","id":106,"geometry":{"type":"Polygon","coordinates":[[[35.291241,32.790645],[35.284385,32.795882],[35.283681,32.808108],[35.286893,32.808124],[35.286538,32.812958],[35.293469,32.813905],[35.299093,32.818237],[35.302421,32.817973],[35.310358,32.819633],[35.317558,32.819156],[35.324049,32.819996],[35.331242,32.822673],[35.341575,32.824336],[35.342072,32.82522],[35.342694,32.824647],[35.345667,32.824887],[35.358611,32.828785],[35.360608,32.828752],[35.372769,32.833894],[35.376192,32.833408],[35.385359,32.829959],[35.385342,32.83061],[35.391054,32.831958],[35.392848,32.830936],[35.393574,32.831812],[35.3956,32.829896],[35.39833,32.824856],[35.404615,32.82608],[35.404293,32.824934],[35.406065,32.824661],[35.407197,32.822767],[35.407643,32.812756],[35.400077,32.809182],[35.398271,32.809378],[35.396436,32.810911],[35.397081,32.813084],[35.396363,32.813358],[35.39433,32.813351],[35.393362,32.812564],[35.389564,32.813659],[35.386929,32.813181],[35.386857,32.813807],[35.385493,32.813723],[35.385248,32.814873],[35.384065,32.81471],[35.382638,32.820079],[35.386599,32.821158],[35.388019,32.82256],[35.384371,32.82547],[35.383129,32.827569],[35.379706,32.827856],[35.380529,32.825433],[35.367277,32.823621],[35.355563,32.8209],[35.35697,32.816752],[35.353626,32.815276],[35.358751,32.807653],[35.355643,32.807146],[35.351444,32.805068],[35.352299,32.803475],[35.350899,32.80319],[35.35306,32.799125],[35.347982,32.797415],[35.344503,32.797852],[35.343673,32.799489],[35.330195,32.793901],[35.313985,32.790596],[35.306021,32.789897],[35.307189,32.786015],[35.30312,32.784911],[35.302358,32.78589],[35.302666,32.788324],[35.301279,32.787441],[35.300203,32.789227],[35.297624,32.788948],[35.291241,32.790645]]]},"properties":{"FID":106,"Muni_Heb":"ללא שיפוט - אזור בקעת בית נטופה","Muni_Eng":"No Jurisdiction - Bik'at Beit Netofa Area","Sug_Muni":"ללא שיפוט","CR_PNIM":"9924","CR_LAMAS":" ","Machoz":"צפון","Hearot":"השכבה אינה סטטוטורית באופן מלא.","Eshkol_MPn":" ","Sign_Date":null,"Tikun1":null,"Tikun2":null,"Tikun3":null,"Tikun4":null,"Tikun5":null,"Tikun6":null,"Tikun7":null,"Tikun8":null,"Tikun9":null,"Tikun10":null,"Tikun11":null,"Tikun12":null,"Tikun13":null,"Tikun14":null,"Tikun15":null,"Precision_":"מקור וקטורי חתום","FIRST_Nafa":" ","LAST_Nafa2":" ","Shape_Leng":36563.5810757,"Shape_Area":25767905.3642,"Shape__Area":36579155.095703125,"Shape__Length":43533.943280673273}},{"type":"Feature","id":107,"geometry":{"type":"Polygon","coordinates":[[[35.352908,32.611988],[35.349914,32.60978],[35.348509,32.61152],[35.348475,32.610513],[35.345738,32.609171],[35.345563,32.61016],[35.343757,32.610005],[35.343827,32.610876],[35.34294,32.61137],[35.345606,32.614125],[35.352908,32.611988]]]},"properties":{"FID":107,"Muni_Heb":"ללא שיפוט - אזור גבעת המורה","Muni_Eng":"No Jurisdiction - Giv'at Hamor'e Area","Sug_Muni":"ללא שיפוט","CR_PNIM":"9934","CR_LAMAS":" ","Machoz":"צפון","Hearot":"השכבה אינה סטטוטורית באופן מלא.","Eshkol_MPn":" ","Sign_Date":null,"Tikun1":null,"Tikun2":null,"Tikun3":null,"Tikun4":null,"Tikun5":null,"Tikun6":null,"Tikun7":null,"Tikun8":null,"Tikun9":null,"Tikun10":null,"Tikun11":null,"Tikun12":null,"Tikun13":null,"Tikun14":null,"Tikun15":null,"Precision_":"מקור וקטורי חתום","FIRST_Nafa":" ","LAST_Nafa2":" ","Shape_Leng":2816.02888696,"Shape_Area":266752.268498,"Shape__Area":377001.7392578125,"Shape__Length":3346.5900604917019}},{"type":"Feature","id":108,"geometry":{"type":"Polygon","coordinates":[[[35.490187,32.828166],[35.49228,32.827493],[35.490041,32.825745],[35.490187,32.828166]]]},"properties":{"FID":108,"Muni_Heb":"ללא שיפוט - אזור הארבל","Muni_Eng":"No Jurisdiction - Arbel Area","Sug_Muni":"ללא שיפוט","CR_PNIM":"9926","CR_LAMAS":" ","Machoz":"צפון","Hearot":"השכבה אינה סטטוטורית באופן מלא.","Eshkol_MPn":" ","Sign_Date":null,"Tikun1":null,"Tikun2":null,"Tikun3":null,"Tikun4":null,"Tikun5":null,"Tikun6":null,"Tikun7":null,"Tikun8":null,"Tikun9":null,"Tikun10":null,"Tikun11":null,"Tikun12":null,"Tikun13":null,"Tikun14":null,"Tikun15":null,"Precision_":"מקור וקטורי חתום","FIRST_Nafa":" ","LAST_Nafa2":" ","Shape_Leng":807.30438488,"Shape_Area":26971.3106217,"Shape__Area":38301.2578125,"Shape__Length":962.158606037408}},{"type":"Feature","id":109,"geometry":{"type":"Polygon","coordinates":[[[35.520361,32.818282],[35.518511,32.821591],[35.518517,32.82578],[35.520444,32.834266],[35.523582,32.840305],[35.525375,32.842148],[35.524364,32.843257],[35.526563,32.843061],[35.52723,32.843666],[35.526579,32.844712],[35.527387,32.847024],[35.531826,32.850618],[35.536519,32.860621],[35.540112,32.864247],[35.540888,32.866748],[35.545185,32.870283],[35.548736,32.870323],[35.551137,32.87172],[35.55745,32.872342],[35.560466,32.874072],[35.564355,32.874395],[35.56567,32.875161],[35.567879,32.879405],[35.576858,32.880266],[35.582457,32.883543],[35.584075,32.88536],[35.592383,32.887881],[35.592073,32.889554],[35.59278,32.890399],[35.593997,32.889965],[35.595653,32.890909],[35.598922,32.891158],[35.60342,32.894468],[35.612476,32.892492],[35.611505,32.89393],[35.612467,32.895498],[35.615816,32.894429],[35.621703,32.891423],[35.6295,32.883865],[35.630039,32.881476],[35.635066,32.876917],[35.642937,32.866323],[35.643304,32.865537],[35.641149,32.864938],[35.642141,32.861732],[35.641817,32.860249],[35.644812,32.857293],[35.647027,32.853236],[35.648838,32.843571],[35.648045,32.840804],[35.645597,32.838064],[35.640077,32.834124],[35.640984,32.829398],[35.642668,32.828105],[35.644831,32.823272],[35.645161,32.817401],[35.643877,32.810906],[35.639288,32.798324],[35.640399,32.792787],[35.63888,32.789372],[35.63593,32.787332],[35.635532,32.785348],[35.63571,32.779053],[35.638145,32.776326],[35.639074,32.773656],[35.637577,32.769266],[35.637261,32.764848],[35.635813,32.761577],[35.634409,32.752252],[35.627502,32.739338],[35.611506,32.717347],[35.60549,32.712465],[35.600624,32.710284],[35.598105,32.708201],[35.59279,32.70659],[35.583531,32.706941],[35.57665,32.713109],[35.571581,32.721164],[35.57094,32.725468],[35.571591,32.727333],[35.57064,32.729407],[35.570512,32.733991],[35.567294,32.747522],[35.565107,32.75009],[35.56132,32.758572],[35.558428,32.762231],[35.548623,32.770089],[35.546007,32.777001],[35.544577,32.783788],[35.544566,32.785191],[35.545167,32.785185],[35.54474,32.787047],[35.545863,32.787246],[35.545215,32.789712],[35.543358,32.789394],[35.543776,32.790285],[35.541274,32.79708],[35.533864,32.804349],[35.528843,32.805538],[35.525824,32.811024],[35.523864,32.812134],[35.523399,32.811452],[35.520361,32.818282]]]},"properties":{"FID":109,"Muni_Heb":"ללא שיפוט - אזור הכנרת","Muni_Eng":"No Jurisdiction - Kineret Area","Sug_Muni":"ללא שיפוט","CR_PNIM":"9920","CR_LAMAS":" ","Machoz":"צפון","Hearot":"השכבה אינה סטטוטורית באופן מלא.","Eshkol_MPn":" ","Sign_Date":null,"Tikun1":null,"Tikun2":null,"Tikun3":null,"Tikun4":null,"Tikun5":null,"Tikun6":null,"Tikun7":null,"Tikun8":null,"Tikun9":null,"Tikun10":null,"Tikun11":null,"Tikun12":null,"Tikun13":null,"Tikun14":null,"Tikun15":null,"Precision_":"מקור וקטורי חתום","FIRST_Nafa":" ","LAST_Nafa2":" ","Shape_Leng":56960.8624774,"Shape_Area":163642674.819,"Shape__Area":232286390.67382813,"Shape__Length":67911.810145502241}},{"type":"Feature","id":110,"geometry":{"type":"Polygon","coordinates":[[[35.183944,31.205652],[35.188824,31.200003],[35.189343,31.193843],[35.17319,31.177138],[35.170631,31.17297],[35.166816,31.158647],[35.165329,31.139724],[35.161077,31.118997],[35.149557,31.091488],[35.142924,31.082408],[35.136774,31.077145],[35.132707,31.074845],[35.125185,31.072167],[35.112344,31.069688],[35.096739,31.06788],[35.072862,31.067837],[35.071847,31.074084],[35.072517,31.077715],[35.072048,31.081227],[35.073048,31.08546],[35.071767,31.08738],[35.072928,31.088708],[35.072882,31.092205],[35.076548,31.094366],[35.077355,31.097603],[35.079945,31.100276],[35.080644,31.102531],[35.078953,31.106132],[35.072631,31.109752],[35.066686,31.109567],[35.058105,31.106544],[35.056716,31.103785],[35.054189,31.102486],[35.045082,31.102253],[35.022534,31.086104],[34.990054,31.086055],[34.990062,31.082524],[34.988325,31.085853],[34.988696,31.088241],[34.994826,31.093668],[34.993507,31.094411],[34.99128,31.092215],[34.987707,31.093333],[34.9878,31.094758],[34.985025,31.095356],[34.984911,31.097404],[34.983124,31.098223],[34.982195,31.100003],[34.978378,31.096215],[34.976972,31.093317],[34.974922,31.084524],[34.976697,31.075932],[34.973785,31.069186],[34.980268,31.063662],[34.990104,31.063869],[34.990134,31.050493],[34.987442,31.050488],[34.98347,31.053968],[34.984436,31.055034],[34.939378,31.09407],[34.936961,31.095703],[34.925531,31.095581],[34.937236,31.102367],[34.946301,31.109429],[34.947919,31.113982],[34.942741,31.120839],[34.942236,31.122698],[34.946876,31.130433],[34.944867,31.134578],[34.941701,31.135859],[34.928854,31.145132],[34.926859,31.144269],[34.922719,31.136534],[34.913734,31.135084],[34.88975,31.138318],[34.881927,31.137583],[34.874569,31.140744],[34.856115,31.135209],[34.843433,31.134442],[34.841333,31.131555],[34.854516,31.094802],[34.828118,31.094741],[34.825331,31.103639],[34.815117,31.114671],[34.804687,31.138189],[34.805559,31.153508],[34.803809,31.164049],[34.807202,31.178345],[34.806761,31.186811],[34.803436,31.198204],[34.802213,31.208752],[34.80454,31.209054],[34.808697,31.199825],[34.812242,31.199835],[34.814567,31.201524],[34.814524,31.211917],[34.825837,31.211944],[34.817845,31.202503],[34.809914,31.195827],[34.8086,31.192648],[34.809363,31.189562],[34.808391,31.187418],[34.808409,31.183452],[34.819399,31.181092],[34.82656,31.180563],[34.826797,31.178453],[34.844209,31.178739],[34.846388,31.181158],[34.851157,31.184244],[34.849848,31.186241],[34.849831,31.190612],[34.847885,31.192462],[34.848289,31.202142],[34.846353,31.207282],[34.852437,31.207518],[34.862686,31.205396],[34.863487,31.207482],[34.866013,31.207616],[34.87261,31.203869],[34.877193,31.198347],[34.887168,31.204111],[34.890351,31.207048],[34.892702,31.210728],[34.897739,31.205877],[34.906254,31.204269],[34.908073,31.206326],[34.90922,31.214216],[34.908787,31.217048],[34.906677,31.220192],[34.905986,31.223203],[34.905752,31.233812],[34.903451,31.2527],[34.899277,31.259701],[34.891792,31.26542],[34.893406,31.267399],[34.892061,31.272014],[34.892684,31.276856],[34.89045,31.282736],[34.889101,31.290083],[34.894198,31.290185],[34.901551,31.292587],[34.904865,31.292595],[34.917773,31.297517],[34.922525,31.292181],[34.919914,31.291307],[34.91452,31.292175],[34.912085,31.291829],[34.909464,31.289623],[34.903202,31.290578],[34.900624,31.286934],[34.900508,31.28483],[34.902761,31.283928],[34.904101,31.284347],[34.90875,31.279406],[34.909795,31.279637],[34.911597,31.277688],[34.910363,31.27719],[34.910617,31.276703],[34.911243,31.277024],[34.913612,31.274716],[34.915481,31.276759],[34.918722,31.274031],[34.920387,31.2759],[34.917651,31.277304],[34.918917,31.280332],[34.920991,31.279724],[34.922304,31.281874],[34.930149,31.28662],[34.932828,31.283128],[34.940048,31.277185],[34.942748,31.278941],[34.947575,31.286256],[34.948502,31.288883],[34.947988,31.293599],[34.950712,31.298537],[34.95519,31.297377],[34.961005,31.298634],[34.963601,31.300043],[34.964988,31.302135],[34.962645,31.304153],[34.967341,31.304311],[34.969727,31.305702],[34.982929,31.304493],[34.987291,31.308097],[34.988917,31.311939],[35.003818,31.314546],[35.009596,31.318565],[35.014916,31.319214],[35.017295,31.323164],[35.016508,31.32421],[35.019522,31.332505],[35.018537,31.334973],[35.020695,31.338085],[35.020169,31.3405],[35.022504,31.340134],[35.023079,31.342144],[35.019471,31.34566],[35.017883,31.351656],[35.018845,31.353463],[35.02119,31.35374],[35.021253,31.35668],[35.02332,31.357535],[35.024006,31.35915],[35.033516,31.358163],[35.079491,31.357172],[35.095821,31.35581],[35.110609,31.356772],[35.106296,31.354448],[35.10879,31.353104],[35.109085,31.351292],[35.107192,31.350499],[35.105122,31.347665],[35.103956,31.34824],[35.100847,31.345764],[35.099726,31.346696],[35.099168,31.345905],[35.095771,31.345837],[35.093373,31.342715],[35.091471,31.343081],[35.091408,31.34175],[35.093265,31.341551],[35.097292,31.338409],[35.094739,31.338582],[35.094305,31.337624],[35.095143,31.33456],[35.09217,31.334738],[35.09129,31.332773],[35.089058,31.33168],[35.096861,31.330925],[35.118936,31.331062],[35.115445,31.32463],[35.115549,31.320297],[35.117448,31.317129],[35.126103,31.308919],[35.175478,31.322128],[35.177522,31.31363],[35.178716,31.311677],[35.19451,31.295593],[35.124033,31.28719],[35.115726,31.284545],[35.110124,31.280929],[35.111748,31.278737],[35.115602,31.276838],[35.120966,31.271228],[35.123436,31.264756],[35.118496,31.251971],[35.10322,31.251789],[35.099454,31.247372],[35.091778,31.252222],[35.079289,31.253153],[35.074068,31.252618],[35.069,31.254436],[35.069399,31.255355],[35.070751,31.255353],[35.061252,31.258381],[35.059174,31.256258],[35.059062,31.254493],[35.060333,31.252593],[35.063782,31.250639],[35.064077,31.248522],[35.062305,31.246377],[35.05853,31.244025],[35.05755,31.237945],[35.061879,31.235672],[35.060853,31.231904],[35.061107,31.229284],[35.064413,31.226743],[35.066947,31.226307],[35.069332,31.226994],[35.072382,31.231429],[35.074245,31.231312],[35.079441,31.236417],[35.08067,31.235383],[35.079203,31.231934],[35.079815,31.229314],[35.082795,31.228914],[35.083159,31.2266],[35.086078,31.225416],[35.087585,31.226518],[35.088059,31.228904],[35.088974,31.229108],[35.089666,31.22878],[35.08809,31.225677],[35.090716,31.224733],[35.091012,31.222691],[35.094206,31.222752],[35.094185,31.225051],[35.096382,31.224932],[35.097243,31.226237],[35.096509,31.22998],[35.100107,31.232477],[35.103974,31.237214],[35.109492,31.233654],[35.120546,31.235436],[35.11888,31.239326],[35.115796,31.238328],[35.116569,31.235304],[35.110499,31.233721],[35.104073,31.237368],[35.105435,31.239493],[35.111375,31.239715],[35.122145,31.244748],[35.124196,31.247568],[35.124876,31.251975],[35.126001,31.251976],[35.125986,31.194627],[35.169415,31.194623],[35.183944,31.205652]],[[35.004282,31.174997],[35.002787,31.167923],[35.003388,31.164563],[34.997661,31.159635],[35.000468,31.153691],[34.987533,31.147431],[34.994886,31.140215],[35.028354,31.140363],[35.048595,31.158341],[35.045214,31.167433],[35.029553,31.167312],[35.02947,31.170208],[35.016626,31.170393],[35.011698,31.17272],[35.014218,31.171832],[35.03254,31.171946],[35.046664,31.173086],[35.052698,31.176284],[35.075719,31.184142],[35.081449,31.222594],[35.05362,31.224177],[35.004315,31.222279],[34.980955,31.21376],[34.981916,31.196952],[34.979262,31.193603],[34.979786,31.188675],[34.981733,31.18771],[34.982474,31.177414],[34.988002,31.177336],[34.989535,31.17576],[35.004282,31.174997]],[[35.081553,31.162627],[35.080679,31.161835],[35.080276,31.158252],[35.078038,31.156404],[35.078063,31.155207],[35.078977,31.154732],[35.076941,31.148739],[35.078225,31.148445],[35.078222,31.147093],[35.079263,31.14662],[35.078426,31.145757],[35.080515,31.144832],[35.081374,31.156744],[35.083317,31.156754],[35.088513,31.158833],[35.094616,31.158827],[35.093949,31.16108],[35.091428,31.16217],[35.091898,31.163067],[35.091161,31.163665],[35.090595,31.16304],[35.081553,31.162627]],[[35.060756,31.137505],[35.060471,31.138153],[35.058149,31.137979],[35.057978,31.13656],[35.059755,31.134908],[35.061439,31.135955],[35.060756,31.137505]],[[34.909388,31.200606],[34.908438,31.198354],[34.907307,31.197731],[34.906279,31.195372],[34.906622,31.194566],[34.90413,31.193239],[34.903258,31.190555],[34.900872,31.188782],[34.901029,31.185535],[34.901766,31.184785],[34.90128,31.18313],[34.905456,31.181994],[34.905814,31.179363],[34.910966,31.178235],[34.910585,31.176812],[34.911822,31.176954],[34.914141,31.17492],[34.914108,31.172879],[34.91684,31.17141],[34.916286,31.170272],[34.917379,31.167827],[34.920757,31.16358],[34.921832,31.163345],[34.926431,31.165146],[34.929625,31.172395],[34.932657,31.171758],[34.93362,31.172321],[34.940544,31.1698],[34.94535,31.173433],[34.946179,31.173153],[34.946636,31.175001],[34.958234,31.170507],[34.962662,31.173349],[34.963993,31.17248],[34.963388,31.17392],[34.967926,31.174805],[34.965635,31.179796],[34.960808,31.181794],[34.962386,31.183068],[34.961444,31.183404],[34.960557,31.182151],[34.958096,31.182765],[34.959088,31.184128],[34.959951,31.18392],[34.958023,31.184635],[34.958475,31.184279],[34.957396,31.182968],[34.949642,31.185645],[34.939696,31.186145],[34.936936,31.187622],[34.939144,31.187289],[34.939967,31.188],[34.937317,31.189489],[34.936826,31.188553],[34.934726,31.189504],[34.934152,31.18991],[34.934752,31.190563],[34.935851,31.190652],[34.934562,31.191509],[34.932466,31.190661],[34.931112,31.191615],[34.926915,31.188497],[34.920751,31.190804],[34.91907,31.19228],[34.920503,31.194883],[34.920902,31.198605],[34.921869,31.198577],[34.919573,31.199357],[34.920591,31.198849],[34.920219,31.195252],[34.91881,31.192508],[34.916937,31.194152],[34.916228,31.196998],[34.909528,31.199936],[34.909388,31.200606]],[[34.981116,31.156467],[34.978349,31.155463],[34.972022,31.14921],[34.961162,31.155572],[34.951107,31.154285],[34.94898,31.15489],[34.94351,31.144251],[34.949424,31.138018],[34.953331,31.132578],[34.956451,31.126828],[34.959078,31.119522],[34.965374,31.126769],[34.971261,31.131503],[34.970617,31.132054],[34.979282,31.140653],[34.980005,31.140206],[34.981086,31.141484],[34.980402,31.141931],[34.984394,31.147272],[34.981116,31.156467]],[[34.996099,31.253401],[34.996212,31.254427],[34.999036,31.254949],[34.999643,31.256774],[34.997793,31.259178],[34.999222,31.262219],[34.995253,31.261923],[34.992223,31.263303],[34.976541,31.266961],[34.97116,31.265987],[34.957685,31.266592],[34.95522,31.267017],[34.953285,31.268403],[34.944186,31.266067],[34.944364,31.264085],[34.947248,31.264226],[34.947565,31.263673],[34.947731,31.261852],[34.946811,31.260258],[34.950893,31.258218],[34.952156,31.256546],[34.951218,31.252029],[34.952239,31.251158],[34.952824,31.247227],[34.952315,31.245523],[34.951375,31.245521],[34.951378,31.244439],[34.952953,31.244442],[34.952884,31.246987],[34.954843,31.245361],[34.957154,31.244794],[34.959042,31.245369],[34.961625,31.24805],[34.963243,31.246988],[34.961213,31.245397],[34.962673,31.24489],[34.963345,31.246928],[34.964641,31.245682],[34.966892,31.246037],[34.968875,31.244328],[34.969233,31.242201],[34.970478,31.241499],[34.970566,31.240353],[34.9755,31.24077],[34.979697,31.237439],[34.982563,31.238431],[34.98246,31.241744],[34.987881,31.243031],[34.993338,31.246658],[34.996881,31.247597],[34.996791,31.248683],[34.995109,31.250003],[34.996641,31.253222],[34.996099,31.253401]],[[35.056675,31.298214],[35.056623,31.302327],[35.055128,31.30268],[35.054862,31.303941],[35.052024,31.301922],[35.0539,31.300705],[35.053097,31.299541],[35.05233,31.300709],[35.049066,31.301415],[35.047795,31.303089],[35.045376,31.299951],[35.046408,31.298835],[35.044699,31.298531],[35.048348,31.29664],[35.048443,31.29462],[35.045849,31.2924],[35.042197,31.286743],[35.042119,31.2814],[35.043276,31.279449],[35.039486,31.276568],[35.030124,31.265487],[35.042792,31.262043],[35.040047,31.260147],[35.04212,31.2596],[35.042361,31.260296],[35.041145,31.260603],[35.042993,31.261988],[35.047908,31.260714],[35.059924,31.261544],[35.061123,31.261394],[35.059798,31.259149],[35.061487,31.258845],[35.060869,31.259555],[35.062064,31.267394],[35.064444,31.271463],[35.070271,31.27611],[35.072713,31.275926],[35.078125,31.278138],[35.080767,31.280401],[35.089743,31.297104],[35.089009,31.299054],[35.083591,31.301139],[35.080127,31.304167],[35.079888,31.306439],[35.083515,31.308968],[35.082732,31.309819],[35.08316,31.311062],[35.082496,31.312955],[35.079451,31.314909],[35.075244,31.309566],[35.074339,31.304631],[35.073068,31.303631],[35.072963,31.301215],[35.070399,31.301207],[35.069697,31.299581],[35.068885,31.299441],[35.066229,31.301041],[35.064821,31.301062],[35.057262,31.295253],[35.056285,31.296715],[35.057935,31.297948],[35.056675,31.298214]],[[35.004712,31.130174],[35.000259,31.12452],[34.995619,31.122867],[34.994592,31.118989],[34.993626,31.120001],[34.99171,31.117864],[34.991359,31.116376],[34.992134,31.114978],[34.993688,31.114608],[34.996798,31.109878],[35.001638,31.111657],[35.001497,31.113042],[34.99928,31.113906],[34.998195,31.115381],[35.002311,31.120739],[35.003816,31.120048],[35.005094,31.120498],[35.005949,31.122162],[35.005337,31.123361],[35.007304,31.123305],[35.008284,31.124751],[35.010037,31.125438],[35.008183,31.12797],[35.004712,31.130174]],[[34.817521,31.157101],[34.810887,31.155664],[34.81207,31.151662],[34.818466,31.153773],[34.817521,31.157101]],[[34.823924,31.151348],[34.823057,31.14611],[34.821058,31.146126],[34.820509,31.138585],[34.821164,31.13746],[34.830453,31.140772],[34.833124,31.140594],[34.831646,31.144402],[34.827367,31.145055],[34.828491,31.150896],[34.823924,31.151348]]]},"properties":{"FID":110,"Muni_Heb":"ללא שיפוט - אזור הסייג","Muni_Eng":"No Jurisdiction - Sayig Area","Sug_Muni":"ללא שיפוט","CR_PNIM":"9971","CR_LAMAS":" ","Machoz":"דרום","Hearot":"השכבה אינה סטטוטורית באופן מלא.","Eshkol_MPn":" ","Sign_Date":null,"Tikun1":null,"Tikun2":null,"Tikun3":null,"Tikun4":null,"Tikun5":null,"Tikun6":null,"Tikun7":null,"Tikun8":null,"Tikun9":null,"Tikun10":null,"Tikun11":null,"Tikun12":null,"Tikun13":null,"Tikun14":null,"Tikun15":null,"Precision_":"מקור וקטורי חתום","FIRST_Nafa":" ","LAST_Nafa2":" ","Shape_Leng":378673.41778,"Shape_Area":550842985.74,"Shape__Area":755202595.515625,"Shape__Length":443351.60368423827}},{"type":"Feature","id":111,"geometry":{"type":"Polygon","coordinates":[[[35.106881,32.676878],[35.102979,32.672026],[35.102604,32.670484],[35.103614,32.668755],[35.10232,32.668552],[35.102598,32.665805],[35.104407,32.661786],[35.1038,32.660747],[35.100056,32.659431],[35.098972,32.66023],[35.095094,32.657224],[35.087202,32.655574],[35.082202,32.65195],[35.079115,32.651167],[35.071885,32.657604],[35.063905,32.661915],[35.062666,32.661649],[35.063586,32.65893],[35.070258,32.656174],[35.077718,32.65022],[35.07941,32.646555],[35.079206,32.643698],[35.078488,32.643147],[35.074937,32.641387],[35.067773,32.639479],[35.067094,32.642655],[35.064504,32.643148],[35.064058,32.644459],[35.060937,32.643068],[35.05739,32.643098],[35.055246,32.646379],[35.050371,32.646094],[35.046621,32.647028],[35.044736,32.645715],[35.042127,32.645467],[35.040978,32.645522],[35.03977,32.647175],[35.0374,32.647169],[35.035891,32.648124],[35.035846,32.648994],[35.039761,32.65052],[35.034561,32.654244],[35.035801,32.656755],[35.028159,32.656417],[35.025535,32.654598],[35.023484,32.658517],[35.020282,32.657471],[35.018802,32.657936],[35.013279,32.655818],[35.012194,32.656355],[35.010939,32.658439],[35.011537,32.658944],[35.010644,32.658741],[35.010075,32.660063],[35.012228,32.661884],[35.011803,32.662767],[35.013051,32.664778],[35.015376,32.665129],[35.018704,32.669874],[35.01442,32.669991],[35.012205,32.671819],[35.012069,32.673913],[35.01273,32.673942],[35.012114,32.675555],[35.013489,32.676993],[35.010453,32.675167],[35.010933,32.673886],[35.010365,32.673341],[35.008733,32.677441],[35.006722,32.677458],[35.005444,32.678325],[35.004915,32.679032],[35.006051,32.679705],[35.003136,32.680798],[35.003027,32.682499],[35.007828,32.684241],[35.010558,32.683454],[35.017813,32.689821],[35.019577,32.690096],[35.019187,32.691843],[35.017063,32.692535],[35.017251,32.693471],[35.015898,32.693602],[35.015366,32.699132],[35.016228,32.699499],[35.016057,32.702337],[35.013933,32.702484],[35.014645,32.704797],[35.012063,32.704479],[35.010518,32.706659],[35.011445,32.707171],[35.010769,32.708251],[35.009783,32.707596],[35.008521,32.708554],[35.007599,32.708323],[35.007508,32.706865],[35.010459,32.706546],[35.01197,32.704448],[35.007344,32.704875],[35.005442,32.705624],[35.003609,32.707981],[34.999531,32.708928],[34.999438,32.71162],[35.00177,32.715139],[35.000072,32.716348],[35.000749,32.719678],[34.998866,32.722471],[35.002142,32.723444],[35.00298,32.725178],[35.004524,32.725711],[35.005999,32.725131],[35.006716,32.725743],[35.006944,32.724707],[35.010113,32.72525],[35.010397,32.72616],[35.01119,32.725401],[35.01431,32.726476],[35.014536,32.725446],[35.019437,32.726335],[35.020397,32.724046],[35.021445,32.724784],[35.021606,32.723744],[35.023921,32.723881],[35.024332,32.724461],[35.022939,32.72672],[35.021319,32.72639],[35.01998,32.727047],[35.016589,32.730578],[35.015501,32.727206],[35.01212,32.72825],[35.01207,32.729247],[35.009699,32.728073],[35.009973,32.729734],[35.010908,32.730453],[35.010019,32.731738],[35.014497,32.732493],[35.015105,32.733282],[35.017122,32.733003],[35.022817,32.735493],[35.023472,32.734884],[35.021164,32.732763],[35.023063,32.732038],[35.024435,32.73243],[35.023541,32.733633],[35.024326,32.734961],[35.022834,32.735646],[35.014407,32.732577],[35.013354,32.735024],[35.008934,32.73387],[35.007227,32.734919],[35.006444,32.73621],[35.007124,32.737795],[35.005242,32.739664],[35.008906,32.741311],[35.006747,32.75041],[35.004485,32.752266],[34.99861,32.750075],[34.996056,32.74597],[34.996706,32.745728],[34.995684,32.743722],[34.996725,32.742852],[34.996701,32.73836],[34.991446,32.742393],[34.985997,32.741781],[34.981956,32.738828],[34.983139,32.732159],[34.978082,32.730225],[34.974058,32.729775],[34.972454,32.727688],[34.970946,32.728421],[34.970757,32.729679],[34.972154,32.73087],[34.970515,32.731744],[34.970067,32.735542],[34.970619,32.735595],[34.970754,32.737651],[34.972655,32.73781],[34.971009,32.738438],[34.971352,32.740216],[34.970514,32.741467],[34.971192,32.742289],[34.969826,32.742139],[34.970114,32.743362],[34.971085,32.74505],[34.974035,32.74627],[34.973821,32.744514],[34.976345,32.74541],[34.977551,32.744136],[34.979039,32.74422],[34.978397,32.746684],[34.980219,32.747428],[34.980523,32.748389],[34.979946,32.74843],[34.980828,32.758131],[34.981947,32.760409],[34.982757,32.759872],[34.986833,32.760428],[34.991881,32.757934],[34.998655,32.763698],[35.000198,32.764228],[35.006223,32.764459],[35.010968,32.762447],[35.01266,32.763897],[35.015648,32.763071],[35.021466,32.75786],[35.02625,32.754991],[35.029979,32.750662],[35.030943,32.750607],[35.030949,32.747421],[35.032666,32.745396],[35.047218,32.745754],[35.048807,32.746351],[35.052223,32.749039],[35.053793,32.751324],[35.055165,32.756153],[35.056202,32.757374],[35.058011,32.756663],[35.064531,32.750973],[35.068134,32.746247],[35.072542,32.743084],[35.072605,32.741818],[35.074488,32.740992],[35.073924,32.739297],[35.074479,32.738643],[35.077814,32.737738],[35.078129,32.736241],[35.078897,32.736642],[35.080074,32.735692],[35.084591,32.729352],[35.087636,32.723279],[35.089682,32.722971],[35.091156,32.721811],[35.092332,32.719463],[35.091024,32.71806],[35.091498,32.716971],[35.093873,32.714869],[35.097127,32.715713],[35.095915,32.721345],[35.09698,32.721475],[35.104635,32.691195],[35.106881,32.676878]],[[35.081653,32.690204],[35.085517,32.689514],[35.08635,32.691466],[35.085542,32.69294],[35.086929,32.695937],[35.085924,32.696409],[35.086853,32.69756],[35.086303,32.700246],[35.086831,32.701487],[35.086489,32.704206],[35.085103,32.705318],[35.085209,32.709715],[35.084208,32.711027],[35.078949,32.711718],[35.08059,32.711919],[35.078083,32.71283],[35.082235,32.713668],[35.082924,32.714457],[35.082574,32.715185],[35.081647,32.716343],[35.078341,32.717433],[35.077751,32.719267],[35.074546,32.72263],[35.071039,32.722481],[35.070903,32.721658],[35.072324,32.721168],[35.071358,32.720497],[35.069265,32.721196],[35.066986,32.723192],[35.065299,32.728193],[35.063904,32.729658],[35.064891,32.730826],[35.063432,32.731486],[35.062889,32.730481],[35.059939,32.730322],[35.05985,32.731978],[35.058995,32.73155],[35.057871,32.733481],[35.053933,32.733425],[35.05416,32.735486],[35.052197,32.73492],[35.050783,32.737364],[35.049423,32.738088],[35.048375,32.73751],[35.048716,32.737084],[35.045111,32.738157],[35.041527,32.737757],[35.039858,32.736075],[35.041648,32.733667],[35.041495,32.732598],[35.045335,32.733644],[35.043877,32.7323],[35.046161,32.73165],[35.044984,32.729696],[35.045962,32.728444],[35.048535,32.728243],[35.048184,32.727425],[35.049532,32.726517],[35.050097,32.724672],[35.047785,32.723956],[35.046248,32.721019],[35.043653,32.719567],[35.043873,32.718613],[35.041319,32.718238],[35.040241,32.717068],[35.04312,32.714695],[35.043856,32.715504],[35.044665,32.714874],[35.045928,32.715592],[35.047289,32.715141],[35.048513,32.716341],[35.049432,32.715299],[35.050628,32.716971],[35.053008,32.716731],[35.052709,32.714967],[35.053345,32.71531],[35.05198,32.713796],[35.052488,32.713389],[35.054732,32.714085],[35.058789,32.712815],[35.063912,32.713979],[35.06441,32.71368],[35.063692,32.712275],[35.061914,32.71235],[35.060962,32.710914],[35.06083,32.709809],[35.061771,32.709085],[35.058346,32.70891],[35.058899,32.709894],[35.054044,32.711468],[35.05208,32.707689],[35.050074,32.708436],[35.049416,32.707923],[35.047663,32.708501],[35.048037,32.709513],[35.044859,32.711442],[35.038815,32.711783],[35.027472,32.703479],[35.026702,32.700459],[35.02527,32.70024],[35.023763,32.698654],[35.019916,32.698593],[35.017785,32.699592],[35.016243,32.697617],[35.018207,32.697305],[35.019861,32.695123],[35.022715,32.694325],[35.022195,32.693283],[35.023092,32.693094],[35.020145,32.689859],[35.022665,32.687408],[35.023312,32.688142],[35.025649,32.685432],[35.025361,32.684344],[35.027884,32.684073],[35.032405,32.685667],[35.035298,32.683011],[35.039029,32.681611],[35.043297,32.682684],[35.048451,32.682513],[35.050368,32.68147],[35.062062,32.680693],[35.062732,32.679949],[35.067474,32.679377],[35.06813,32.680505],[35.069749,32.681056],[35.079005,32.679563],[35.081413,32.680985],[35.080795,32.68377],[35.079948,32.683919],[35.080252,32.689507],[35.081653,32.690204]]]},"properties":{"FID":111,"Muni_Heb":"ללא שיפוט - אזור הר הכרמל","Muni_Eng":"No Jurisdiction - Mount Carmel Area","Sug_Muni":"ללא שיפוט","CR_PNIM":"9936","CR_LAMAS":" ","Machoz":"חיפה","Hearot":"השכבה אינה סטטוטורית באופן מלא.","Eshkol_MPn":" ","Sign_Date":null,"Tikun1":null,"Tikun2":null,"Tikun3":null,"Tikun4":null,"Tikun5":null,"Tikun6":null,"Tikun7":null,"Tikun8":null,"Tikun9":null,"Tikun10":null,"Tikun11":null,"Tikun12":null,"Tikun13":null,"Tikun14":null,"Tikun15":null,"Precision_":"מקור וקטורי חתום","FIRST_Nafa":" ","LAST_Nafa2":" ","Shape_Leng":119197.790973,"Shape_Area":72285910.2263,"Shape__Area":102366782.57617188,"Shape__Length":141850.13422091198}},{"type":"Feature","id":112,"geometry":{"type":"Polygon","coordinates":[[[35.314065,32.993963],[35.315328,32.996204],[35.318679,32.998292],[35.32724,32.998223],[35.327953,33.005045],[35.325633,33.006612],[35.324191,33.010866],[35.325788,33.013017],[35.324986,33.015984],[35.326694,33.017172],[35.326679,33.021262],[35.333857,33.019614],[35.334979,33.018524],[35.338023,33.017645],[35.33791,33.017108],[35.329991,33.016979],[35.330784,33.012768],[35.331547,33.012109],[35.337022,33.012675],[35.339056,33.010489],[35.342713,33.009042],[35.343684,33.013168],[35.344967,33.014093],[35.347431,33.012686],[35.348065,33.011125],[35.354611,33.011228],[35.354655,33.009028],[35.355121,33.01017],[35.357636,33.008039],[35.361573,33.011805],[35.362484,33.014035],[35.365087,33.014651],[35.36315,33.015691],[35.362852,33.016977],[35.361036,33.017526],[35.362281,33.018693],[35.361656,33.020111],[35.360198,33.019751],[35.35712,33.02206],[35.358784,33.024992],[35.356507,33.025993],[35.357331,33.031036],[35.356432,33.033021],[35.357721,33.034928],[35.361061,33.037094],[35.365096,33.036312],[35.371593,33.032517],[35.371908,33.021512],[35.372935,33.020306],[35.371673,33.020038],[35.371612,33.017561],[35.36616,33.019046],[35.366789,33.0159],[35.36613,33.015492],[35.367708,33.014449],[35.366695,33.014154],[35.367137,33.01132],[35.362005,33.00578],[35.362139,33.00495],[35.367119,33.004033],[35.374762,33.004965],[35.379691,33.003236],[35.386306,33.004151],[35.388464,33.005993],[35.392308,33.006517],[35.392917,33.005536],[35.392823,33.006859],[35.394556,33.006919],[35.394249,33.005643],[35.394931,33.006967],[35.396696,33.005223],[35.395288,33.009191],[35.396343,33.010101],[35.399706,33.009168],[35.401471,33.007822],[35.404163,33.00779],[35.407364,33.005898],[35.40967,33.005814],[35.407371,33.006671],[35.407131,33.009626],[35.414248,33.00741],[35.41483,33.006709],[35.410001,33.005396],[35.411443,32.999517],[35.406691,32.999095],[35.411047,32.998417],[35.410994,32.996654],[35.416423,32.9952],[35.415894,32.994487],[35.416802,32.992665],[35.422608,32.989906],[35.422158,32.985934],[35.422907,32.977806],[35.429336,32.97551],[35.428784,32.974601],[35.429507,32.972972],[35.429156,32.971275],[35.426705,32.96971],[35.428398,32.961981],[35.432985,32.961276],[35.437667,32.962122],[35.437697,32.961399],[35.439348,32.961224],[35.435185,32.958603],[35.435537,32.956401],[35.434496,32.955952],[35.436487,32.951925],[35.43597,32.946691],[35.431217,32.946925],[35.427961,32.9485],[35.426185,32.950443],[35.423379,32.95081],[35.420012,32.94676],[35.41984,32.943856],[35.418222,32.94255],[35.416479,32.93897],[35.411494,32.93838],[35.41172,32.945011],[35.407573,32.945286],[35.405116,32.944526],[35.401175,32.946286],[35.399296,32.945965],[35.396595,32.943965],[35.395575,32.944819],[35.39594,32.947031],[35.394344,32.948054],[35.394696,32.949564],[35.39397,32.949863],[35.392229,32.946969],[35.388416,32.944959],[35.386945,32.942313],[35.387229,32.941575],[35.388869,32.941392],[35.388,32.940893],[35.388211,32.939944],[35.386081,32.939331],[35.382904,32.939248],[35.381873,32.94054],[35.378135,32.941469],[35.374586,32.940042],[35.372092,32.941295],[35.372605,32.942233],[35.370949,32.943293],[35.371058,32.94443],[35.367227,32.947575],[35.365237,32.946293],[35.362408,32.946348],[35.362029,32.945316],[35.359153,32.944201],[35.356488,32.946231],[35.356499,32.948941],[35.35566,32.950068],[35.356351,32.9502],[35.354453,32.953095],[35.352795,32.952037],[35.352192,32.952599],[35.352033,32.950351],[35.340792,32.953315],[35.339238,32.952763],[35.337982,32.958263],[35.338892,32.95938],[35.337886,32.959626],[35.337988,32.960389],[35.338965,32.961242],[35.341099,32.960864],[35.342907,32.962283],[35.341631,32.966435],[35.342497,32.967036],[35.343814,32.966363],[35.344394,32.967004],[35.341992,32.970394],[35.341803,32.972787],[35.339552,32.974338],[35.339251,32.976156],[35.336992,32.978782],[35.337023,32.980436],[35.332999,32.980835],[35.331006,32.98346],[35.330453,32.982638],[35.328642,32.985025],[35.327755,32.984576],[35.324658,32.9872],[35.323476,32.990004],[35.314065,32.993963]],[[35.375004,32.980266],[35.370054,32.978878],[35.370603,32.974855],[35.37236,32.971428],[35.369827,32.970797],[35.367897,32.971997],[35.363746,32.970449],[35.359587,32.970212],[35.358341,32.968568],[35.360549,32.966084],[35.353637,32.965115],[35.352825,32.963174],[35.353386,32.962318],[35.352423,32.961553],[35.352979,32.960769],[35.362744,32.962142],[35.363776,32.9613],[35.370068,32.96024],[35.370032,32.957968],[35.371589,32.956887],[35.37004,32.955653],[35.372613,32.954006],[35.376584,32.953247],[35.380001,32.9538],[35.380997,32.952949],[35.383895,32.953408],[35.387806,32.951481],[35.392791,32.954424],[35.392492,32.955956],[35.391239,32.956417],[35.391535,32.958291],[35.395936,32.957948],[35.400616,32.961208],[35.399004,32.963115],[35.394503,32.963958],[35.39453,32.964867],[35.389347,32.964496],[35.388529,32.965861],[35.38775,32.965463],[35.386791,32.966574],[35.390177,32.970325],[35.391386,32.969828],[35.393481,32.971211],[35.394279,32.97334],[35.392573,32.976615],[35.389868,32.976033],[35.386796,32.977519],[35.38341,32.977349],[35.382284,32.978579],[35.380695,32.977632],[35.380599,32.975987],[35.378986,32.977923],[35.377777,32.978039],[35.375004,32.980266]]]},"properties":{"FID":112,"Muni_Heb":"ללא שיפוט - אזור הר מירון","Muni_Eng":"No Jurisdiction - Mount Meiron Area","Sug_Muni":"ללא שיפוט","CR_PNIM":"9903","CR_LAMAS":" ","Machoz":"צפון","Hearot":"השכבה אינה סטטוטורית באופן מלא.","Eshkol_MPn":" ","Sign_Date":null,"Tikun1":null,"Tikun2":null,"Tikun3":null,"Tikun4":null,"Tikun5":null,"Tikun6":null,"Tikun7":null,"Tikun8":null,"Tikun9":null,"Tikun10":null,"Tikun11":null,"Tikun12":null,"Tikun13":null,"Tikun14":null,"Tikun15":null,"Precision_":"מקור וקטורי חתום","FIRST_Nafa":" ","LAST_Nafa2":" ","Shape_Leng":80513.7897963,"Shape_Area":55467340.6063,"Shape__Area":79040181.62890625,"Shape__Length":96100.634048364169}},{"type":"Feature","id":113,"geometry":{"type":"Polygon","coordinates":[[[35.413383,33.020649],[35.416111,33.019669],[35.418811,33.019873],[35.417548,33.016604],[35.413662,33.01617],[35.406507,33.012044],[35.405302,33.015188],[35.404183,33.016069],[35.404618,33.017478],[35.406775,33.018141],[35.410714,33.021625],[35.413383,33.020649]]]},"properties":{"FID":113,"Muni_Heb":"ללא שיפוט - אזור הר סאסא","Muni_Eng":"No Jurisdiction - Mount Sasa Area","Sug_Muni":"ללא שיפוט","CR_PNIM":"9905","CR_LAMAS":" ","Machoz":"צפון","Hearot":"השכבה אינה סטטוטורית באופן מלא.","Eshkol_MPn":" ","Sign_Date":null,"Tikun1":null,"Tikun2":null,"Tikun3":null,"Tikun4":null,"Tikun5":null,"Tikun6":null,"Tikun7":null,"Tikun8":null,"Tikun9":null,"Tikun10":null,"Tikun11":null,"Tikun12":null,"Tikun13":null,"Tikun14":null,"Tikun15":null,"Precision_":"מקור וקטורי חתום","FIRST_Nafa":" ","LAST_Nafa2":" ","Shape_Leng":4029.72124543,"Shape_Area":713858.20075,"Shape__Area":1018059.7451171875,"Shape__Length":4810.40140100418}},{"type":"Feature","id":114,"geometry":{"type":"Polygon","coordinates":[[[35.384762,32.675987],[35.381032,32.678317],[35.38227,32.680483],[35.379311,32.682145],[35.379765,32.683492],[35.377419,32.685786],[35.376526,32.690824],[35.378935,32.692317],[35.386427,32.693029],[35.389029,32.69236],[35.389127,32.691611],[35.395801,32.690606],[35.399871,32.687134],[35.401934,32.686841],[35.406398,32.68242],[35.40628,32.67998],[35.404975,32.679371],[35.403874,32.679886],[35.402934,32.678958],[35.401616,32.680097],[35.398102,32.678478],[35.397094,32.676975],[35.391307,32.678826],[35.386933,32.677164],[35.386422,32.675552],[35.384762,32.675987]]]},"properties":{"FID":114,"Muni_Heb":"ללא שיפוט - אזור הר תבור","Muni_Eng":"No Jurisdiction - Mount Tavor Area","Sug_Muni":"ללא שיפוט","CR_PNIM":"9930","CR_LAMAS":" ","Machoz":"צפון","Hearot":"השכבה אינה סטטוטורית באופן מלא.","Eshkol_MPn":" ","Sign_Date":null,"Tikun1":null,"Tikun2":null,"Tikun3":null,"Tikun4":null,"Tikun5":null,"Tikun6":null,"Tikun7":null,"Tikun8":null,"Tikun9":null,"Tikun10":null,"Tikun11":null,"Tikun12":null,"Tikun13":null,"Tikun14":null,"Tikun15":null,"Precision_":"מקור וקטורי חתום","FIRST_Nafa":" ","LAST_Nafa2":" ","Shape_Leng":8774.16085116,"Shape_Area":3450581.65146,"Shape__Area":4884616.17578125,"Shape__Length":10434.697750403051}},{"type":"Feature","id":115,"geometry":{"type":"Polygon","coordinates":[[[34.739899,31.965101],[34.740922,31.961629],[34.74593,31.961206],[34.748718,31.953218],[34.751719,31.954705],[34.752413,31.952934],[34.751351,31.950929],[34.743019,31.951319],[34.743233,31.947534],[34.732292,31.947466],[34.732522,31.960397],[34.735386,31.964771],[34.736996,31.968992],[34.738542,31.969702],[34.739899,31.965101]]]},"properties":{"FID":115,"Muni_Heb":"ללא שיפוט - אזור השפד\"ן","Muni_Eng":"No Jurisdiction - Shifdan Area","Sug_Muni":"ללא שיפוט","CR_PNIM":"9965","CR_LAMAS":" ","Machoz":"מרכז","Hearot":"השכבה אינה סטטוטורית באופן מלא.","Eshkol_MPn":" ","Sign_Date":null,"Tikun1":null,"Tikun2":null,"Tikun3":null,"Tikun4":null,"Tikun5":null,"Tikun6":null,"Tikun7":null,"Tikun8":null,"Tikun9":null,"Tikun10":null,"Tikun11":null,"Tikun12":null,"Tikun13":null,"Tikun14":null,"Tikun15":null,"Precision_":"מקור וקטורי חתום","FIRST_Nafa":" ","LAST_Nafa2":" ","Shape_Leng":8058.29444949,"Shape_Area":2489612.28346,"Shape__Area":3468408.888671875,"Shape__Length":9516.7318088729116}},{"type":"Feature","id":116,"geometry":{"type":"Polygon","coordinates":[[[35.313713,32.964726],[35.317371,32.963777],[35.3179,32.962971],[35.323588,32.962263],[35.325026,32.95856],[35.326184,32.957673],[35.324455,32.95614],[35.325483,32.955483],[35.324898,32.956006],[35.325725,32.956319],[35.326407,32.954423],[35.328167,32.955183],[35.327395,32.953898],[35.328028,32.953624],[35.325625,32.953539],[35.326242,32.950682],[35.329543,32.946444],[35.329618,32.944678],[35.328593,32.945187],[35.324389,32.943932],[35.324156,32.944665],[35.322481,32.944548],[35.323091,32.94384],[35.321715,32.943417],[35.321199,32.944029],[35.317433,32.943555],[35.317291,32.948074],[35.317887,32.948662],[35.316762,32.950635],[35.3174,32.951059],[35.317197,32.953817],[35.315496,32.9536],[35.314177,32.954801],[35.315599,32.956921],[35.316999,32.957278],[35.31605,32.959086],[35.313184,32.961311],[35.314078,32.962893],[35.313713,32.964726]]]},"properties":{"FID":116,"Muni_Heb":"ללא שיפוט - אזור חלוץ","Muni_Eng":"No Jurisdiction - Haluts Area","Sug_Muni":"ללא שיפוט","CR_PNIM":"9910","CR_LAMAS":" ","Machoz":"צפון","Hearot":"השכבה אינה סטטוטורית באופן מלא.","Eshkol_MPn":" ","Sign_Date":null,"Tikun1":null,"Tikun2":null,"Tikun3":null,"Tikun4":null,"Tikun5":null,"Tikun6":null,"Tikun7":null,"Tikun8":null,"Tikun9":null,"Tikun10":null,"Tikun11":null,"Tikun12":null,"Tikun13":null,"Tikun14":null,"Tikun15":null,"Precision_":"מקור וקטורי חתום","FIRST_Nafa":" ","LAST_Nafa2":" ","Shape_Leng":9243.27888093,"Shape_Area":2033003.52901,"Shape__Area":2895211.076171875,"Shape__Length":11032.122919983543}},{"type":"Feature","id":117,"geometry":{"type":"Polygon","coordinates":[[[34.890464,32.123396],[34.889515,32.123595],[34.890626,32.124222],[34.890464,32.123396]]]},"properties":{"FID":117,"Muni_Heb":"ללא שיפוט","Muni_Eng":"No Jurisdiction","Sug_Muni":"ללא שיפוט","CR_PNIM":"9961","CR_LAMAS":" ","Machoz":"מרכז","Hearot":"השכבה אינה סטטוטורית באופן מלא.","Eshkol_MPn":" ","Sign_Date":null,"Tikun1":null,"Tikun2":null,"Tikun3":null,"Tikun4":null,"Tikun5":null,"Tikun6":null,"Tikun7":null,"Tikun8":null,"Tikun9":null,"Tikun10":null,"Tikun11":null,"Tikun12":null,"Tikun13":null,"Tikun14":null,"Tikun15":null,"Precision_":"מקור וקטורי חתום","FIRST_Nafa":" ","LAST_Nafa2":" ","Shape_Leng":358.265208115,"Shape_Area":5916.11377457,"Shape__Area":8272.1923828125,"Shape__Length":423.74200515142763}},{"type":"Feature","id":118,"geometry":{"type":"Polygon","coordinates":[[[35.114811,32.530166],[35.120455,32.529512],[35.119835,32.527279],[35.122771,32.526309],[35.122889,32.524996],[35.124733,32.524336],[35.120336,32.518791],[35.117071,32.519204],[35.116863,32.521397],[35.113437,32.521687],[35.113339,32.518192],[35.116007,32.516699],[35.111109,32.515509],[35.114816,32.510847],[35.120293,32.514847],[35.12158,32.513675],[35.119453,32.511136],[35.119992,32.507909],[35.117597,32.512305],[35.109843,32.508198],[35.090128,32.504977],[35.085676,32.502607],[35.074121,32.501256],[35.067653,32.499472],[35.073909,32.501683],[35.085492,32.503032],[35.088224,32.504416],[35.087122,32.507068],[35.086123,32.506895],[35.08538,32.510456],[35.082474,32.511687],[35.081085,32.515319],[35.069282,32.515336],[35.068862,32.51436],[35.064779,32.514301],[35.063955,32.517905],[35.064639,32.518902],[35.069167,32.517874],[35.076683,32.518871],[35.080438,32.520304],[35.090145,32.519735],[35.089723,32.52356],[35.087439,32.52667],[35.086263,32.530571],[35.089556,32.530765],[35.093312,32.532822],[35.094405,32.532885],[35.094916,32.529413],[35.096198,32.529599],[35.096681,32.528867],[35.096556,32.527734],[35.095131,32.526724],[35.09755,32.521517],[35.102742,32.521631],[35.103349,32.521782],[35.103069,32.522617],[35.10441,32.522711],[35.10511,32.521742],[35.106779,32.522494],[35.106685,32.52361],[35.108048,32.524955],[35.109037,32.525853],[35.110707,32.525536],[35.111606,32.527136],[35.112273,32.526717],[35.114912,32.529282],[35.114811,32.530166]]]},"properties":{"FID":118,"Muni_Heb":"ללא שיפוט - אזור יער מנשה","Muni_Eng":"No Jurisdiction - Menashe Forest Area","Sug_Muni":"ללא שיפוט","CR_PNIM":"9944","CR_LAMAS":" ","Machoz":"חיפה","Hearot":"השכבה אינה סטטוטורית באופן מלא.","Eshkol_MPn":" ","Sign_Date":null,"Tikun1":null,"Tikun2":null,"Tikun3":null,"Tikun4":null,"Tikun5":null,"Tikun6":null,"Tikun7":null,"Tikun8":null,"Tikun9":null,"Tikun10":null,"Tikun11":null,"Tikun12":null,"Tikun13":null,"Tikun14":null,"Tikun15":null,"Precision_":"מקור וקטורי חתום","FIRST_Nafa":" ","LAST_Nafa2":" ","Shape_Leng":27036.9227138,"Shape_Area":7515705.78374,"Shape__Area":10599869.448242188,"Shape__Length":32089.540121392423}},{"type":"Feature","id":119,"geometry":{"type":"Polygon","coordinates":[[[35.121213,32.505353],[35.120546,32.506745],[35.125503,32.50743],[35.130926,32.510843],[35.133078,32.510075],[35.132365,32.508403],[35.141678,32.506385],[35.143508,32.5077],[35.147913,32.508587],[35.148961,32.507185],[35.155486,32.506578],[35.153862,32.50575],[35.149141,32.506559],[35.14705,32.507983],[35.143704,32.507165],[35.142254,32.505755],[35.133571,32.508028],[35.131153,32.507203],[35.1317,32.508689],[35.132968,32.509285],[35.131516,32.510302],[35.128126,32.507253],[35.123843,32.505534],[35.121213,32.505353]]]},"properties":{"FID":119,"Muni_Heb":"ללא שיפוט - אזור כביש 6535","Muni_Eng":"No Jurisdiction - Road no. 6535 Area","Sug_Muni":"ללא שיפוט","CR_PNIM":"9955","CR_LAMAS":" ","Machoz":"חיפה","Hearot":"השכבה אינה סטטוטורית באופן מלא.","Eshkol_MPn":" ","Sign_Date":null,"Tikun1":null,"Tikun2":null,"Tikun3":null,"Tikun4":null,"Tikun5":null,"Tikun6":null,"Tikun7":null,"Tikun8":null,"Tikun9":null,"Tikun10":null,"Tikun11":null,"Tikun12":null,"Tikun13":null,"Tikun14":null,"Tikun15":null,"Precision_":"מקור וקטורי חתום","FIRST_Nafa":" ","LAST_Nafa2":" ","Shape_Leng":8607.98987713,"Shape_Area":312514.95429,"Shape__Area":440665.4541015625,"Shape__Length":10210.396932602918}},{"type":"Feature","id":120,"geometry":{"type":"Polygon","coordinates":[[[35.38229,32.748628],[35.3802,32.74494],[35.381503,32.742657],[35.383088,32.741756],[35.382926,32.739757],[35.379874,32.74002],[35.373143,32.737171],[35.369267,32.737341],[35.365749,32.7395],[35.360132,32.741345],[35.355823,32.740871],[35.355119,32.743001],[35.357343,32.743037],[35.356968,32.743619],[35.357934,32.743736],[35.35817,32.744946],[35.361476,32.745747],[35.365237,32.747873],[35.365883,32.753216],[35.354173,32.754122],[35.351498,32.753923],[35.349818,32.752314],[35.34749,32.755291],[35.34988,32.757679],[35.355226,32.759161],[35.355176,32.759846],[35.350597,32.76181],[35.35248,32.762883],[35.352806,32.762172],[35.356056,32.761337],[35.358077,32.76242],[35.359224,32.760388],[35.372849,32.762987],[35.373032,32.761826],[35.375247,32.761803],[35.375723,32.759659],[35.378942,32.759133],[35.380336,32.757114],[35.378513,32.757288],[35.37894,32.756814],[35.377993,32.756904],[35.376851,32.755381],[35.374821,32.755235],[35.375858,32.751585],[35.377448,32.751505],[35.378683,32.750091],[35.38229,32.748628]]]},"properties":{"FID":120,"Muni_Heb":"ללא שיפוט - אזור כפר כנא","Muni_Eng":"No Jurisdiction - Kefar Kana Area","Sug_Muni":"ללא שיפוט","CR_PNIM":"9928","CR_LAMAS":" ","Machoz":"צפון","Hearot":"השכבה אינה סטטוטורית באופן מלא.","Eshkol_MPn":" ","Sign_Date":null,"Tikun1":null,"Tikun2":null,"Tikun3":null,"Tikun4":null,"Tikun5":null,"Tikun6":null,"Tikun7":null,"Tikun8":null,"Tikun9":null,"Tikun10":null,"Tikun11":null,"Tikun12":null,"Tikun13":null,"Tikun14":null,"Tikun15":null,"Precision_":"מקור וקטורי חתום","FIRST_Nafa":" ","LAST_Nafa2":" ","Shape_Leng":15354.5382658,"Shape_Area":5080352.72463,"Shape__Area":7202234.6484375,"Shape__Length":18269.143537991182}},{"type":"Feature","id":121,"geometry":{"type":"Polygon","coordinates":[[[35.410853,32.688098],[35.414725,32.689151],[35.416121,32.688455],[35.413815,32.685857],[35.414753,32.680615],[35.411669,32.678327],[35.409993,32.681891],[35.411206,32.683983],[35.41036,32.685403],[35.411247,32.686988],[35.410853,32.688098]]]},"properties":{"FID":121,"Muni_Heb":"ללא שיפוט - אזור כפר תבור","Muni_Eng":"No Jurisdiction - Kefar Tavor Area","Sug_Muni":"ללא שיפוט","CR_PNIM":"9931","CR_LAMAS":" ","Machoz":"צפון","Hearot":"השכבה אינה סטטוטורית באופן מלא.","Eshkol_MPn":" ","Sign_Date":null,"Tikun1":null,"Tikun2":null,"Tikun3":null,"Tikun4":null,"Tikun5":null,"Tikun6":null,"Tikun7":null,"Tikun8":null,"Tikun9":null,"Tikun10":null,"Tikun11":null,"Tikun12":null,"Tikun13":null,"Tikun14":null,"Tikun15":null,"Precision_":"מקור וקטורי חתום","FIRST_Nafa":" ","LAST_Nafa2":" ","Shape_Leng":3126.62946804,"Shape_Area":379617.496765,"Shape__Area":537373.3505859375,"Shape__Length":3722.7800675137969}},{"type":"Feature","id":122,"geometry":{"type":"Polygon","coordinates":[[[34.912635,32.484627],[34.91701,32.481589],[34.919788,32.480673],[34.929226,32.503711],[34.929851,32.501472],[34.932117,32.501172],[34.933331,32.499953],[34.932164,32.498685],[34.937596,32.495068],[34.940053,32.497792],[34.93602,32.500489],[34.934849,32.500155],[34.935025,32.500738],[34.945192,32.50059],[34.948859,32.499065],[34.952374,32.500002],[34.953137,32.493139],[34.952373,32.492768],[34.953349,32.491158],[34.953197,32.487085],[34.954029,32.485377],[34.953433,32.483453],[34.951614,32.484025],[34.947839,32.479309],[34.947624,32.477319],[34.951524,32.475984],[34.945591,32.467694],[34.941795,32.463758],[34.928723,32.462377],[34.923657,32.462877],[34.921275,32.463813],[34.920854,32.47187],[34.915839,32.473205],[34.914647,32.469972],[34.907619,32.471675],[34.904675,32.476957],[34.912635,32.484627]]]},"properties":{"FID":122,"Muni_Heb":"ללא שיפוט - אזור מאגרי מנשה","Muni_Eng":"No Jurisdiction - Menashe Reservoirs Area","Sug_Muni":"ללא שיפוט","CR_PNIM":"9945","CR_LAMAS":" ","Machoz":"חיפה","Hearot":"השכבה אינה סטטוטורית באופן מלא.","Eshkol_MPn":" ","Sign_Date":null,"Tikun1":null,"Tikun2":null,"Tikun3":null,"Tikun4":null,"Tikun5":null,"Tikun6":null,"Tikun7":null,"Tikun8":null,"Tikun9":null,"Tikun10":null,"Tikun11":null,"Tikun12":null,"Tikun13":null,"Tikun14":null,"Tikun15":null,"Precision_":"מקור וקטורי חתום","FIRST_Nafa":" ","LAST_Nafa2":" ","Shape_Leng":19158.2185533,"Shape_Area":12200098.9994,"Shape__Area":17192742.807617188,"Shape__Length":22747.051074576942}},{"type":"Feature","id":123,"geometry":{"type":"Polygon","coordinates":[[[35.12877,32.91434],[35.129703,32.917505],[35.13271,32.920361],[35.128778,32.922143],[35.133332,32.925802],[35.13744,32.924673],[35.137614,32.925274],[35.14406,32.925184],[35.143664,32.922884],[35.145537,32.921673],[35.154152,32.919604],[35.157719,32.917635],[35.156258,32.912953],[35.15465,32.91277],[35.146655,32.914469],[35.134246,32.912984],[35.12877,32.91434]]]},"properties":{"FID":123,"Muni_Heb":"ללא שיפוט - אזור מדרום לג'דיידה-מכר","Muni_Eng":"No Jurisdiction - South of Jdeyde - Ma'ker Area","Sug_Muni":"ללא שיפוט","CR_PNIM":"9917","CR_LAMAS":" ","Machoz":"צפון","Hearot":"השכבה אינה סטטוטורית באופן מלא.","Eshkol_MPn":" ","Sign_Date":null,"Tikun1":null,"Tikun2":null,"Tikun3":null,"Tikun4":null,"Tikun5":null,"Tikun6":null,"Tikun7":null,"Tikun8":null,"Tikun9":null,"Tikun10":null,"Tikun11":null,"Tikun12":null,"Tikun13":null,"Tikun14":null,"Tikun15":null,"Precision_":"מקור וקטורי חתום","FIRST_Nafa":" ","LAST_Nafa2":" ","Shape_Leng":7928.90730741,"Shape_Area":2537568.17079,"Shape__Area":3610941.31640625,"Shape__Length":9448.9916907060269}},{"type":"Feature","id":124,"geometry":{"type":"Polygon","coordinates":[[[35.168162,32.934153],[35.170383,32.935479],[35.173558,32.935751],[35.178901,32.934568],[35.178007,32.934014],[35.17848,32.932137],[35.176139,32.933004],[35.17503,32.931275],[35.168162,32.934153]]]},"properties":{"FID":124,"Muni_Heb":"ללא שיפוט - אזור מדרום לג'וליס","Muni_Eng":"No Jurisdiction - South of Julis Area","Sug_Muni":"ללא שיפוט","CR_PNIM":"9915","CR_LAMAS":" ","Machoz":"צפון","Hearot":"השכבה אינה סטטוטורית באופן מלא.","Eshkol_MPn":" ","Sign_Date":null,"Tikun1":null,"Tikun2":null,"Tikun3":null,"Tikun4":null,"Tikun5":null,"Tikun6":null,"Tikun7":null,"Tikun8":null,"Tikun9":null,"Tikun10":null,"Tikun11":null,"Tikun12":null,"Tikun13":null,"Tikun14":null,"Tikun15":null,"Precision_":"מקור וקטורי חתום","FIRST_Nafa":" ","LAST_Nafa2":" ","Shape_Leng":2700.2174157,"Shape_Area":266521.708696,"Shape__Area":379390.61328125,"Shape__Length":3218.6894438667091}},{"type":"Feature","id":125,"geometry":{"type":"Polygon","coordinates":[[[34.968026,32.073903],[34.967849,32.079658],[34.972114,32.07911],[34.973895,32.080338],[34.974748,32.079646],[34.973796,32.076613],[34.974683,32.075215],[34.976216,32.075564],[34.977024,32.073603],[34.979476,32.074705],[34.980843,32.076848],[34.983123,32.077304],[34.984819,32.076878],[34.988331,32.074198],[34.991222,32.074754],[34.999637,32.051855],[34.996052,32.05077],[34.968069,32.050906],[34.970419,32.061241],[34.96801,32.060507],[34.970286,32.062466],[34.97014,32.068653],[34.968026,32.073903]]]},"properties":{"FID":125,"Muni_Heb":"ללא שיפוט - אזור מדרום לראש העין","Muni_Eng":"No Jurisdiction - South of Rosh Ha'ayin Area","Sug_Muni":"ללא שיפוט","CR_PNIM":"9963","CR_LAMAS":" ","Machoz":"מרכז","Hearot":"השכבה אינה סטטוטורית באופן מלא.","Eshkol_MPn":" ","Sign_Date":null,"Tikun1":null,"Tikun2":null,"Tikun3":null,"Tikun4":null,"Tikun5":null,"Tikun6":null,"Tikun7":null,"Tikun8":null,"Tikun9":null,"Tikun10":null,"Tikun11":null,"Tikun12":null,"Tikun13":null,"Tikun14":null,"Tikun15":null,"Precision_":"מקור וקטורי חתום","FIRST_Nafa":" ","LAST_Nafa2":" ","Shape_Leng":12859.5098648,"Shape_Area":6946961.36123,"Shape__Area":9700957.5771484375,"Shape__Length":15200.644875471062}},{"type":"Feature","id":126,"geometry":{"type":"Polygon","coordinates":[[[35.1619,32.540976],[35.160928,32.543321],[35.161358,32.544006],[35.159308,32.544547],[35.162508,32.549549],[35.161974,32.550819],[35.160706,32.550851],[35.159956,32.551754],[35.162575,32.552028],[35.163917,32.551082],[35.164494,32.551531],[35.163305,32.55196],[35.163627,32.552608],[35.165132,32.553002],[35.165899,32.555336],[35.16677,32.555272],[35.16518,32.55224],[35.165636,32.551999],[35.163544,32.550007],[35.161252,32.545857],[35.165021,32.548043],[35.162753,32.543947],[35.164125,32.543059],[35.163226,32.5428],[35.162951,32.540933],[35.1619,32.540976]]]},"properties":{"FID":126,"Muni_Heb":"ללא שיפוט - אזור מושיריפה","Muni_Eng":"No Jurisdiction - Mushreife Area","Sug_Muni":"ללא שיפוט","CR_PNIM":"9942","CR_LAMAS":" ","Machoz":"חיפה","Hearot":"השכבה אינה סטטוטורית באופן מלא.","Eshkol_MPn":" ","Sign_Date":null,"Tikun1":null,"Tikun2":null,"Tikun3":null,"Tikun4":null,"Tikun5":null,"Tikun6":null,"Tikun7":null,"Tikun8":null,"Tikun9":null,"Tikun10":null,"Tikun11":null,"Tikun12":null,"Tikun13":null,"Tikun14":null,"Tikun15":null,"Precision_":"מקור וקטורי חתום","FIRST_Nafa":" ","LAST_Nafa2":" ","Shape_Leng":5675.64258809,"Shape_Area":292963.91377,"Shape__Area":413462.3046875,"Shape__Length":6745.0643460508791}},{"type":"Feature","id":127,"geometry":{"type":"Polygon","coordinates":[[[34.746605,31.344465],[34.748099,31.345353],[34.752523,31.343008],[34.752167,31.342348],[34.747985,31.344577],[34.746605,31.344465]]]},"properties":{"FID":127,"Muni_Heb":"ללא שיפוט - אזור מזרחית לכפר תראבין","Muni_Eng":"No Jurisdiction - East of Tarabin Area","Sug_Muni":"ללא שיפוט","CR_PNIM":"9973","CR_LAMAS":" ","Machoz":"דרום","Hearot":"השכבה אינה סטטוטורית באופן מלא.","Eshkol_MPn":" ","Sign_Date":null,"Tikun1":null,"Tikun2":null,"Tikun3":null,"Tikun4":null,"Tikun5":null,"Tikun6":null,"Tikun7":null,"Tikun8":null,"Tikun9":null,"Tikun10":null,"Tikun11":null,"Tikun12":null,"Tikun13":null,"Tikun14":null,"Tikun15":null,"Precision_":"מקור וקטורי חתום","FIRST_Nafa":" ","LAST_Nafa2":" ","Shape_Leng":1361.98961214,"Shape_Area":51619.6001241,"Shape__Area":70982.0546875,"Shape__Length":1595.566403458615}},{"type":"Feature","id":128,"geometry":{"type":"Polygon","coordinates":[[[35.024006,31.35915],[35.02332,31.357535],[35.021253,31.35668],[35.02119,31.35374],[35.018845,31.353463],[35.017883,31.351656],[35.019471,31.34566],[35.023079,31.342144],[35.022504,31.340134],[35.020169,31.3405],[35.020695,31.338085],[35.018537,31.334973],[35.019522,31.332505],[35.016508,31.32421],[35.017295,31.323164],[35.014916,31.319214],[35.009596,31.318565],[35.003818,31.314546],[34.989456,31.311568],[34.988441,31.311518],[34.986882,31.313555],[34.985473,31.313297],[34.981295,31.310294],[34.980133,31.308381],[34.979203,31.308881],[34.980576,31.310241],[34.976571,31.310684],[34.973202,31.314057],[34.973857,31.315986],[34.976752,31.316421],[34.965895,31.318527],[34.957052,31.325635],[34.959558,31.331975],[34.950348,31.342997],[34.949834,31.345409],[34.950197,31.347625],[34.95163,31.348388],[34.974275,31.350692],[34.984376,31.353459],[35.006326,31.357792],[35.024006,31.35915]]]},"properties":{"FID":128,"Muni_Heb":"תמר","Muni_Eng":"Tamar","Sug_Muni":"מועצה אזורית","CR_PNIM":"5551","CR_LAMAS":" ","Machoz":"דרום","Hearot":"השכבה אינה סטטוטורית באופן מלא.","Eshkol_MPn":" ","Sign_Date":1602547200000,"Tikun1":null,"Tikun2":null,"Tikun3":null,"Tikun4":null,"Tikun5":null,"Tikun6":null,"Tikun7":null,"Tikun8":null,"Tikun9":null,"Tikun10":null,"Tikun11":null,"Tikun12":null,"Tikun13":null,"Tikun14":null,"Tikun15":null,"Precision_":"מקור וקטורי חתום","FIRST_Nafa":"באר שבע","LAST_Nafa2":" ","Shape_Leng":23528.4016248,"Shape_Area":25612266.6235,"Shape__Area":35214396.997070313,"Shape__Length":27572.801704254161}},{"type":"Feature","id":129,"geometry":{"type":"Polygon","coordinates":[[[35.121919,32.920821],[35.122222,32.922283],[35.112139,32.922286],[35.112197,32.928615],[35.111102,32.928548],[35.110774,32.934821],[35.114077,32.934389],[35.117112,32.935619],[35.126332,32.934858],[35.126404,32.931552],[35.120772,32.930874],[35.120994,32.922676],[35.128878,32.922381],[35.126266,32.920109],[35.121919,32.920821]]]},"properties":{"FID":129,"Muni_Heb":"ללא שיפוט - אזור ממערב לג'דיידה-מכר","Muni_Eng":"No Jurisdiction - West of Jdeyde - Ma'ker Area","Sug_Muni":"ללא שיפוט","CR_PNIM":"9916","CR_LAMAS":" ","Machoz":"צפון","Hearot":"השכבה אינה סטטוטורית באופן מלא.","Eshkol_MPn":" ","Sign_Date":null,"Tikun1":null,"Tikun2":null,"Tikun3":null,"Tikun4":null,"Tikun5":null,"Tikun6":null,"Tikun7":null,"Tikun8":null,"Tikun9":null,"Tikun10":null,"Tikun11":null,"Tikun12":null,"Tikun13":null,"Tikun14":null,"Tikun15":null,"Precision_":"מקור וקטורי חתום","FIRST_Nafa":" ","LAST_Nafa2":" ","Shape_Leng":7531.25683363,"Shape_Area":1573329.40492,"Shape__Area":2239356.85546875,"Shape__Length":8981.9996026085519}},{"type":"Feature","id":130,"geometry":{"type":"Polygon","coordinates":[[[35.25686,33.038097],[35.257412,33.037282],[35.259409,33.037367],[35.26083,33.036432],[35.258911,33.032978],[35.252695,33.033976],[35.251738,33.032339],[35.24896,33.031467],[35.249211,33.030796],[35.245873,33.031532],[35.248142,33.031021],[35.246943,33.02713],[35.24822,33.025644],[35.249419,33.025462],[35.247785,33.023077],[35.24872,33.023234],[35.248781,33.024808],[35.25011,33.025192],[35.253362,33.024549],[35.252299,33.022937],[35.255757,33.022806],[35.256279,33.023712],[35.258342,33.023059],[35.257418,33.022289],[35.257073,33.020079],[35.25609,33.020312],[35.255675,33.019459],[35.251698,33.019912],[35.245286,33.018024],[35.239662,33.02165],[35.234827,33.02236],[35.232854,33.021344],[35.230333,33.02151],[35.227966,33.019582],[35.225905,33.020598],[35.227016,33.024783],[35.217849,33.022716],[35.207085,33.021969],[35.196616,33.019723],[35.189452,33.019694],[35.190943,33.02053],[35.190845,33.023132],[35.191719,33.023937],[35.191634,33.024996],[35.18929,33.02512],[35.193314,33.033497],[35.194828,33.034867],[35.196566,33.034286],[35.198142,33.034975],[35.200494,33.034661],[35.203536,33.036254],[35.203232,33.037618],[35.209866,33.037287],[35.215407,33.03867],[35.215967,33.040093],[35.22144,33.040961],[35.226128,33.040844],[35.2287,33.039646],[35.230293,33.041191],[35.230361,33.042398],[35.234382,33.043788],[35.236407,33.042848],[35.236363,33.04101],[35.235163,33.040968],[35.235145,33.038605],[35.237033,33.038623],[35.237235,33.03769],[35.23993,33.036562],[35.239485,33.033384],[35.241825,33.032739],[35.243156,33.032716],[35.244087,33.034401],[35.24692,33.033516],[35.248358,33.034025],[35.248773,33.035222],[35.251306,33.036089],[35.251713,33.037907],[35.252796,33.037375],[35.25686,33.038097]]]},"properties":{"FID":130,"Muni_Heb":"ללא שיפוט - אזור מעיליא","Muni_Eng":"No Jurisdiction - Mi'ilya Area","Sug_Muni":"ללא שיפוט","CR_PNIM":"9901","CR_LAMAS":" ","Machoz":"צפון","Hearot":"השכבה אינה סטטוטורית באופן מלא.","Eshkol_MPn":" ","Sign_Date":null,"Tikun1":null,"Tikun2":null,"Tikun3":null,"Tikun4":null,"Tikun5":null,"Tikun6":null,"Tikun7":null,"Tikun8":null,"Tikun9":null,"Tikun10":null,"Tikun11":null,"Tikun12":null,"Tikun13":null,"Tikun14":null,"Tikun15":null,"Precision_":"מקור וקטורי חתום","FIRST_Nafa":" ","LAST_Nafa2":" ","Shape_Leng":24790.7162757,"Shape_Area":10536104.4535,"Shape__Area":15030259.833984375,"Shape__Length":29588.221193269408}},{"type":"Feature","id":131,"geometry":{"type":"Polygon","coordinates":[[[35.01189,32.415242],[35.012052,32.41978],[35.014933,32.419014],[35.014554,32.41552],[35.01189,32.415242]]]},"properties":{"FID":131,"Muni_Heb":"ללא שיפוט - אזור מערבית לבאקה אל גרבייה","Muni_Eng":"No Jurisdiction - West of Baka al Rarbiya Area","Sug_Muni":"ללא שיפוט","CR_PNIM":"9951","CR_LAMAS":" ","Machoz":"חיפה","Hearot":"השכבה אינה סטטוטורית באופן מלא.","Eshkol_MPn":" ","Sign_Date":null,"Tikun1":null,"Tikun2":null,"Tikun3":null,"Tikun4":null,"Tikun5":null,"Tikun6":null,"Tikun7":null,"Tikun8":null,"Tikun9":null,"Tikun10":null,"Tikun11":null,"Tikun12":null,"Tikun13":null,"Tikun14":null,"Tikun15":null,"Precision_":"מקור וקטורי חתום","FIRST_Nafa":" ","LAST_Nafa2":" ","Shape_Leng":1433.09548005,"Shape_Area":115426.890431,"Shape__Area":162435.9755859375,"Shape__Length":1701.2187023145716}},{"type":"Feature","id":132,"geometry":{"type":"Polygon","coordinates":[[[35.083198,32.468062],[35.078962,32.464903],[35.078129,32.466839],[35.076522,32.466524],[35.075974,32.468659],[35.073958,32.469694],[35.075754,32.480242],[35.079439,32.479223],[35.07851,32.47691],[35.078698,32.471615],[35.076926,32.471603],[35.076928,32.470579],[35.079645,32.470083],[35.082401,32.470898],[35.083198,32.468062]]]},"properties":{"FID":132,"Muni_Heb":"ללא שיפוט - אזור מערבית לברטעה","Muni_Eng":"No Jurisdiction - West of Barta'a Area","Sug_Muni":"ללא שיפוט","CR_PNIM":"9947","CR_LAMAS":" ","Machoz":"חיפה","Hearot":"השכבה אינה סטטוטורית באופן מלא.","Eshkol_MPn":" ","Sign_Date":null,"Tikun1":null,"Tikun2":null,"Tikun3":null,"Tikun4":null,"Tikun5":null,"Tikun6":null,"Tikun7":null,"Tikun8":null,"Tikun9":null,"Tikun10":null,"Tikun11":null,"Tikun12":null,"Tikun13":null,"Tikun14":null,"Tikun15":null,"Precision_":"מקור וקטורי חתום","FIRST_Nafa":" ","LAST_Nafa2":" ","Shape_Leng":5054.34491713,"Shape_Area":667704.759571,"Shape__Area":940770.625,"Shape__Length":6003.7050374340142}},{"type":"Feature","id":133,"geometry":{"type":"Polygon","coordinates":[[[35.150731,32.960109],[35.150372,32.95573],[35.149266,32.953026],[35.150511,32.94828],[35.149878,32.946419],[35.130077,32.948332],[35.122522,32.946564],[35.1224,32.9483],[35.115261,32.947003],[35.114934,32.95042],[35.116069,32.95038],[35.115936,32.955492],[35.114996,32.955731],[35.114929,32.958063],[35.115762,32.956841],[35.117737,32.958553],[35.120758,32.955263],[35.121413,32.9566],[35.123746,32.956917],[35.12512,32.958418],[35.125407,32.956907],[35.143495,32.955398],[35.144208,32.961559],[35.147406,32.961729],[35.148045,32.960568],[35.150731,32.960109]]]},"properties":{"FID":133,"Muni_Heb":"ללא שיפוט - אזור מערבית לכפר יאסיף","Muni_Eng":"No Jurisdiction - West of Kefar Yasif Area","Sug_Muni":"ללא שיפוט","CR_PNIM":"9911","CR_LAMAS":" ","Machoz":"צפון","Hearot":"השכבה אינה סטטוטורית באופן מלא.","Eshkol_MPn":" ","Sign_Date":null,"Tikun1":null,"Tikun2":null,"Tikun3":null,"Tikun4":null,"Tikun5":null,"Tikun6":null,"Tikun7":null,"Tikun8":null,"Tikun9":null,"Tikun10":null,"Tikun11":null,"Tikun12":null,"Tikun13":null,"Tikun14":null,"Tikun15":null,"Precision_":"מקור וקטורי חתום","FIRST_Nafa":" ","LAST_Nafa2":" ","Shape_Leng":11487.7427518,"Shape_Area":3536655.2474,"Shape__Area":5036483.69140625,"Shape__Length":13704.55903659885}},{"type":"Feature","id":134,"geometry":{"type":"Polygon","coordinates":[[[35.518728,32.674742],[35.527739,32.67504],[35.527743,32.674065],[35.526519,32.672515],[35.525966,32.669542],[35.524301,32.669466],[35.523034,32.668078],[35.523512,32.668686],[35.522785,32.670454],[35.519511,32.672822],[35.518728,32.674742]]]},"properties":{"FID":134,"Muni_Heb":"ללא שיפוט - אזור מצפה אילות","Muni_Eng":"No Jurisdiction - Mitspe Ayalot Area","Sug_Muni":"ללא שיפוט","CR_PNIM":"9933","CR_LAMAS":" ","Machoz":"צפון","Hearot":"השכבה אינה סטטוטורית באופן מלא.","Eshkol_MPn":" ","Sign_Date":null,"Tikun1":null,"Tikun2":null,"Tikun3":null,"Tikun4":null,"Tikun5":null,"Tikun6":null,"Tikun7":null,"Tikun8":null,"Tikun9":null,"Tikun10":null,"Tikun11":null,"Tikun12":null,"Tikun13":null,"Tikun14":null,"Tikun15":null,"Precision_":"מקור וקטורי חתום","FIRST_Nafa":" ","LAST_Nafa2":" ","Shape_Leng":2813.85617993,"Shape_Area":350695.780733,"Shape__Area":496302.0419921875,"Shape__Length":3346.9830956856322}},{"type":"Feature","id":135,"geometry":{"type":"Polygon","coordinates":[[[35.142483,32.740208],[35.136615,32.738499],[35.133441,32.739328],[35.142483,32.740208]]]},"properties":{"FID":135,"Muni_Heb":"ללא שיפוט - אזור מצפון לבסמת טבעון","Muni_Eng":"No Jurisdiction - North of Basmat Tivon Area","Sug_Muni":"ללא שיפוט","CR_PNIM":"9938","CR_LAMAS":" ","Machoz":"חיפה","Hearot":"השכבה אינה סטטוטורית באופן מלא.","Eshkol_MPn":" ","Sign_Date":null,"Tikun1":null,"Tikun2":null,"Tikun3":null,"Tikun4":null,"Tikun5":null,"Tikun6":null,"Tikun7":null,"Tikun8":null,"Tikun9":null,"Tikun10":null,"Tikun11":null,"Tikun12":null,"Tikun13":null,"Tikun14":null,"Tikun15":null,"Precision_":"מקור וקטורי חתום","FIRST_Nafa":" ","LAST_Nafa2":" ","Shape_Leng":1749.5661434,"Shape_Area":48044.957554,"Shape__Area":68093.4814453125,"Shape__Length":2078.5368394335064}},{"type":"Feature","id":136,"geometry":{"type":"Polygon","coordinates":[[[35.211575,32.966508],[35.207226,32.964791],[35.205424,32.965094],[35.204084,32.965839],[35.204565,32.966872],[35.199773,32.969279],[35.202424,32.968934],[35.200289,32.970959],[35.203219,32.974028],[35.216622,32.974611],[35.218201,32.971892],[35.217704,32.969466],[35.21826,32.968355],[35.212091,32.967215],[35.207536,32.967608],[35.207864,32.966646],[35.211575,32.966508]]]},"properties":{"FID":136,"Muni_Heb":"ללא שיפוט - אזור מצפון לירכא","Muni_Eng":"No Jurisdiction - North of Yirka Area","Sug_Muni":"ללא שיפוט","CR_PNIM":"9909","CR_LAMAS":" ","Machoz":"צפון","Hearot":"השכבה אינה סטטוטורית באופן מלא.","Eshkol_MPn":" ","Sign_Date":null,"Tikun1":null,"Tikun2":null,"Tikun3":null,"Tikun4":null,"Tikun5":null,"Tikun6":null,"Tikun7":null,"Tikun8":null,"Tikun9":null,"Tikun10":null,"Tikun11":null,"Tikun12":null,"Tikun13":null,"Tikun14":null,"Tikun15":null,"Precision_":"מקור וקטורי חתום","FIRST_Nafa":" ","LAST_Nafa2":" ","Shape_Leng":6134.05422887,"Shape_Area":1250871.18093,"Shape__Area":1782057.7275390625,"Shape__Length":7313.9555174577281}},{"type":"Feature","id":137,"geometry":{"type":"Polygon","coordinates":[[[35.291578,33.022613],[35.287541,33.025946],[35.281932,33.025046],[35.281832,33.025826],[35.279657,33.026221],[35.280546,33.029864],[35.286132,33.029619],[35.286071,33.034009],[35.287985,33.033781],[35.291292,33.037078],[35.294505,33.042598],[35.294794,33.041436],[35.29599,33.041509],[35.29773,33.037488],[35.301054,33.036564],[35.305193,33.037357],[35.304962,33.036096],[35.308105,33.034292],[35.309482,33.032537],[35.310821,33.028546],[35.310067,33.018807],[35.307418,33.020236],[35.308217,33.021353],[35.307769,33.022277],[35.305606,33.021638],[35.303916,33.023772],[35.302778,33.022335],[35.300732,33.022036],[35.29912,33.02388],[35.295478,33.024006],[35.295729,33.026045],[35.292356,33.024849],[35.291578,33.022613]]]},"properties":{"FID":137,"Muni_Heb":"ללא שיפוט - אזור מצפון למעלות","Muni_Eng":"No Jurisdiction - North of Ma'alot Area","Sug_Muni":"ללא שיפוט","CR_PNIM":"9902","CR_LAMAS":" ","Machoz":"צפון","Hearot":"השכבה אינה סטטוטורית באופן מלא.","Eshkol_MPn":" ","Sign_Date":null,"Tikun1":null,"Tikun2":null,"Tikun3":null,"Tikun4":null,"Tikun5":null,"Tikun6":null,"Tikun7":null,"Tikun8":null,"Tikun9":null,"Tikun10":null,"Tikun11":null,"Tikun12":null,"Tikun13":null,"Tikun14":null,"Tikun15":null,"Precision_":"מקור וקטורי חתום","FIRST_Nafa":" ","LAST_Nafa2":" ","Shape_Leng":11135.5517529,"Shape_Area":3682980.28603,"Shape__Area":5253977.138671875,"Shape__Length":13303.442138301847}},{"type":"Feature","id":138,"geometry":{"type":"Polygon","coordinates":[[[35.113471,32.494138],[35.112607,32.493249],[35.108625,32.492796],[35.103766,32.494634],[35.105244,32.495855],[35.108035,32.496565],[35.113471,32.494138]]]},"properties":{"FID":138,"Muni_Heb":"ללא שיפוט - אזור מצפון לקציר","Muni_Eng":"No Jurisdiction - North of Katsir Area","Sug_Muni":"ללא שיפוט","CR_PNIM":"9946","CR_LAMAS":" ","Machoz":"חיפה","Hearot":"השכבה אינה סטטוטורית באופן מלא.","Eshkol_MPn":" ","Sign_Date":null,"Tikun1":null,"Tikun2":null,"Tikun3":null,"Tikun4":null,"Tikun5":null,"Tikun6":null,"Tikun7":null,"Tikun8":null,"Tikun9":null,"Tikun10":null,"Tikun11":null,"Tikun12":null,"Tikun13":null,"Tikun14":null,"Tikun15":null,"Precision_":"מקור וקטורי חתום","FIRST_Nafa":" ","LAST_Nafa2":" ","Shape_Leng":2191.28440782,"Shape_Area":231886.480268,"Shape__Area":326881.640625,"Shape__Length":2598.3389894965112}},{"type":"Feature","id":139,"geometry":{"type":"Polygon","coordinates":[[[34.827684,32.026576],[34.821297,32.018055],[34.79887,32.034156],[34.797064,32.032311],[34.791583,32.034478],[34.790598,32.032832],[34.792846,32.031352],[34.791354,32.025573],[34.789226,32.021866],[34.785408,32.023216],[34.782572,32.027271],[34.774429,32.028883],[34.774283,32.030313],[34.778833,32.038262],[34.786015,32.046814],[34.788094,32.046748],[34.790569,32.041473],[34.796818,32.039717],[34.807265,32.034542],[34.809762,32.041527],[34.812383,32.040838],[34.813826,32.04459],[34.817971,32.043566],[34.825213,32.03927],[34.829895,32.038067],[34.829042,32.030285],[34.827684,32.026576]]]},"properties":{"FID":139,"Muni_Heb":"ללא שיפוט - אזור מקווה ישראל - פארק שרון","Muni_Eng":"No Jurisdiction - Mikveh Israel - Sharon Park Area","Sug_Muni":"ללא שיפוט","CR_PNIM":"9970","CR_LAMAS":" ","Machoz":"תל אביב","Hearot":"השכבה אינה סטטוטורית באופן מלא.","Eshkol_MPn":" ","Sign_Date":null,"Tikun1":null,"Tikun2":null,"Tikun3":null,"Tikun4":null,"Tikun5":null,"Tikun6":null,"Tikun7":null,"Tikun8":null,"Tikun9":null,"Tikun10":null,"Tikun11":null,"Tikun12":null,"Tikun13":null,"Tikun14":null,"Tikun15":null,"Precision_":"מקור וקטורי חתום","FIRST_Nafa":" ","LAST_Nafa2":" ","Shape_Leng":17657.091777,"Shape_Area":7868310.98932,"Shape__Area":10980147.573242188,"Shape__Length":20861.822799731268}},{"type":"Feature","id":140,"geometry":{"type":"Polygon","coordinates":[[[35.587453,33.007124],[35.58605,33.000082],[35.587585,33.00001],[35.588615,32.997488],[35.584309,32.996375],[35.583671,32.997627],[35.581037,32.999127],[35.582016,33.000607],[35.580557,33.001537],[35.580522,33.00287],[35.583561,33.004859],[35.583723,33.00607],[35.587453,33.007124]]]},"properties":{"FID":140,"Muni_Heb":"ללא שיפוט - אזור משמר הירדן","Muni_Eng":"No Jurisdiction - Mishmar Hayarden Area","Sug_Muni":"ללא שיפוט","CR_PNIM":"9906","CR_LAMAS":" ","Machoz":"צפון","Hearot":"השכבה אינה סטטוטורית באופן מלא.","Eshkol_MPn":" ","Sign_Date":null,"Tikun1":null,"Tikun2":null,"Tikun3":null,"Tikun4":null,"Tikun5":null,"Tikun6":null,"Tikun7":null,"Tikun8":null,"Tikun9":null,"Tikun10":null,"Tikun11":null,"Tikun12":null,"Tikun13":null,"Tikun14":null,"Tikun15":null,"Precision_":"מקור וקטורי חתום","FIRST_Nafa":" ","LAST_Nafa2":" ","Shape_Leng":3577.27008666,"Shape_Area":501776.529067,"Shape__Area":715332.044921875,"Shape__Length":4272.3970119621954}},{"type":"Feature","id":141,"geometry":{"type":"Polygon","coordinates":[[[35.496084,32.828784],[35.495397,32.828513],[35.495351,32.828982],[35.496084,32.828784]]]},"properties":{"FID":141,"Muni_Heb":"ללא שיפוט - אזור נחל ארבל","Muni_Eng":"No Jurisdiction - Arbel River Area","Sug_Muni":"ללא שיפוט","CR_PNIM":"9925","CR_LAMAS":" ","Machoz":"צפון","Hearot":"השכבה אינה סטטוטורית באופן מלא.","Eshkol_MPn":" ","Sign_Date":null,"Tikun1":null,"Tikun2":null,"Tikun3":null,"Tikun4":null,"Tikun5":null,"Tikun6":null,"Tikun7":null,"Tikun8":null,"Tikun9":null,"Tikun10":null,"Tikun11":null,"Tikun12":null,"Tikun13":null,"Tikun14":null,"Tikun15":null,"Precision_":"מקור וקטורי חתום","FIRST_Nafa":" ","LAST_Nafa2":" ","Shape_Leng":207.628720993,"Shape_Area":2391.52354505,"Shape__Area":3396.251953125,"Shape__Length":247.33112647944293}},{"type":"Feature","id":142,"geometry":{"type":"Polygon","coordinates":[[[35.186399,32.555195],[35.18453,32.555183],[35.183734,32.554427],[35.183461,32.556084],[35.182301,32.556847],[35.186399,32.555195]]]},"properties":{"FID":142,"Muni_Heb":"ללא שיפוט - אזור נחל בענא","Muni_Eng":"No Jurisdiction - Ba'ane River Area","Sug_Muni":"ללא שיפוט","CR_PNIM":"9941","CR_LAMAS":" ","Machoz":"חיפה","Hearot":"השכבה אינה סטטוטורית באופן מלא.","Eshkol_MPn":" ","Sign_Date":null,"Tikun1":null,"Tikun2":null,"Tikun3":null,"Tikun4":null,"Tikun5":null,"Tikun6":null,"Tikun7":null,"Tikun8":null,"Tikun9":null,"Tikun10":null,"Tikun11":null,"Tikun12":null,"Tikun13":null,"Tikun14":null,"Tikun15":null,"Precision_":"מקור וקטורי חתום","FIRST_Nafa":" ","LAST_Nafa2":" ","Shape_Leng":1056.94571951,"Shape_Area":20020.7736337,"Shape__Area":28260.5703125,"Shape__Length":1254.9291070278325}},{"type":"Feature","id":143,"geometry":{"type":"Polygon","coordinates":[[[34.864323,32.00083],[34.860379,32.008423],[34.857527,32.009377],[34.850362,32.009201],[34.849987,32.010712],[34.845918,32.010079],[34.845792,32.011041],[34.849806,32.011629],[34.849385,32.013558],[34.85147,32.013853],[34.850681,32.015912],[34.851487,32.016707],[34.852575,32.014163],[34.854027,32.014108],[34.856958,32.014642],[34.859573,32.016265],[34.856562,32.017833],[34.85772,32.019337],[34.860769,32.019779],[34.86315,32.018222],[34.867783,32.019882],[34.872042,32.019696],[34.875263,32.021428],[34.881183,32.02036],[34.886989,32.023733],[34.892912,32.022044],[34.891228,32.024074],[34.894162,32.02526],[34.894506,32.026087],[34.903831,32.024491],[34.907902,32.024948],[34.908053,32.02354],[34.905558,32.021569],[34.906732,32.013892],[34.900539,32.01379],[34.900381,32.011728],[34.900461,32.010119],[34.906942,32.01108],[34.906968,32.00902],[34.912688,32.008673],[34.909751,31.999855],[34.905771,31.999726],[34.905148,31.996618],[34.908734,31.99561],[34.906549,31.990832],[34.905508,31.990482],[34.906551,31.989898],[34.904392,31.983772],[34.904767,31.979519],[34.901647,31.979793],[34.901686,31.980581],[34.895091,31.984889],[34.887572,31.98801],[34.879144,31.995248],[34.874061,31.995921],[34.868088,31.993155],[34.864323,32.00083]]]},"properties":{"FID":143,"Muni_Heb":"ללא שיפוט - אזור נתב\"ג","Muni_Eng":"No Jurisdiction - Ben Gurion Airport Area","Sug_Muni":"ללא שיפוט","CR_PNIM":"9964","CR_LAMAS":" ","Machoz":"מרכז","Hearot":"השכבה אינה סטטוטורית באופן מלא.","Eshkol_MPn":" ","Sign_Date":null,"Tikun1":null,"Tikun2":null,"Tikun3":null,"Tikun4":null,"Tikun5":null,"Tikun6":null,"Tikun7":null,"Tikun8":null,"Tikun9":null,"Tikun10":null,"Tikun11":null,"Tikun12":null,"Tikun13":null,"Tikun14":null,"Tikun15":null,"Precision_":"מקור וקטורי חתום","FIRST_Nafa":" ","LAST_Nafa2":" ","Shape_Leng":24309.0701535,"Shape_Area":16064863.0824,"Shape__Area":22405565.282226563,"Shape__Length":28698.661995273585}},{"type":"Feature","id":144,"geometry":{"type":"Polygon","coordinates":[[[35.130347,31.284965],[35.152617,31.284018],[35.152875,31.27604],[35.153799,31.275623],[35.137184,31.256189],[35.127132,31.256227],[35.131048,31.282252],[35.130347,31.284965]]]},"properties":{"FID":144,"Muni_Heb":"ללא שיפוט - אזור ערד","Muni_Eng":"No Jurisdiction - Arad Area","Sug_Muni":"ללא שיפוט","CR_PNIM":"9974","CR_LAMAS":" ","Machoz":"דרום","Hearot":"השכבה אינה סטטוטורית באופן מלא.","Eshkol_MPn":" ","Sign_Date":null,"Tikun1":null,"Tikun2":null,"Tikun3":null,"Tikun4":null,"Tikun5":null,"Tikun6":null,"Tikun7":null,"Tikun8":null,"Tikun9":null,"Tikun10":null,"Tikun11":null,"Tikun12":null,"Tikun13":null,"Tikun14":null,"Tikun15":null,"Precision_":"מקור וקטורי חתום","FIRST_Nafa":" ","LAST_Nafa2":" ","Shape_Leng":9957.31355777,"Shape_Area":5551272.5114,"Shape__Area":7622373.1416015625,"Shape__Length":11672.618615168614}},{"type":"Feature","id":145,"geometry":{"type":"Polygon","coordinates":[[[35.389372,32.924143],[35.389684,32.928723],[35.386416,32.931179],[35.387464,32.932652],[35.386331,32.933072],[35.388036,32.934565],[35.386726,32.936366],[35.389092,32.937159],[35.391658,32.939413],[35.395748,32.937603],[35.397097,32.938132],[35.396782,32.936888],[35.404471,32.934954],[35.409338,32.931183],[35.412245,32.931762],[35.415317,32.935593],[35.415394,32.93368],[35.412676,32.930231],[35.412506,32.927815],[35.408787,32.92385],[35.406886,32.917043],[35.404959,32.917845],[35.40454,32.917349],[35.40251,32.920144],[35.397714,32.923444],[35.396464,32.922843],[35.391958,32.924896],[35.389372,32.924143]]]},"properties":{"FID":145,"Muni_Heb":"ללא שיפוט - אזור צומת חנניה","Muni_Eng":"No Jurisdiction - Hanania Junction Area","Sug_Muni":"ללא שיפוט","CR_PNIM":"9914","CR_LAMAS":" ","Machoz":"צפון","Hearot":"השכבה אינה סטטוטורית באופן מלא.","Eshkol_MPn":" ","Sign_Date":null,"Tikun1":null,"Tikun2":null,"Tikun3":null,"Tikun4":null,"Tikun5":null,"Tikun6":null,"Tikun7":null,"Tikun8":null,"Tikun9":null,"Tikun10":null,"Tikun11":null,"Tikun12":null,"Tikun13":null,"Tikun14":null,"Tikun15":null,"Precision_":"מקור וקטורי חתום","FIRST_Nafa":" ","LAST_Nafa2":" ","Shape_Leng":10516.1326962,"Shape_Area":3352927.26685,"Shape__Area":4772308.7890625,"Shape__Length":12547.565353428558}},{"type":"Feature","id":146,"geometry":{"type":"Polygon","coordinates":[[[35.021545,32.421354],[35.022641,32.428194],[35.027336,32.434062],[35.029745,32.431324],[35.028633,32.429279],[35.025312,32.429556],[35.025265,32.426875],[35.027107,32.42644],[35.023937,32.422145],[35.021545,32.421354]]]},"properties":{"FID":146,"Muni_Heb":"ללא שיפוט - אזור צומת מצר","Muni_Eng":"No Jurisdiction - Metser Junction Area","Sug_Muni":"ללא שיפוט","CR_PNIM":"9950","CR_LAMAS":" ","Machoz":"חיפה","Hearot":"השכבה אינה סטטוטורית באופן מלא.","Eshkol_MPn":" ","Sign_Date":null,"Tikun1":null,"Tikun2":null,"Tikun3":null,"Tikun4":null,"Tikun5":null,"Tikun6":null,"Tikun7":null,"Tikun8":null,"Tikun9":null,"Tikun10":null,"Tikun11":null,"Tikun12":null,"Tikun13":null,"Tikun14":null,"Tikun15":null,"Precision_":"מקור וקטורי חתום","FIRST_Nafa":" ","LAST_Nafa2":" ","Shape_Leng":3824.18406563,"Shape_Area":435878.017009,"Shape__Area":613533.4853515625,"Shape__Length":4540.4074049580213}},{"type":"Feature","id":147,"geometry":{"type":"Polygon","coordinates":[[[35.471811,32.853513],[35.47176,32.85417],[35.465999,32.855849],[35.461563,32.856313],[35.458513,32.855157],[35.452846,32.85459],[35.451999,32.856308],[35.456041,32.86008],[35.457306,32.864246],[35.464375,32.858886],[35.470796,32.859196],[35.477252,32.857939],[35.480725,32.856376],[35.482333,32.856647],[35.480721,32.855271],[35.477554,32.855315],[35.474438,32.853796],[35.471811,32.853513]],[[35.460776,32.860866],[35.461953,32.860031],[35.460778,32.861375],[35.460776,32.860866]]]},"properties":{"FID":147,"Muni_Heb":"ללא שיפוט - אזור רביד","Muni_Eng":"No Jurisdiction - Ravid Area","Sug_Muni":"ללא שיפוט","CR_PNIM":"9922","CR_LAMAS":" ","Machoz":"צפון","Hearot":"השכבה אינה סטטוטורית באופן מלא.","Eshkol_MPn":" ","Sign_Date":null,"Tikun1":null,"Tikun2":null,"Tikun3":null,"Tikun4":null,"Tikun5":null,"Tikun6":null,"Tikun7":null,"Tikun8":null,"Tikun9":null,"Tikun10":null,"Tikun11":null,"Tikun12":null,"Tikun13":null,"Tikun14":null,"Tikun15":null,"Precision_":"מקור וקטורי חתום","FIRST_Nafa":" ","LAST_Nafa2":" ","Shape_Leng":7501.5519237,"Shape_Area":1283005.50833,"Shape__Area":1823199.3017578125,"Shape__Length":8934.18474345867}},{"type":"Feature","id":148,"geometry":{"type":"Polygon","coordinates":[[[35.310954,32.77719],[35.311141,32.77904],[35.307551,32.782132],[35.310368,32.783972],[35.314328,32.784854],[35.315309,32.782647],[35.313189,32.77867],[35.313712,32.7774],[35.312105,32.775839],[35.310954,32.77719]]]},"properties":{"FID":148,"Muni_Heb":"ללא שיפוט - אזור רומת הייב","Muni_Eng":"No Jurisdiction - Rumet Heib Area","Sug_Muni":"ללא שיפוט","CR_PNIM":"9927","CR_LAMAS":" ","Machoz":"צפון","Hearot":"השכבה אינה סטטוטורית באופן מלא.","Eshkol_MPn":" ","Sign_Date":null,"Tikun1":null,"Tikun2":null,"Tikun3":null,"Tikun4":null,"Tikun5":null,"Tikun6":null,"Tikun7":null,"Tikun8":null,"Tikun9":null,"Tikun10":null,"Tikun11":null,"Tikun12":null,"Tikun13":null,"Tikun14":null,"Tikun15":null,"Precision_":"מקור וקטורי חתום","FIRST_Nafa":" ","LAST_Nafa2":" ","Shape_Leng":2866.52682536,"Shape_Area":356772.694873,"Shape__Area":506130.484375,"Shape__Length":3415.8534553105428}},{"type":"Feature","id":149,"geometry":{"type":"Polygon","coordinates":[[[34.935101,32.546734],[34.934826,32.548725],[34.933617,32.549743],[34.933859,32.552007],[34.937815,32.556307],[34.938136,32.558562],[34.937355,32.559897],[34.942253,32.560236],[34.947931,32.562152],[34.953362,32.560373],[34.954731,32.558107],[34.953136,32.555432],[34.957011,32.552265],[34.953265,32.551895],[34.9538,32.548504],[34.95326,32.545394],[34.950924,32.541163],[34.952015,32.540391],[34.949099,32.535887],[34.937677,32.535188],[34.93901,32.532634],[34.938095,32.531874],[34.938548,32.53082],[34.934694,32.53453],[34.936588,32.535562],[34.934763,32.537649],[34.93566,32.541959],[34.935101,32.546734]]]},"properties":{"FID":149,"Muni_Heb":"ללא שיפוט - אזור רמת הנדיב","Muni_Eng":"No Jurisdiction - Ramat Hanadiv Area","Sug_Muni":"ללא שיפוט","CR_PNIM":"9939","CR_LAMAS":" ","Machoz":"חיפה","Hearot":"השכבה אינה סטטוטורית באופן מלא.","Eshkol_MPn":" ","Sign_Date":null,"Tikun1":null,"Tikun2":null,"Tikun3":null,"Tikun4":null,"Tikun5":null,"Tikun6":null,"Tikun7":null,"Tikun8":null,"Tikun9":null,"Tikun10":null,"Tikun11":null,"Tikun12":null,"Tikun13":null,"Tikun14":null,"Tikun15":null,"Precision_":"מקור וקטורי חתום","FIRST_Nafa":" ","LAST_Nafa2":" ","Shape_Leng":10727.7995047,"Shape_Area":4679613.44376,"Shape__Area":6604412.412109375,"Shape__Length":12747.761693142906}},{"type":"Feature","id":150,"geometry":{"type":"Polygon","coordinates":[[[35.126653,32.745279],[35.132062,32.739758],[35.131438,32.740116],[35.130748,32.73934],[35.13185,32.738699],[35.13146,32.738201],[35.131921,32.738668],[35.135614,32.737244],[35.133109,32.737923],[35.132623,32.737009],[35.129286,32.736726],[35.128833,32.73482],[35.13068,32.734302],[35.12837,32.729913],[35.130385,32.729527],[35.13215,32.731277],[35.133456,32.730503],[35.134167,32.731197],[35.136297,32.730454],[35.139698,32.730587],[35.139733,32.729181],[35.13815,32.727943],[35.132813,32.726603],[35.122743,32.726311],[35.119962,32.727524],[35.119717,32.72921],[35.1169,32.730977],[35.11674,32.732574],[35.116134,32.732173],[35.113934,32.734968],[35.111897,32.738613],[35.112012,32.741182],[35.121793,32.74301],[35.11863,32.747689],[35.124979,32.746901],[35.126653,32.745279]]]},"properties":{"FID":150,"Muni_Heb":"ללא שיפוט - אזור שמורת שער העמקים","Muni_Eng":"No Jurisdiction - Sha'ar Ha'amakim Reserve Area","Sug_Muni":"ללא שיפוט","CR_PNIM":"9937","CR_LAMAS":" ","Machoz":"חיפה","Hearot":"השכבה אינה סטטוטורית באופן מלא.","Eshkol_MPn":" ","Sign_Date":null,"Tikun1":null,"Tikun2":null,"Tikun3":null,"Tikun4":null,"Tikun5":null,"Tikun6":null,"Tikun7":null,"Tikun8":null,"Tikun9":null,"Tikun10":null,"Tikun11":null,"Tikun12":null,"Tikun13":null,"Tikun14":null,"Tikun15":null,"Precision_":"מקור וקטורי חתום","FIRST_Nafa":" ","LAST_Nafa2":" ","Shape_Leng":11088.9009831,"Shape_Area":3088491.34059,"Shape__Area":4377022.181640625,"Shape__Length":13194.493212288971}},{"type":"Feature","id":151,"geometry":{"type":"Polygon","coordinates":[[[34.864596,32.158984],[34.865526,32.153968],[34.860295,32.153707],[34.861567,32.158985],[34.864596,32.158984]]]},"properties":{"FID":151,"Muni_Heb":"ללא שיפוט - אזור תע\"ש","Muni_Eng":"No Jurisdiction - Ta'as Area","Sug_Muni":"ללא שיפוט","CR_PNIM":"9960","CR_LAMAS":" ","Machoz":"מרכז","Hearot":"השכבה אינה סטטוטורית באופן מלא.","Eshkol_MPn":" ","Sign_Date":null,"Tikun1":null,"Tikun2":null,"Tikun3":null,"Tikun4":null,"Tikun5":null,"Tikun6":null,"Tikun7":null,"Tikun8":null,"Tikun9":null,"Tikun10":null,"Tikun11":null,"Tikun12":null,"Tikun13":null,"Tikun14":null,"Tikun15":null,"Precision_":"מקור וקטורי חתום","FIRST_Nafa":" ","LAST_Nafa2":" ","Shape_Leng":1985.78600019,"Shape_Area":225102.067029,"Shape__Area":314969.7529296875,"Shape__Length":2349.9877132797878}},{"type":"Feature","id":152,"geometry":{"type":"Polygon","coordinates":[[[35.103094,31.806325],[35.098656,31.805466],[35.09659,31.806973],[35.09407,31.807285],[35.094382,31.809452],[35.09233,31.813111],[35.094709,31.813605],[35.096369,31.810808],[35.096339,31.808475],[35.099327,31.806217],[35.103094,31.806325]]]},"properties":{"FID":152,"Muni_Heb":"ללא שיפוט - נחל יתלה","Muni_Eng":"No Jurisdiction - Nahal Ytla","Sug_Muni":"ללא שיפוט","CR_PNIM":"9975","CR_LAMAS":" ","Machoz":"ירושלים","Hearot":"השכבה אינה סטטוטורית באופן מלא.","Eshkol_MPn":" ","Sign_Date":null,"Tikun1":null,"Tikun2":null,"Tikun3":null,"Tikun4":null,"Tikun5":null,"Tikun6":null,"Tikun7":null,"Tikun8":null,"Tikun9":null,"Tikun10":null,"Tikun11":null,"Tikun12":null,"Tikun13":null,"Tikun14":null,"Tikun15":null,"Precision_":"מקור וקטורי חתום","FIRST_Nafa":"ירושלים","LAST_Nafa2":" ","Shape_Leng":3332.10304248,"Shape_Area":223195.018686,"Shape__Area":309978.7763671875,"Shape__Length":3926.6528226860178}},{"type":"Feature","id":153,"geometry":{"type":"Polygon","coordinates":[[[34.888164,31.319406],[34.8883,31.314878],[34.885876,31.30949],[34.882113,31.307208],[34.875829,31.306581],[34.874708,31.309945],[34.879795,31.310113],[34.878585,31.316485],[34.869759,31.311283],[34.867775,31.311284],[34.86456,31.314048],[34.858436,31.313429],[34.856562,31.314501],[34.854666,31.317642],[34.853217,31.321523],[34.85316,31.324593],[34.857929,31.335205],[34.860365,31.336734],[34.863707,31.337129],[34.866077,31.335983],[34.870036,31.332091],[34.872641,31.334303],[34.888164,31.319406]]]},"properties":{"FID":153,"Muni_Heb":"לקיה","Muni_Eng":"Lakiye","Sug_Muni":"מועצה מקומית","CR_PNIM":"1060","CR_LAMAS":"1060","Machoz":"דרום","Hearot":"השכבה אינה סטטוטורית באופן מלא.","Eshkol_MPn":" ","Sign_Date":1530057600000,"Tikun1":null,"Tikun2":null,"Tikun3":null,"Tikun4":null,"Tikun5":null,"Tikun6":null,"Tikun7":null,"Tikun8":null,"Tikun9":null,"Tikun10":null,"Tikun11":null,"Tikun12":null,"Tikun13":null,"Tikun14":null,"Tikun15":null,"Precision_":"מקור וקטורי חתום","FIRST_Nafa":"באר שבע","LAST_Nafa2":" ","Shape_Leng":12826.1944292,"Shape_Area":6862863.00573,"Shape__Area":9432943.3486328125,"Shape__Length":15040.125002382514}},{"type":"Feature","id":154,"geometry":{"type":"Polygon","coordinates":[[[35.151776,31.78885],[35.1518,31.786634],[35.14717,31.786798],[35.146599,31.785397],[35.140986,31.78294],[35.140971,31.781603],[35.139897,31.781347],[35.137997,31.782303],[35.137476,31.784997],[35.138356,31.786406],[35.136534,31.785258],[35.133801,31.788026],[35.134064,31.790427],[35.136649,31.792353],[35.135145,31.794281],[35.133221,31.794756],[35.132712,31.796782],[35.139294,31.797973],[35.139036,31.802939],[35.142566,31.803886],[35.143081,31.805649],[35.142382,31.808449],[35.148311,31.81196],[35.156809,31.810674],[35.159915,31.809129],[35.164399,31.809354],[35.169934,31.808459],[35.169442,31.808325],[35.17155,31.806148],[35.17165,31.80482],[35.170487,31.803288],[35.167971,31.803418],[35.169229,31.800529],[35.165766,31.796834],[35.16167,31.794697],[35.156106,31.797016],[35.152033,31.796928],[35.151776,31.78885]]]},"properties":{"FID":154,"Muni_Heb":"מבשרת ציון","Muni_Eng":"Mevaseret Tsiyon","Sug_Muni":"מועצה מקומית","CR_PNIM":"1015","CR_LAMAS":"1015","Machoz":"ירושלים","Hearot":"השכבה אינה סטטוטורית באופן מלא.","Eshkol_MPn":" ","Sign_Date":198288000000,"Tikun1":1497830400000,"Tikun2":null,"Tikun3":null,"Tikun4":null,"Tikun5":null,"Tikun6":null,"Tikun7":null,"Tikun8":null,"Tikun9":null,"Tikun10":null,"Tikun11":null,"Tikun12":null,"Tikun13":null,"Tikun14":null,"Tikun15":null,"Precision_":"מקור וקטורי חתום","FIRST_Nafa":"ירושלים","LAST_Nafa2":" ","Shape_Leng":13582.3474876,"Shape_Area":6290368.97135,"Shape__Area":8734287.80859375,"Shape__Length":16001.530203614599}},{"type":"Feature","id":155,"geometry":{"type":"Polygon","coordinates":[[[35.236765,32.9251],[35.240351,32.925945],[35.244519,32.925772],[35.2521,32.928972],[35.260138,32.930269],[35.262769,32.927659],[35.264115,32.927575],[35.264205,32.925485],[35.272081,32.924346],[35.273048,32.920846],[35.269633,32.919639],[35.26975,32.918617],[35.267669,32.917418],[35.267713,32.916001],[35.265545,32.91667],[35.264245,32.915856],[35.264086,32.91421],[35.26153,32.914473],[35.263513,32.913587],[35.264128,32.912281],[35.262754,32.911004],[35.263106,32.909211],[35.260481,32.908202],[35.261894,32.904183],[35.265383,32.903628],[35.264826,32.90213],[35.265698,32.900988],[35.259562,32.901982],[35.257667,32.901466],[35.256513,32.906036],[35.253462,32.908786],[35.252403,32.90838],[35.250294,32.910018],[35.248271,32.90954],[35.249797,32.904943],[35.244681,32.907244],[35.243411,32.908634],[35.242734,32.908211],[35.243867,32.906527],[35.242289,32.906044],[35.241254,32.906689],[35.238677,32.906262],[35.237351,32.907529],[35.232895,32.907854],[35.225784,32.914507],[35.222041,32.914315],[35.220454,32.912982],[35.210486,32.909903],[35.204713,32.907165],[35.203403,32.907889],[35.203187,32.909645],[35.201093,32.911317],[35.199801,32.911526],[35.199555,32.910916],[35.19636,32.912183],[35.19546,32.910084],[35.193426,32.909438],[35.188368,32.912169],[35.184987,32.912976],[35.185373,32.915189],[35.187341,32.915343],[35.18832,32.91455],[35.191097,32.915117],[35.191574,32.914344],[35.19638,32.915571],[35.202675,32.913959],[35.202688,32.913193],[35.206596,32.912082],[35.211762,32.911283],[35.21516,32.911803],[35.213525,32.913163],[35.213861,32.916432],[35.215316,32.917142],[35.222426,32.915239],[35.226314,32.915523],[35.227306,32.918037],[35.230534,32.918269],[35.232451,32.919277],[35.231752,32.919978],[35.233578,32.921892],[35.230884,32.923129],[35.231186,32.924212],[35.228402,32.924837],[35.236765,32.9251]]]},"properties":{"FID":155,"Muni_Heb":"מג'ד אל כרום","Muni_Eng":"Majd al Kerum","Sug_Muni":"מועצה מקומית","CR_PNIM":"0516","CR_LAMAS":"516","Machoz":"צפון","Hearot":"השכבה אינה סטטוטורית באופן מלא.","Eshkol_MPn":"אשכול רשויות בית הכרם הגלילי","Sign_Date":1608508800000,"Tikun1":null,"Tikun2":null,"Tikun3":null,"Tikun4":null,"Tikun5":null,"Tikun6":null,"Tikun7":null,"Tikun8":null,"Tikun9":null,"Tikun10":null,"Tikun11":null,"Tikun12":null,"Tikun13":null,"Tikun14":null,"Tikun15":null,"Precision_":"מקור וקטורי חתום","FIRST_Nafa":"עכו","LAST_Nafa2":" ","Shape_Leng":27793.4349787,"Shape_Area":9306776.50481,"Shape__Area":13242872.428710938,"Shape__Length":33129.336775545162}},{"type":"Feature","id":156,"geometry":{"type":"Polygon","coordinates":[[[35.753387,33.288818],[35.756072,33.290026],[35.758258,33.284558],[35.760754,33.284845],[35.760962,33.286947],[35.764578,33.290695],[35.779531,33.300017],[35.783875,33.295267],[35.78806,33.292118],[35.780294,33.285289],[35.776884,33.278877],[35.776167,33.275056],[35.776921,33.274629],[35.777982,33.265889],[35.782364,33.262198],[35.785611,33.261679],[35.782039,33.25839],[35.780926,33.256108],[35.784731,33.255838],[35.787071,33.253911],[35.7933,33.251304],[35.798603,33.252859],[35.798971,33.251544],[35.797606,33.244574],[35.789465,33.242225],[35.782415,33.241667],[35.778295,33.23671],[35.772081,33.238621],[35.759774,33.238175],[35.760658,33.240849],[35.757242,33.241014],[35.753627,33.24369],[35.759139,33.251726],[35.756946,33.251288],[35.755752,33.253094],[35.75573,33.255891],[35.754597,33.255389],[35.75373,33.25641],[35.755455,33.257784],[35.754387,33.259359],[35.755669,33.25972],[35.755305,33.260345],[35.758295,33.25935],[35.758929,33.260423],[35.755062,33.265066],[35.757258,33.272827],[35.75539,33.283125],[35.753387,33.288818]]]},"properties":{"FID":156,"Muni_Heb":"מג'דל שמס","Muni_Eng":"Majdel Shams","Sug_Muni":"מועצה מקומית","CR_PNIM":"4201","CR_LAMAS":"4201","Machoz":"צפון","Hearot":"השכבה אינה סטטוטורית באופן מלא.","Eshkol_MPn":"אשכול רשויות גליל מזרחי","Sign_Date":1658707200000,"Tikun1":null,"Tikun2":null,"Tikun3":null,"Tikun4":null,"Tikun5":null,"Tikun6":null,"Tikun7":null,"Tikun8":null,"Tikun9":null,"Tikun10":null,"Tikun11":null,"Tikun12":null,"Tikun13":null,"Tikun14":null,"Tikun15":null,"Precision_":"מקור וקטורי חתום","FIRST_Nafa":"רמת הגולן","LAST_Nafa2":" ","Shape_Leng":24462.2854918,"Shape_Area":15830573.1845,"Shape__Area":22701476.0703125,"Shape__Length":29300.435419657693}},{"type":"Feature","id":157,"geometry":{"type":"Polygon","coordinates":[[[35.506609,32.821],[35.50254,32.822649],[35.500535,32.824625],[35.49857,32.824196],[35.497127,32.826679],[35.496162,32.828633],[35.50071,32.829989],[35.501679,32.83097],[35.496084,32.828784],[35.495351,32.828982],[35.495118,32.831185],[35.489536,32.832265],[35.489227,32.832793],[35.490238,32.83372],[35.495609,32.83517],[35.496071,32.836013],[35.491565,32.839469],[35.485232,32.840395],[35.479642,32.842755],[35.478888,32.840584],[35.476519,32.841249],[35.476869,32.838565],[35.475239,32.837016],[35.469979,32.840459],[35.468698,32.842299],[35.463925,32.844075],[35.467301,32.846608],[35.470397,32.847651],[35.470974,32.848639],[35.472957,32.848575],[35.473477,32.851474],[35.471811,32.853513],[35.474438,32.853796],[35.477554,32.855315],[35.480721,32.855271],[35.484247,32.857382],[35.487206,32.85696],[35.489997,32.857731],[35.494138,32.855956],[35.496451,32.856296],[35.497787,32.85516],[35.500048,32.854949],[35.500774,32.854072],[35.49845,32.849405],[35.502373,32.848241],[35.503183,32.846868],[35.506176,32.84785],[35.509601,32.845711],[35.510164,32.845986],[35.508848,32.847363],[35.508968,32.848547],[35.512195,32.847189],[35.513408,32.84935],[35.517914,32.848233],[35.515811,32.844429],[35.518766,32.844203],[35.522456,32.842644],[35.524364,32.843257],[35.525375,32.842148],[35.522366,32.838179],[35.519418,32.831377],[35.518266,32.823128],[35.520361,32.818282],[35.515913,32.815149],[35.510818,32.820282],[35.506609,32.821]]]},"properties":{"FID":157,"Muni_Heb":"מגדל","Muni_Eng":"Migdal","Sug_Muni":"מועצה מקומית","CR_PNIM":"0065","CR_LAMAS":"65","Machoz":"צפון","Hearot":"השכבה אינה סטטוטורית באופן מלא.","Eshkol_MPn":"אשכול רשויות הכנרת והעמקים","Sign_Date":1490572800000,"Tikun1":null,"Tikun2":null,"Tikun3":null,"Tikun4":null,"Tikun5":null,"Tikun6":null,"Tikun7":null,"Tikun8":null,"Tikun9":null,"Tikun10":null,"Tikun11":null,"Tikun12":null,"Tikun13":null,"Tikun14":null,"Tikun15":null,"Precision_":"מקור וקטורי חתום","FIRST_Nafa":"כנרת","LAST_Nafa2":" ","Shape_Leng":23335.0431683,"Shape_Area":11627802.1652,"Shape__Area":16516908.993164063,"Shape__Length":27802.911638796486}},{"type":"Feature","id":158,"geometry":{"type":"Polygon","coordinates":[[[35.228517,32.671133],[35.23137,32.673898],[35.230045,32.675214],[35.229167,32.68123],[35.230109,32.683042],[35.229403,32.684822],[35.226537,32.684309],[35.219643,32.68882],[35.217953,32.687492],[35.215683,32.688755],[35.215549,32.690561],[35.221592,32.695375],[35.229915,32.691773],[35.231223,32.692793],[35.231238,32.693851],[35.235233,32.694887],[35.248218,32.69307],[35.248679,32.694345],[35.247986,32.694562],[35.24944,32.695815],[35.255877,32.697907],[35.256123,32.696289],[35.255216,32.695612],[35.255992,32.695736],[35.256615,32.694581],[35.256707,32.692534],[35.259769,32.69203],[35.260384,32.691191],[35.261523,32.692112],[35.263594,32.69103],[35.262498,32.689289],[35.260402,32.688253],[35.261335,32.687399],[35.260484,32.686837],[35.261751,32.685922],[35.259338,32.685303],[35.261162,32.684183],[35.260479,32.682539],[35.258455,32.682085],[35.257882,32.680174],[35.259022,32.678707],[35.264269,32.678664],[35.264713,32.677502],[35.258067,32.672728],[35.251216,32.672553],[35.250495,32.671716],[35.248225,32.671711],[35.247708,32.667752],[35.245633,32.667349],[35.246572,32.66337],[35.243876,32.662571],[35.238065,32.663063],[35.237888,32.662191],[35.236015,32.662526],[35.2363,32.663994],[35.238552,32.664812],[35.240526,32.666672],[35.234289,32.669211],[35.232057,32.669084],[35.228517,32.671133]]]},"properties":{"FID":158,"Muni_Heb":"מגדל העמק","Muni_Eng":"Migdal Ha'emek","Sug_Muni":"עירייה","CR_PNIM":"0874","CR_LAMAS":"874","Machoz":"צפון","Hearot":"השכבה אינה סטטוטורית באופן מלא.","Eshkol_MPn":"אשכול רשויות הגליל והעמקים","Sign_Date":1662508800000,"Tikun1":null,"Tikun2":null,"Tikun3":null,"Tikun4":null,"Tikun5":null,"Tikun6":null,"Tikun7":null,"Tikun8":null,"Tikun9":null,"Tikun10":null,"Tikun11":null,"Tikun12":null,"Tikun13":null,"Tikun14":null,"Tikun15":null,"Precision_":"מקור וקטורי חתום","FIRST_Nafa":"יזרעאל","LAST_Nafa2":" ","Shape_Leng":18705.1328493,"Shape_Area":9306599.68738,"Shape__Area":13173712.431640625,"Shape__Length":22244.675667507148}},{"type":"Feature","id":159,"geometry":{"type":"Polygon","coordinates":[[[35.273469,32.968554],[35.26773,32.969528],[35.266521,32.971215],[35.264103,32.971766],[35.265987,32.975686],[35.263505,32.976578],[35.262544,32.977783],[35.26447,32.978661],[35.265013,32.980031],[35.270751,32.982169],[35.277264,32.980856],[35.278887,32.981684],[35.278869,32.981143],[35.282062,32.98119],[35.288124,32.978764],[35.287914,32.970213],[35.285715,32.969366],[35.278821,32.971869],[35.27827,32.96984],[35.276632,32.969629],[35.275101,32.968016],[35.273469,32.968554]]]},"properties":{"FID":159,"Muni_Heb":"מגדל תפן","Muni_Eng":"Migdal Tefen","Sug_Muni":"מועצה מקומית תעשייתית","CR_PNIM":"1722","CR_LAMAS":"1722","Machoz":"צפון","Hearot":"השכבה אינה סטטוטורית באופן מלא.","Eshkol_MPn":"אשכול רשויות גליל מערבי","Sign_Date":1525651200000,"Tikun1":null,"Tikun2":null,"Tikun3":null,"Tikun4":null,"Tikun5":null,"Tikun6":null,"Tikun7":null,"Tikun8":null,"Tikun9":null,"Tikun10":null,"Tikun11":null,"Tikun12":null,"Tikun13":null,"Tikun14":null,"Tikun15":null,"Precision_":"מקור וקטורי חתום","FIRST_Nafa":"עכו","LAST_Nafa2":" ","Shape_Leng":7585.54173564,"Shape_Area":2691099.50386,"Shape__Area":3834307.919921875,"Shape__Length":9050.1278263986387}},{"type":"Feature","id":160,"geometry":{"type":"Polygon","coordinates":[[[35.204818,32.588681],[35.208824,32.592252],[35.214285,32.581577],[35.257401,32.598008],[35.258762,32.597015],[35.262748,32.597401],[35.262248,32.59562],[35.263279,32.593947],[35.26116,32.5922],[35.263163,32.591367],[35.262415,32.590013],[35.264274,32.589562],[35.265484,32.588075],[35.269654,32.586898],[35.269622,32.58436],[35.271375,32.581431],[35.273307,32.580094],[35.272279,32.578788],[35.274614,32.577517],[35.274686,32.576557],[35.25942,32.57202],[35.260913,32.573877],[35.261179,32.575599],[35.258386,32.578993],[35.258737,32.581714],[35.257667,32.583907],[35.257902,32.585534],[35.247884,32.576765],[35.244589,32.582962],[35.225728,32.565811],[35.23903,32.548748],[35.245353,32.542669],[35.247755,32.536612],[35.240974,32.532536],[35.236964,32.535786],[35.224586,32.552375],[35.21609,32.547974],[35.215991,32.546041],[35.21468,32.544575],[35.2103,32.543027],[35.203515,32.542738],[35.203956,32.545259],[35.198193,32.548201],[35.19627,32.550781],[35.196209,32.552161],[35.191774,32.552931],[35.182301,32.556847],[35.180883,32.558249],[35.180991,32.560893],[35.179694,32.560213],[35.178887,32.563298],[35.177652,32.563799],[35.172023,32.562242],[35.171048,32.561322],[35.167261,32.562899],[35.148046,32.560025],[35.143708,32.556907],[35.141786,32.553702],[35.141666,32.550583],[35.143546,32.547004],[35.141841,32.542645],[35.138455,32.541285],[35.1116,32.541101],[35.106165,32.54319],[35.10015,32.542563],[35.096319,32.536414],[35.094114,32.536309],[35.091627,32.535005],[35.090623,32.531249],[35.087012,32.530338],[35.085052,32.531645],[35.082443,32.540766],[35.08354,32.541895],[35.082738,32.544129],[35.077863,32.544812],[35.071261,32.54371],[35.069066,32.544828],[35.068219,32.546608],[35.066788,32.546489],[35.066953,32.548844],[35.065847,32.548798],[35.065017,32.5467],[35.060445,32.548525],[35.059559,32.550038],[35.055981,32.552274],[35.056598,32.554311],[35.054035,32.553695],[35.048845,32.554464],[35.043595,32.556574],[35.040754,32.558771],[35.039728,32.557212],[35.03517,32.560489],[35.032773,32.560441],[35.031262,32.561712],[35.039404,32.566038],[35.047428,32.566829],[35.048157,32.568446],[35.053215,32.571166],[35.052423,32.57236],[35.048491,32.572592],[35.048412,32.573625],[35.042247,32.572891],[35.042767,32.579503],[35.04394,32.583491],[35.043048,32.584202],[35.037203,32.586013],[35.030423,32.584823],[35.030301,32.585569],[35.032195,32.587451],[35.030257,32.59039],[35.03021,32.591665],[35.032134,32.592984],[35.035914,32.591462],[35.036386,32.591855],[35.035041,32.593341],[35.034644,32.592767],[35.033104,32.593091],[35.031253,32.595296],[35.033765,32.596928],[35.033338,32.598095],[35.034453,32.599197],[35.033479,32.599872],[35.029537,32.597515],[35.027486,32.599195],[35.027996,32.603027],[35.032646,32.604392],[35.040329,32.604102],[35.04865,32.61189],[35.050987,32.616365],[35.055346,32.619598],[35.058123,32.622911],[35.05353,32.625026],[35.043877,32.62684],[35.043874,32.630254],[35.052008,32.633958],[35.051853,32.635032],[35.0505,32.634766],[35.046946,32.639235],[35.044759,32.643778],[35.044736,32.645715],[35.046621,32.647028],[35.050371,32.646094],[35.055246,32.646379],[35.05739,32.643098],[35.060937,32.643068],[35.064058,32.644459],[35.064504,32.643148],[35.067094,32.642655],[35.067773,32.639479],[35.065984,32.638357],[35.06799,32.638264],[35.066725,32.636808],[35.067546,32.636594],[35.068298,32.637432],[35.069392,32.635566],[35.073246,32.634049],[35.073567,32.626551],[35.075318,32.625501],[35.078807,32.625362],[35.079677,32.625462],[35.077524,32.630209],[35.078442,32.630277],[35.079124,32.632794],[35.083006,32.63322],[35.082776,32.6353],[35.08463,32.635547],[35.088796,32.63374],[35.094514,32.633485],[35.097662,32.636349],[35.096647,32.637503],[35.097482,32.640548],[35.101173,32.640301],[35.10428,32.642084],[35.106794,32.645946],[35.111749,32.648488],[35.112512,32.649853],[35.111632,32.651273],[35.110858,32.651207],[35.112004,32.65232],[35.110941,32.654526],[35.113448,32.655624],[35.114223,32.657976],[35.113756,32.659394],[35.113244,32.65919],[35.110529,32.662741],[35.111064,32.665003],[35.108639,32.667997],[35.105445,32.6845],[35.108368,32.684747],[35.113079,32.683278],[35.114974,32.684214],[35.119132,32.68291],[35.120031,32.681043],[35.122355,32.679273],[35.12588,32.677117],[35.128167,32.676695],[35.129826,32.67455],[35.131199,32.674343],[35.134955,32.670953],[35.135625,32.669218],[35.138075,32.669696],[35.140052,32.665645],[35.14618,32.662305],[35.147535,32.657877],[35.149604,32.656509],[35.149981,32.654958],[35.142114,32.641586],[35.140095,32.644867],[35.130271,32.639442],[35.132962,32.633466],[35.13554,32.634629],[35.136489,32.633709],[35.1384,32.636336],[35.145747,32.629941],[35.148931,32.632326],[35.144027,32.636169],[35.145726,32.639242],[35.145845,32.641317],[35.152153,32.63896],[35.159225,32.653885],[35.165601,32.650956],[35.169417,32.651156],[35.1635,32.646044],[35.166043,32.642918],[35.170615,32.641434],[35.172221,32.640169],[35.168824,32.627621],[35.166491,32.628142],[35.165616,32.62037],[35.163681,32.622406],[35.161644,32.6193],[35.163106,32.618135],[35.164809,32.620543],[35.16837,32.618267],[35.176713,32.618217],[35.176996,32.615325],[35.181777,32.61171],[35.179403,32.607797],[35.179651,32.60586],[35.192022,32.604004],[35.191017,32.601776],[35.188115,32.599752],[35.190087,32.597622],[35.191394,32.599074],[35.194638,32.599453],[35.195092,32.597397],[35.194092,32.596477],[35.194722,32.595495],[35.196122,32.596543],[35.198063,32.60025],[35.206053,32.598726],[35.20563,32.597046],[35.201526,32.591437],[35.204818,32.588681]]]},"properties":{"FID":160,"Muni_Heb":"מגידו","Muni_Eng":"Megido","Sug_Muni":"מועצה אזורית","CR_PNIM":"5513","CR_LAMAS":" ","Machoz":"צפון","Hearot":"השכבה אינה סטטוטורית באופן מלא.","Eshkol_MPn":"אשכול רשויות הגליל והעמקים","Sign_Date":1655596800000,"Tikun1":null,"Tikun2":null,"Tikun3":null,"Tikun4":null,"Tikun5":null,"Tikun6":null,"Tikun7":null,"Tikun8":null,"Tikun9":null,"Tikun10":null,"Tikun11":null,"Tikun12":null,"Tikun13":null,"Tikun14":null,"Tikun15":null,"Precision_":"מקור וקטורי חתום","FIRST_Nafa":"יזרעאל","LAST_Nafa2":" ","Shape_Leng":119156.698196,"Shape_Area":172649295.9,"Shape__Area":243911571.85742188,"Shape__Length":141626.109919153}},{"type":"Feature","id":161,"geometry":{"type":"Polygon","coordinates":[[[34.963826,31.931679],[34.96664,31.931915],[34.969438,31.930317],[34.974089,31.93276],[34.981761,31.930614],[34.983294,31.930657],[34.984793,31.931778],[34.990537,31.932134],[34.993781,31.927993],[35.002063,31.924882],[35.013893,31.916503],[35.01606,31.913718],[35.018108,31.908355],[35.020852,31.905575],[35.025902,31.902838],[35.03541,31.902008],[35.038877,31.902798],[35.038408,31.897838],[35.039193,31.894144],[35.038012,31.887942],[35.039149,31.885867],[35.038231,31.87726],[35.037462,31.876376],[35.037294,31.870489],[35.036192,31.867229],[35.02964,31.870941],[35.025754,31.868555],[35.018038,31.86176],[35.011904,31.860147],[35.007877,31.859927],[35.006067,31.860555],[35.001473,31.858072],[34.999177,31.858982],[35.002107,31.863982],[35.001083,31.868065],[34.994362,31.873802],[34.989724,31.876034],[34.983889,31.878103],[34.978565,31.879061],[34.977467,31.878147],[34.970284,31.879917],[34.957821,31.876714],[34.95563,31.876333],[34.954995,31.876876],[34.940477,31.893231],[34.935456,31.909033],[34.935704,31.910581],[34.936718,31.912921],[34.940869,31.913559],[34.941685,31.914322],[34.94458,31.911639],[34.947304,31.911203],[34.947737,31.910486],[34.95041,31.911262],[34.950928,31.914452],[34.953418,31.916863],[34.956523,31.918062],[34.958855,31.922815],[34.960658,31.923689],[34.963013,31.928052],[34.964357,31.928196],[34.963826,31.931679]]]},"properties":{"FID":161,"Muni_Heb":"מודיעין - מכבים - רעות","Muni_Eng":"Modi'in - Makabim - Re'ut","Sug_Muni":"עירייה","CR_PNIM":"1200","CR_LAMAS":"1200","Machoz":"מרכז","Hearot":"השכבה אינה סטטוטורית באופן מלא.","Eshkol_MPn":" ","Sign_Date":1295136000000,"Tikun1":null,"Tikun2":null,"Tikun3":null,"Tikun4":null,"Tikun5":null,"Tikun6":null,"Tikun7":null,"Tikun8":null,"Tikun9":null,"Tikun10":null,"Tikun11":null,"Tikun12":null,"Tikun13":null,"Tikun14":null,"Tikun15":null,"Precision_":"מקור וקטורי חתום","FIRST_Nafa":"רמלה","LAST_Nafa2":" ","Shape_Leng":32621.2144162,"Shape_Area":48329485.7781,"Shape__Area":67247228.9453125,"Shape__Length":38478.8147412083}},{"type":"Feature","id":162,"geometry":{"type":"Polygon","coordinates":[[[34.830638,31.838413],[34.838151,31.837006],[34.833837,31.84344],[34.830499,31.843381],[34.831039,31.850856],[34.831688,31.851732],[34.834338,31.852077],[34.836236,31.857922],[34.839314,31.857657],[34.83962,31.858821],[34.840828,31.858778],[34.840417,31.857519],[34.854726,31.854595],[34.853703,31.854032],[34.854132,31.853467],[34.853327,31.852448],[34.851489,31.851565],[34.86007,31.849181],[34.854383,31.838413],[34.847487,31.822343],[34.845313,31.822244],[34.845262,31.825927],[34.840024,31.825493],[34.839739,31.824117],[34.828541,31.82566],[34.829207,31.8319],[34.830225,31.831641],[34.830638,31.838413]]]},"properties":{"FID":162,"Muni_Heb":"מזכרת בתיה","Muni_Eng":"Mazkeret Batya","Sug_Muni":"מועצה מקומית","CR_PNIM":"0028","CR_LAMAS":"28","Machoz":"מרכז","Hearot":"השכבה אינה סטטוטורית באופן מלא.","Eshkol_MPn":" ","Sign_Date":1478563200000,"Tikun1":null,"Tikun2":null,"Tikun3":null,"Tikun4":null,"Tikun5":null,"Tikun6":null,"Tikun7":null,"Tikun8":null,"Tikun9":null,"Tikun10":null,"Tikun11":null,"Tikun12":null,"Tikun13":null,"Tikun14":null,"Tikun15":null,"Precision_":"מקור וקטורי חתום","FIRST_Nafa":"רחובות","LAST_Nafa2":" ","Shape_Leng":14491.6808278,"Shape_Area":7425436.94092,"Shape__Area":10319338.69140625,"Shape__Length":17086.764673274807}},{"type":"Feature","id":163,"geometry":{"type":"Polygon","coordinates":[[[35.09658,32.989023],[35.100419,32.985829],[35.101717,32.986625],[35.103217,32.986294],[35.103479,32.986986],[35.105008,32.986704],[35.111897,32.984465],[35.112458,32.982904],[35.109408,32.982466],[35.107312,32.980517],[35.105759,32.980124],[35.094122,32.981011],[35.09515,32.98786],[35.096509,32.988019],[35.09658,32.989023]]]},"properties":{"FID":163,"Muni_Heb":"מזרעה","Muni_Eng":"Mazra'a","Sug_Muni":"מועצה מקומית","CR_PNIM":"0517","CR_LAMAS":"517","Machoz":"צפון","Hearot":"השכבה אינה סטטוטורית באופן מלא.","Eshkol_MPn":"אשכול רשויות גליל מערבי","Sign_Date":1336867200000,"Tikun1":null,"Tikun2":null,"Tikun3":null,"Tikun4":null,"Tikun5":null,"Tikun6":null,"Tikun7":null,"Tikun8":null,"Tikun9":null,"Tikun10":null,"Tikun11":null,"Tikun12":null,"Tikun13":null,"Tikun14":null,"Tikun15":null,"Precision_":"מקור וקטורי חתום","FIRST_Nafa":"עכו","LAST_Nafa2":" ","Shape_Leng":5129.26997727,"Shape_Area":983538.743189,"Shape__Area":1401617.966796875,"Shape__Length":6119.8313227615818}},{"type":"Feature","id":164,"geometry":{"type":"Polygon","coordinates":[[[35.559256,33.252056],[35.557718,33.251839],[35.558501,33.256155],[35.557679,33.256172],[35.557132,33.264105],[35.559741,33.266309],[35.560069,33.268916],[35.564174,33.27318],[35.564882,33.275147],[35.563074,33.283069],[35.563396,33.284629],[35.564573,33.288281],[35.568296,33.290897],[35.571492,33.287758],[35.577134,33.286433],[35.581598,33.283113],[35.5846,33.281982],[35.584903,33.276569],[35.586054,33.272701],[35.584373,33.267226],[35.585162,33.265853],[35.593861,33.260742],[35.596584,33.257211],[35.59147,33.259219],[35.590622,33.253825],[35.586177,33.252968],[35.588564,33.24868],[35.587793,33.247906],[35.585571,33.248523],[35.584041,33.247984],[35.583161,33.248694],[35.58248,33.248151],[35.581121,33.24921],[35.578323,33.248954],[35.57509,33.249803],[35.575345,33.252922],[35.571203,33.253447],[35.572062,33.254888],[35.570908,33.257819],[35.569478,33.258166],[35.567135,33.258069],[35.563459,33.254217],[35.559936,33.253419],[35.559256,33.252056]]]},"properties":{"FID":164,"Muni_Heb":"מטולה","Muni_Eng":"Metula","Sug_Muni":"מועצה מקומית","CR_PNIM":"0043","CR_LAMAS":"43","Machoz":"צפון","Hearot":"השכבה אינה סטטוטורית באופן מלא.","Eshkol_MPn":"אשכול רשויות גליל מזרחי","Sign_Date":1336867200000,"Tikun1":null,"Tikun2":null,"Tikun3":null,"Tikun4":null,"Tikun5":null,"Tikun6":null,"Tikun7":null,"Tikun8":null,"Tikun9":null,"Tikun10":null,"Tikun11":null,"Tikun12":null,"Tikun13":null,"Tikun14":null,"Tikun15":null,"Precision_":"מקור וקטורי חתום","FIRST_Nafa":"צפת","LAST_Nafa2":" ","Shape_Leng":16928.4262954,"Shape_Area":9391855.9599,"Shape__Area":13469713.647460938,"Shape__Length":20281.912462198947}},{"type":"Feature","id":165,"geometry":{"type":"Polygon","coordinates":[[[34.929168,31.338252],[34.932323,31.340987],[34.933126,31.346398],[34.940237,31.346576],[34.947008,31.350032],[34.955355,31.350444],[34.950197,31.347625],[34.949834,31.345409],[34.950348,31.342997],[34.959558,31.331975],[34.957052,31.325635],[34.965895,31.318527],[34.976752,31.316421],[34.973857,31.315986],[34.973202,31.314057],[34.976571,31.310684],[34.980576,31.310241],[34.979203,31.308881],[34.980133,31.308381],[34.981295,31.310294],[34.985493,31.313303],[34.986882,31.313555],[34.988864,31.311054],[34.987169,31.307957],[34.982789,31.304451],[34.970049,31.305742],[34.967477,31.304346],[34.963542,31.304459],[34.958674,31.302811],[34.95273,31.304265],[34.942289,31.310517],[34.940602,31.310592],[34.938033,31.314301],[34.925052,31.30853],[34.917509,31.30215],[34.916167,31.299273],[34.910191,31.301074],[34.902737,31.306775],[34.901666,31.307889],[34.902656,31.308524],[34.894517,31.315795],[34.891664,31.322596],[34.88611,31.328123],[34.888087,31.330788],[34.888513,31.333937],[34.890155,31.33463],[34.891669,31.332804],[34.892039,31.336284],[34.894257,31.336252],[34.897356,31.339233],[34.900245,31.338889],[34.904685,31.34065],[34.913603,31.335873],[34.91259,31.33284],[34.907221,31.325089],[34.906416,31.322612],[34.908114,31.31797],[34.910828,31.315469],[34.916966,31.320356],[34.922066,31.327081],[34.924295,31.328559],[34.929168,31.338252]]]},"properties":{"FID":165,"Muni_Heb":"מיתר","Muni_Eng":"Meitar","Sug_Muni":"מועצה מקומית","CR_PNIM":"1268","CR_LAMAS":"1268","Machoz":"דרום","Hearot":"השכבה אינה סטטוטורית באופן מלא.","Eshkol_MPn":" ","Sign_Date":1602547200000,"Tikun1":null,"Tikun2":null,"Tikun3":null,"Tikun4":null,"Tikun5":null,"Tikun6":null,"Tikun7":null,"Tikun8":null,"Tikun9":null,"Tikun10":null,"Tikun11":null,"Tikun12":null,"Tikun13":null,"Tikun14":null,"Tikun15":null,"Precision_":"מקור וקטורי חתום","FIRST_Nafa":"באר שבע","LAST_Nafa2":" ","Shape_Leng":35028.0700223,"Shape_Area":24230284.5158,"Shape__Area":33304745.390625,"Shape__Length":41061.279323647919}},{"type":"Feature","id":166,"geometry":{"type":"Polygon","coordinates":[[[35.753627,33.24369],[35.757242,33.241014],[35.760658,33.240849],[35.759774,33.238175],[35.772081,33.238621],[35.778295,33.23671],[35.782415,33.241667],[35.789465,33.242225],[35.797606,33.244574],[35.798971,33.251544],[35.798603,33.252859],[35.799487,33.253142],[35.801976,33.251326],[35.802042,33.249108],[35.804517,33.246437],[35.805449,33.240224],[35.806882,33.238766],[35.804452,33.238602],[35.803358,33.237283],[35.804667,33.234866],[35.803715,33.232618],[35.788654,33.224848],[35.783612,33.226538],[35.783295,33.225614],[35.781974,33.225428],[35.7782,33.227679],[35.77491,33.226513],[35.771907,33.227312],[35.768205,33.226414],[35.766899,33.225069],[35.767464,33.218484],[35.763593,33.216357],[35.759512,33.215597],[35.758786,33.212681],[35.754959,33.211732],[35.755493,33.207856],[35.752785,33.207594],[35.748875,33.209813],[35.744481,33.218039],[35.743496,33.226517],[35.742273,33.228505],[35.748224,33.2329],[35.746091,33.234474],[35.745957,33.236981],[35.753627,33.24369]]]},"properties":{"FID":166,"Muni_Heb":"מסעדה","Muni_Eng":"Mas'ade","Sug_Muni":"מועצה מקומית","CR_PNIM":"4203","CR_LAMAS":"4203","Machoz":"צפון","Hearot":"השכבה אינה סטטוטורית באופן מלא.","Eshkol_MPn":"אשכול רשויות גליל מזרחי","Sign_Date":1336867200000,"Tikun1":null,"Tikun2":null,"Tikun3":null,"Tikun4":null,"Tikun5":null,"Tikun6":null,"Tikun7":null,"Tikun8":null,"Tikun9":null,"Tikun10":null,"Tikun11":null,"Tikun12":null,"Tikun13":null,"Tikun14":null,"Tikun15":null,"Precision_":"מקור וקטורי חתום","FIRST_Nafa":"רמת הגולן","LAST_Nafa2":" ","Shape_Leng":21006.7057695,"Shape_Area":12011380.952,"Shape__Area":17211509.434570313,"Shape__Length":25145.72320999423}},{"type":"Feature","id":167,"geometry":{"type":"Polygon","coordinates":[[[35.260408,33.036908],[35.262363,33.036967],[35.263381,33.035369],[35.264587,33.035387],[35.265887,33.034145],[35.264467,33.033222],[35.263642,33.030748],[35.265207,33.028842],[35.265736,33.029541],[35.26845,33.029302],[35.268024,33.028324],[35.26909,33.026554],[35.26923,33.023617],[35.26715,33.02407],[35.266751,33.022265],[35.265526,33.022405],[35.265459,33.021451],[35.263931,33.021569],[35.263904,33.021025],[35.26254,33.021483],[35.262084,33.022848],[35.261033,33.022582],[35.261172,33.022023],[35.256279,33.023712],[35.255757,33.022806],[35.252299,33.022937],[35.253362,33.024549],[35.25142,33.025052],[35.248781,33.024808],[35.24872,33.023234],[35.247785,33.023077],[35.249419,33.025462],[35.24822,33.025644],[35.246943,33.02713],[35.248142,33.031021],[35.245921,33.031705],[35.249211,33.030796],[35.24896,33.031467],[35.251738,33.032339],[35.252695,33.033976],[35.258911,33.032978],[35.26083,33.036432],[35.260408,33.036908]]]},"properties":{"FID":167,"Muni_Heb":"מעיליא","Muni_Eng":"Mi'ilya","Sug_Muni":"מועצה מקומית","CR_PNIM":"0518","CR_LAMAS":"518","Machoz":"צפון","Hearot":"השכבה אינה סטטוטורית באופן מלא.","Eshkol_MPn":"אשכול רשויות גליל מערבי","Sign_Date":1614729600000,"Tikun1":null,"Tikun2":null,"Tikun3":null,"Tikun4":null,"Tikun5":null,"Tikun6":null,"Tikun7":null,"Tikun8":null,"Tikun9":null,"Tikun10":null,"Tikun11":null,"Tikun12":null,"Tikun13":null,"Tikun14":null,"Tikun15":null,"Precision_":"מקור וקטורי חתום","FIRST_Nafa":"עכו","LAST_Nafa2":" ","Shape_Leng":9638.91214471,"Shape_Area":2124471.84525,"Shape__Area":3030566.935546875,"Shape__Length":11510.495583779732}},{"type":"Feature","id":168,"geometry":{"type":"Polygon","coordinates":[[[34.801121,30.679696],[34.855392,30.679725],[34.855648,30.660059],[34.838619,30.658366],[34.836672,30.661759],[34.835901,30.661756],[34.837292,30.65911],[34.832095,30.657879],[34.833083,30.656206],[34.832978,30.653988],[34.831705,30.648406],[34.830359,30.647841],[34.834327,30.640612],[34.836037,30.632478],[34.84024,30.624233],[34.850124,30.615474],[34.856727,30.613129],[34.857657,30.612975],[34.863328,30.616196],[34.872384,30.617997],[34.876496,30.621193],[34.881966,30.62337],[34.886485,30.623088],[34.904391,30.614411],[34.891527,30.596318],[34.888569,30.590329],[34.877581,30.586654],[34.873181,30.588162],[34.87162,30.587975],[34.867295,30.585693],[34.855304,30.577096],[34.85032,30.577329],[34.846071,30.579717],[34.842691,30.585479],[34.845133,30.592114],[34.852219,30.595002],[34.849971,30.601529],[34.848725,30.600454],[34.846579,30.600859],[34.844436,30.605694],[34.84248,30.605075],[34.840602,30.605854],[34.83822,30.605117],[34.83676,30.607047],[34.833416,30.609008],[34.833143,30.610172],[34.82985,30.609954],[34.826986,30.611231],[34.823698,30.611336],[34.821875,30.612505],[34.818732,30.612839],[34.815661,30.61477],[34.815469,30.616025],[34.812874,30.616547],[34.809614,30.615725],[34.808104,30.609311],[34.803959,30.605619],[34.801569,30.604754],[34.801063,30.603437],[34.791856,30.601538],[34.784215,30.6014],[34.783134,30.600296],[34.777228,30.599065],[34.771205,30.596305],[34.766283,30.595055],[34.762854,30.592577],[34.755479,30.591006],[34.747802,30.584026],[34.740627,30.584058],[34.740811,30.608111],[34.746089,30.609627],[34.751378,30.612403],[34.755826,30.617347],[34.75867,30.618963],[34.758188,30.621413],[34.759974,30.624143],[34.762405,30.62474],[34.765591,30.624304],[34.766914,30.627665],[34.767997,30.628364],[34.773406,30.627045],[34.776361,30.62899],[34.776077,30.630206],[34.772252,30.634203],[34.773957,30.635625],[34.77819,30.636527],[34.774713,30.642394],[34.771933,30.649229],[34.771831,30.66162],[34.798372,30.661745],[34.798377,30.660551],[34.809432,30.660563],[34.808153,30.664014],[34.804184,30.667179],[34.803578,30.675213],[34.801121,30.679696]]]},"properties":{"FID":168,"Muni_Heb":"מצפה רמון","Muni_Eng":"Mitspe Ramon","Sug_Muni":"מועצה מקומית","CR_PNIM":"0099","CR_LAMAS":"99","Machoz":"דרום","Hearot":"השכבה אינה סטטוטורית באופן מלא.","Eshkol_MPn":"אשכול רשויות נגב מזרחי","Sign_Date":1533081600000,"Tikun1":null,"Tikun2":null,"Tikun3":null,"Tikun4":null,"Tikun5":null,"Tikun6":null,"Tikun7":null,"Tikun8":null,"Tikun9":null,"Tikun10":null,"Tikun11":null,"Tikun12":null,"Tikun13":null,"Tikun14":null,"Tikun15":null,"Precision_":"מקור וקטורי חתום","FIRST_Nafa":"באר שבע","LAST_Nafa2":" ","Shape_Leng":63800.0746128,"Shape_Area":75708028.689,"Shape__Area":102567811.93066406,"Shape__Length":74237.46317304991}},{"type":"Feature","id":169,"geometry":{"type":"Polygon","coordinates":[[[35.301322,32.760039],[35.301715,32.760571],[35.30411,32.758741],[35.305318,32.758757],[35.307032,32.754544],[35.310344,32.752438],[35.312287,32.752243],[35.313073,32.755161],[35.314328,32.755903],[35.319057,32.749697],[35.316874,32.750279],[35.316884,32.749553],[35.319292,32.749551],[35.317991,32.751537],[35.318701,32.751765],[35.31825,32.752428],[35.321827,32.751185],[35.325398,32.751811],[35.327592,32.753591],[35.324645,32.754495],[35.324911,32.755251],[35.322646,32.75873],[35.320001,32.758779],[35.321365,32.760779],[35.320329,32.764418],[35.317448,32.766319],[35.314541,32.766053],[35.311954,32.764243],[35.3128,32.765672],[35.311239,32.767371],[35.312257,32.768553],[35.314157,32.768336],[35.314891,32.769662],[35.316913,32.770234],[35.317608,32.769622],[35.318736,32.773462],[35.317942,32.774809],[35.312105,32.775839],[35.313712,32.7774],[35.319368,32.776781],[35.321392,32.777516],[35.322619,32.775761],[35.324231,32.776199],[35.32349,32.774508],[35.322325,32.774447],[35.321343,32.771221],[35.324878,32.770366],[35.329873,32.77129],[35.329942,32.769894],[35.328155,32.769963],[35.327297,32.764698],[35.333368,32.763704],[35.333028,32.761318],[35.331639,32.760962],[35.327461,32.757075],[35.3293,32.753784],[35.328751,32.753364],[35.329796,32.751797],[35.329001,32.751441],[35.332338,32.748724],[35.330873,32.747339],[35.331364,32.745319],[35.332358,32.745791],[35.33233,32.746858],[35.333671,32.746204],[35.334759,32.743103],[35.333736,32.741691],[35.331876,32.741475],[35.329728,32.738679],[35.33349,32.738121],[35.33602,32.735037],[35.33841,32.734051],[35.339943,32.734739],[35.344139,32.730599],[35.342771,32.730887],[35.342224,32.72916],[35.34046,32.729474],[35.3293,32.733857],[35.327047,32.73256],[35.325241,32.734841],[35.325012,32.730224],[35.3224,32.731704],[35.322717,32.733473],[35.321355,32.733731],[35.321946,32.734946],[35.32049,32.735038],[35.319113,32.734042],[35.317649,32.7345],[35.315952,32.736778],[35.315809,32.738271],[35.313607,32.740263],[35.308125,32.742277],[35.30889,32.743683],[35.306265,32.744207],[35.307184,32.74687],[35.305772,32.748287],[35.304578,32.752321],[35.305106,32.753352],[35.303585,32.754671],[35.303538,32.757493],[35.301322,32.760039]]]},"properties":{"FID":169,"Muni_Heb":"משהד","Muni_Eng":"Mishad","Sug_Muni":"מועצה מקומית","CR_PNIM":"0520","CR_LAMAS":"520","Machoz":"צפון","Hearot":"השכבה אינה סטטוטורית באופן מלא.","Eshkol_MPn":" ","Sign_Date":1622419200000,"Tikun1":null,"Tikun2":null,"Tikun3":null,"Tikun4":null,"Tikun5":null,"Tikun6":null,"Tikun7":null,"Tikun8":null,"Tikun9":null,"Tikun10":null,"Tikun11":null,"Tikun12":null,"Tikun13":null,"Tikun14":null,"Tikun15":null,"Precision_":"מקור וקטורי חתום","FIRST_Nafa":"יזרעאל","LAST_Nafa2":" ","Shape_Leng":28751.4700343,"Shape_Area":7166001.90278,"Shape__Area":10158920.797851563,"Shape__Length":34234.755881364217}},{"type":"Feature","id":170,"geometry":{"type":"Polygon","coordinates":[[[34.79789,31.766516],[34.794802,31.764148],[34.799618,31.759919],[34.796475,31.757355],[34.791825,31.761727],[34.787306,31.7602],[34.784481,31.760962],[34.784351,31.762975],[34.777759,31.776251],[34.775312,31.788358],[34.772031,31.792712],[34.773995,31.796665],[34.787419,31.793621],[34.788109,31.798399],[34.79046,31.798041],[34.793768,31.804842],[34.793751,31.801815],[34.800093,31.800698],[34.801292,31.803839],[34.80316,31.805426],[34.808581,31.804355],[34.813692,31.809756],[34.811991,31.811004],[34.811968,31.81187],[34.813798,31.811632],[34.812959,31.814366],[34.813696,31.81835],[34.811776,31.818826],[34.81435,31.818624],[34.814301,31.821129],[34.815493,31.821369],[34.815773,31.822951],[34.82247,31.821057],[34.822833,31.826119],[34.839739,31.824117],[34.840024,31.825493],[34.845262,31.825927],[34.845313,31.822244],[34.847487,31.822343],[34.849498,31.826853],[34.852105,31.825825],[34.853411,31.827098],[34.861757,31.827548],[34.865634,31.825461],[34.869866,31.816373],[34.871789,31.808755],[34.84275,31.802961],[34.839828,31.801612],[34.829368,31.793465],[34.82127,31.789546],[34.818149,31.786171],[34.813354,31.778654],[34.79789,31.766516]]]},"properties":{"FID":170,"Muni_Heb":"נחל שורק","Muni_Eng":"Nahal Sorek","Sug_Muni":"מועצה אזורית","CR_PNIM":"5531","CR_LAMAS":" ","Machoz":"מרכז","Hearot":"השכבה אינה סטטוטורית באופן מלא.","Eshkol_MPn":"אשכול רשויות שורק דרומי","Sign_Date":1598140800000,"Tikun1":null,"Tikun2":null,"Tikun3":null,"Tikun4":null,"Tikun5":null,"Tikun6":null,"Tikun7":null,"Tikun8":null,"Tikun9":null,"Tikun10":null,"Tikun11":null,"Tikun12":null,"Tikun13":null,"Tikun14":null,"Tikun15":null,"Precision_":"מקור וקטורי חתום","FIRST_Nafa":"רחובות","LAST_Nafa2":" ","Shape_Leng":32700.2830969,"Shape_Area":28324370.3353,"Shape__Area":39327247.790039063,"Shape__Length":38530.418250570554}},{"type":"Feature","id":171,"geometry":{"type":"Polygon","coordinates":[[[35.337899,32.930156],[35.32857,32.930425],[35.323245,32.928571],[35.313347,32.927119],[35.305968,32.923952],[35.295606,32.925357],[35.296583,32.931278],[35.296065,32.936936],[35.298355,32.936868],[35.297927,32.94197],[35.29905,32.942254],[35.299033,32.943089],[35.304089,32.942788],[35.30617,32.943201],[35.306285,32.944352],[35.310495,32.945093],[35.313438,32.945012],[35.31378,32.943992],[35.316874,32.943376],[35.321199,32.944029],[35.321715,32.943417],[35.323091,32.94384],[35.322952,32.944654],[35.324156,32.944665],[35.324389,32.943932],[35.328593,32.945187],[35.329618,32.944678],[35.329195,32.945894],[35.32972,32.946043],[35.329926,32.943977],[35.32921,32.943514],[35.32886,32.94028],[35.329385,32.93821],[35.331199,32.935876],[35.331455,32.933049],[35.337899,32.930156]]]},"properties":{"FID":171,"Muni_Heb":"נחף","Muni_Eng":"Nahef","Sug_Muni":"מועצה מקומית","CR_PNIM":"0522","CR_LAMAS":"522","Machoz":"צפון","Hearot":"השכבה אינה סטטוטורית באופן מלא.","Eshkol_MPn":"אשכול רשויות בית הכרם הגלילי","Sign_Date":1336867200000,"Tikun1":null,"Tikun2":null,"Tikun3":null,"Tikun4":null,"Tikun5":null,"Tikun6":null,"Tikun7":null,"Tikun8":null,"Tikun9":null,"Tikun10":null,"Tikun11":null,"Tikun12":null,"Tikun13":null,"Tikun14":null,"Tikun15":null,"Precision_":"מקור וקטורי חתום","FIRST_Nafa":"עכו","LAST_Nafa2":" ","Shape_Leng":12934.1117545,"Shape_Area":6067119.12087,"Shape__Area":8636648.599609375,"Shape__Length":15423.007293808603}},{"type":"Feature","id":172,"geometry":{"type":"Polygon","coordinates":[[[34.764863,31.903816],[34.764715,31.904878],[34.761929,31.906449],[34.757882,31.911336],[34.761412,31.915186],[34.764796,31.914628],[34.76458,31.913599],[34.769921,31.91279],[34.77088,31.913807],[34.773195,31.910266],[34.77428,31.91012],[34.773176,31.912966],[34.773204,31.91595],[34.778656,31.916273],[34.7786,31.921383],[34.779401,31.921418],[34.779227,31.923346],[34.780453,31.923572],[34.7801,31.92613],[34.777063,31.923963],[34.78043,31.936856],[34.778515,31.936305],[34.779761,31.94122],[34.800403,31.941264],[34.800985,31.945236],[34.805009,31.944635],[34.804595,31.941933],[34.818499,31.939933],[34.817844,31.935164],[34.821958,31.935042],[34.820763,31.931141],[34.822183,31.93059],[34.823292,31.926257],[34.815182,31.924673],[34.813913,31.920466],[34.809607,31.920389],[34.808755,31.916016],[34.807878,31.915914],[34.806483,31.913366],[34.803685,31.913724],[34.803315,31.911723],[34.799638,31.911995],[34.796497,31.907417],[34.79336,31.906814],[34.789981,31.905047],[34.78419,31.896471],[34.78002,31.897441],[34.778027,31.898871],[34.774072,31.898578],[34.775205,31.899901],[34.774289,31.900469],[34.775161,31.90263],[34.764863,31.903816]],[[34.809686,31.920857],[34.810187,31.920799],[34.810118,31.921761],[34.809686,31.920857]]]},"properties":{"FID":172,"Muni_Heb":"נס ציונה","Muni_Eng":"Nes Tsiyona","Sug_Muni":"עירייה","CR_PNIM":"7200","CR_LAMAS":"7200","Machoz":"מרכז","Hearot":"השכבה אינה סטטוטורית באופן מלא.","Eshkol_MPn":" ","Sign_Date":1530057600000,"Tikun1":null,"Tikun2":null,"Tikun3":null,"Tikun4":null,"Tikun5":null,"Tikun6":null,"Tikun7":null,"Tikun8":null,"Tikun9":null,"Tikun10":null,"Tikun11":null,"Tikun12":null,"Tikun13":null,"Tikun14":null,"Tikun15":null,"Precision_":"מקור וקטורי חתום","FIRST_Nafa":"רחובות","LAST_Nafa2":" ","Shape_Leng":23800.1535375,"Shape_Area":15676943.3498,"Shape__Area":21824691.662109375,"Shape__Length":28079.052655411742}},{"type":"Feature","id":173,"geometry":{"type":"Polygon","coordinates":[[[35.275577,32.729618],[35.276367,32.729257],[35.277163,32.731913],[35.276504,32.73453],[35.281828,32.734997],[35.283467,32.736282],[35.283895,32.731976],[35.283264,32.73016],[35.282277,32.731437],[35.279464,32.729457],[35.283987,32.728789],[35.284745,32.725399],[35.287745,32.722935],[35.290109,32.721826],[35.294775,32.721194],[35.29871,32.718965],[35.300055,32.715058],[35.302883,32.716499],[35.304077,32.716179],[35.305461,32.715194],[35.30519,32.71337],[35.306631,32.714053],[35.307327,32.713122],[35.306161,32.710768],[35.306266,32.709064],[35.312374,32.708322],[35.313543,32.706613],[35.31117,32.701952],[35.308959,32.702471],[35.308816,32.69999],[35.309997,32.699565],[35.308142,32.696984],[35.304937,32.694567],[35.303017,32.695219],[35.302322,32.692723],[35.304431,32.691983],[35.304426,32.690455],[35.301636,32.69017],[35.305492,32.686657],[35.305125,32.683193],[35.299212,32.677991],[35.294395,32.677165],[35.292392,32.676084],[35.289433,32.676246],[35.288299,32.67279],[35.284975,32.673253],[35.283963,32.678614],[35.281884,32.680268],[35.279478,32.686472],[35.280701,32.687313],[35.280888,32.68968],[35.283324,32.691389],[35.281728,32.694474],[35.282395,32.695396],[35.280981,32.698982],[35.282209,32.700242],[35.280571,32.701528],[35.28178,32.703461],[35.281306,32.706315],[35.280875,32.707286],[35.277124,32.706029],[35.275497,32.707813],[35.271261,32.709529],[35.272367,32.712597],[35.27413,32.714049],[35.273986,32.715076],[35.27166,32.718902],[35.266254,32.722831],[35.26606,32.723995],[35.269122,32.726588],[35.275577,32.729618]],[[35.289289,32.692512],[35.288285,32.690918],[35.289579,32.689747],[35.287096,32.687379],[35.289834,32.686747],[35.292122,32.692103],[35.289289,32.692512]]]},"properties":{"FID":173,"Muni_Heb":"נצרת","Muni_Eng":"Natsrat (Nazareth)","Sug_Muni":"עירייה","CR_PNIM":"7300","CR_LAMAS":"7300","Machoz":"צפון","Hearot":"השכבה אינה סטטוטורית באופן מלא.","Eshkol_MPn":"אשכול רשויות הגליל והעמקים","Sign_Date":1336867200000,"Tikun1":null,"Tikun2":null,"Tikun3":null,"Tikun4":null,"Tikun5":null,"Tikun6":null,"Tikun7":null,"Tikun8":null,"Tikun9":null,"Tikun10":null,"Tikun11":null,"Tikun12":null,"Tikun13":null,"Tikun14":null,"Tikun15":null,"Precision_":"מקור וקטורי חתום","FIRST_Nafa":"יזרעאל","LAST_Nafa2":" ","Shape_Leng":25713.0593891,"Shape_Area":14172268.2086,"Shape__Area":20070828.544921875,"Shape__Length":30605.10391389691}},{"type":"Feature","id":174,"geometry":{"type":"Polygon","coordinates":[[[35.064332,32.77993],[35.066402,32.779039],[35.068843,32.779332],[35.069228,32.777846],[35.070711,32.776699],[35.070722,32.772677],[35.068504,32.770554],[35.064406,32.76924],[35.066227,32.767804],[35.066304,32.764099],[35.064272,32.763071],[35.064214,32.761883],[35.058797,32.756551],[35.056666,32.758858],[35.052223,32.749039],[35.047218,32.745754],[35.032019,32.74574],[35.030891,32.747635],[35.031041,32.750499],[35.029979,32.750662],[35.02625,32.754991],[35.021172,32.758151],[35.022865,32.759852],[35.022117,32.760165],[35.022443,32.760706],[35.02657,32.763486],[35.027268,32.766318],[35.020538,32.767469],[35.01741,32.767247],[35.014983,32.766103],[35.01597,32.769419],[35.013724,32.769547],[35.014315,32.770288],[35.01323,32.770434],[35.014688,32.772153],[35.021305,32.770973],[35.025853,32.771875],[35.030364,32.775596],[35.030373,32.778764],[35.026369,32.780484],[35.029047,32.781459],[35.028896,32.783549],[35.031061,32.784492],[35.031628,32.783791],[35.033659,32.785107],[35.037376,32.782479],[35.041987,32.78724],[35.045513,32.785192],[35.04809,32.788175],[35.051981,32.785905],[35.046354,32.776557],[35.043598,32.777967],[35.054805,32.769816],[35.064332,32.77993]]]},"properties":{"FID":174,"Muni_Heb":"נשר","Muni_Eng":"Nesher","Sug_Muni":"עירייה","CR_PNIM":"2500","CR_LAMAS":"2500","Machoz":"חיפה","Hearot":"השכבה אינה סטטוטורית באופן מלא.","Eshkol_MPn":" ","Sign_Date":1332892800000,"Tikun1":null,"Tikun2":null,"Tikun3":null,"Tikun4":null,"Tikun5":null,"Tikun6":null,"Tikun7":null,"Tikun8":null,"Tikun9":null,"Tikun10":null,"Tikun11":null,"Tikun12":null,"Tikun13":null,"Tikun14":null,"Tikun15":null,"Precision_":"מקור וקטורי חתום","FIRST_Nafa":"חיפה","LAST_Nafa2":" ","Shape_Leng":23380.9486734,"Shape_Area":12943834.8373,"Shape__Area":18356202.37109375,"Shape__Length":27842.757428277448}},{"type":"Feature","id":175,"geometry":{"type":"Polygon","coordinates":[[[34.838071,32.259903],[34.836048,32.254891],[34.830224,32.256458],[34.832084,32.257602],[34.832137,32.25912],[34.824755,32.260721],[34.850725,32.35303],[34.857742,32.352238],[34.858558,32.354278],[34.857875,32.356489],[34.86435,32.357333],[34.867189,32.355918],[34.869582,32.358002],[34.867466,32.359799],[34.868451,32.360526],[34.875826,32.35578],[34.878398,32.352412],[34.874393,32.356196],[34.870303,32.357754],[34.867006,32.355342],[34.867696,32.353444],[34.869152,32.352865],[34.862082,32.348038],[34.862713,32.347761],[34.862447,32.346076],[34.877254,32.34402],[34.873194,32.33532],[34.875027,32.334912],[34.874911,32.331907],[34.871731,32.331327],[34.871136,32.328355],[34.877932,32.327857],[34.876713,32.324088],[34.887599,32.323262],[34.896103,32.323662],[34.895773,32.321856],[34.894056,32.318657],[34.892073,32.318911],[34.891868,32.316978],[34.887141,32.306388],[34.885875,32.293366],[34.883995,32.293386],[34.883767,32.292683],[34.881285,32.292984],[34.871307,32.286633],[34.872477,32.285323],[34.87259,32.281399],[34.870504,32.281983],[34.867972,32.277492],[34.86618,32.275901],[34.866738,32.275277],[34.863123,32.273212],[34.859495,32.271999],[34.854685,32.273667],[34.850322,32.270411],[34.838373,32.267364],[34.837034,32.265814],[34.837651,32.265249],[34.839146,32.266326],[34.840187,32.265636],[34.838071,32.259903]]]},"properties":{"FID":175,"Muni_Heb":"נתניה","Muni_Eng":"Netanya","Sug_Muni":"עירייה","CR_PNIM":"7400","CR_LAMAS":"7400","Machoz":"מרכז","Hearot":"השכבה אינה סטטוטורית באופן מלא.","Eshkol_MPn":" ","Sign_Date":1652659200000,"Tikun1":null,"Tikun2":null,"Tikun3":null,"Tikun4":null,"Tikun5":null,"Tikun6":null,"Tikun7":null,"Tikun8":null,"Tikun9":null,"Tikun10":null,"Tikun11":null,"Tikun12":null,"Tikun13":null,"Tikun14":null,"Tikun15":null,"Precision_":"מקור וקטורי חתום","FIRST_Nafa":"השרון","LAST_Nafa2":" ","Shape_Leng":38737.9683825,"Shape_Area":35300077.1169,"Shape__Area":49553395.5390625,"Shape__Length":45922.1877465237}},{"type":"Feature","id":176,"geometry":{"type":"Polygon","coordinates":[[[35.355461,32.936847],[35.342079,32.931776],[35.340038,32.930375],[35.337899,32.930156],[35.331455,32.933049],[35.331199,32.935876],[35.329385,32.93821],[35.32886,32.94028],[35.32921,32.943514],[35.329892,32.943856],[35.329852,32.94546],[35.334208,32.946215],[35.335148,32.947606],[35.347693,32.94703],[35.35109,32.945705],[35.350872,32.944928],[35.354422,32.944204],[35.355682,32.941143],[35.35476,32.938831],[35.356591,32.937429],[35.355461,32.936847]]]},"properties":{"FID":176,"Muni_Heb":"סאג'ור","Muni_Eng":"Sajur","Sug_Muni":"מועצה מקומית","CR_PNIM":"0525","CR_LAMAS":"525","Machoz":"צפון","Hearot":"השכבה אינה סטטוטורית באופן מלא.","Eshkol_MPn":" ","Sign_Date":1336867200000,"Tikun1":null,"Tikun2":null,"Tikun3":null,"Tikun4":null,"Tikun5":null,"Tikun6":null,"Tikun7":null,"Tikun8":null,"Tikun9":null,"Tikun10":null,"Tikun11":null,"Tikun12":null,"Tikun13":null,"Tikun14":null,"Tikun15":null,"Precision_":"מקור וקטורי חתום","FIRST_Nafa":"עכו","LAST_Nafa2":" ","Shape_Leng":7805.79031365,"Shape_Area":3568399.15988,"Shape__Area":5080213.7509765625,"Shape__Length":9308.4069901573966}},{"type":"Feature","id":177,"geometry":{"type":"Polygon","coordinates":[[[35.333827,32.87486],[35.333732,32.87305],[35.334696,32.871854],[35.334249,32.866578],[35.332085,32.866712],[35.334236,32.864814],[35.33675,32.864453],[35.336552,32.861292],[35.328387,32.863881],[35.326232,32.861697],[35.325352,32.859159],[35.323566,32.858479],[35.321418,32.856199],[35.321574,32.854654],[35.324775,32.853516],[35.323994,32.852563],[35.32248,32.853341],[35.31971,32.852893],[35.320071,32.850808],[35.321522,32.850009],[35.320651,32.847307],[35.324596,32.846882],[35.326049,32.846005],[35.32608,32.845214],[35.327457,32.845119],[35.326842,32.843883],[35.323221,32.844374],[35.323463,32.843149],[35.322569,32.84171],[35.320898,32.841994],[35.319807,32.844942],[35.318834,32.844787],[35.319144,32.845624],[35.31343,32.848286],[35.311926,32.848208],[35.310098,32.846437],[35.30674,32.847608],[35.30591,32.853447],[35.301539,32.853371],[35.301175,32.848751],[35.299562,32.849666],[35.299565,32.85164],[35.301368,32.851637],[35.30134,32.853376],[35.299457,32.855212],[35.291511,32.858303],[35.287751,32.858163],[35.284558,32.860698],[35.282156,32.861557],[35.281693,32.8653],[35.279267,32.865393],[35.282299,32.86737],[35.281586,32.868851],[35.282597,32.86894],[35.281171,32.871723],[35.283183,32.872266],[35.284186,32.873464],[35.284105,32.875156],[35.283149,32.876105],[35.287358,32.876175],[35.29199,32.87781],[35.299992,32.878525],[35.298703,32.877765],[35.298335,32.875895],[35.300518,32.874885],[35.301304,32.87338],[35.309572,32.87284],[35.312118,32.873432],[35.315332,32.874736],[35.315723,32.878377],[35.322681,32.877641],[35.333827,32.87486]]]},"properties":{"FID":177,"Muni_Heb":"סח'נין","Muni_Eng":"Sah'nin","Sug_Muni":"עירייה","CR_PNIM":"7500","CR_LAMAS":"7500","Machoz":"צפון","Hearot":"השכבה אינה סטטוטורית באופן מלא.","Eshkol_MPn":" ","Sign_Date":1530057600000,"Tikun1":null,"Tikun2":null,"Tikun3":null,"Tikun4":null,"Tikun5":null,"Tikun6":null,"Tikun7":null,"Tikun8":null,"Tikun9":null,"Tikun10":null,"Tikun11":null,"Tikun12":null,"Tikun13":null,"Tikun14":null,"Tikun15":null,"Precision_":"מקור וקטורי חתום","FIRST_Nafa":"עכו","LAST_Nafa2":" ","Shape_Leng":23255.1974546,"Shape_Area":11528603.8745,"Shape__Area":16385236.428710938,"Shape__Length":27713.310773162055}},{"type":"Feature","id":178,"geometry":{"type":"Polygon","coordinates":[[[34.86894,31.265906],[34.869867,31.263563],[34.86657,31.264005],[34.862747,31.262669],[34.85241,31.254394],[34.849471,31.252921],[34.84905,31.251371],[34.845412,31.248207],[34.842352,31.247463],[34.839568,31.248276],[34.838865,31.247155],[34.837583,31.248057],[34.837279,31.249548],[34.835121,31.248855],[34.828749,31.25034],[34.829437,31.257013],[34.833354,31.257038],[34.833361,31.259723],[34.832346,31.26106],[34.829661,31.259429],[34.830079,31.266991],[34.825707,31.281833],[34.826733,31.291655],[34.837307,31.293003],[34.840714,31.290549],[34.853692,31.302651],[34.868114,31.30211],[34.867932,31.29799],[34.86158,31.298729],[34.860993,31.293199],[34.867895,31.291688],[34.871796,31.287249],[34.869632,31.286728],[34.870836,31.283088],[34.868274,31.27466],[34.867999,31.269005],[34.86894,31.265906]]]},"properties":{"FID":178,"Muni_Heb":"עומר","Muni_Eng":"Omer","Sug_Muni":"מועצה מקומית","CR_PNIM":"0666","CR_LAMAS":"666","Machoz":"דרום","Hearot":"השכבה אינה סטטוטורית באופן מלא.","Eshkol_MPn":" ","Sign_Date":1165795200000,"Tikun1":1222041600000,"Tikun2":null,"Tikun3":null,"Tikun4":null,"Tikun5":null,"Tikun6":null,"Tikun7":null,"Tikun8":null,"Tikun9":null,"Tikun10":null,"Tikun11":null,"Tikun12":null,"Tikun13":null,"Tikun14":null,"Tikun15":null,"Precision_":"מקור וקטורי חתום","FIRST_Nafa":"באר שבע","LAST_Nafa2":" ","Shape_Leng":21122.2747705,"Shape_Area":18220413.1242,"Shape__Area":25019385.834960938,"Shape__Length":24758.118244001394}},{"type":"Feature","id":179,"geometry":{"type":"Polygon","coordinates":[[[35.081653,32.690204],[35.077605,32.69148],[35.076991,32.69279],[35.075356,32.692757],[35.075216,32.694656],[35.068795,32.697484],[35.068412,32.698834],[35.067007,32.69971],[35.062139,32.701369],[35.058808,32.701363],[35.059026,32.70217],[35.057794,32.703327],[35.053875,32.703182],[35.051829,32.704529],[35.051936,32.705518],[35.048086,32.705534],[35.048249,32.706213],[35.044796,32.707098],[35.043212,32.710873],[35.042057,32.710816],[35.041588,32.711729],[35.04614,32.710807],[35.048037,32.709513],[35.048042,32.708233],[35.05208,32.707689],[35.054044,32.711468],[35.058899,32.709894],[35.058346,32.70891],[35.061771,32.709085],[35.06083,32.709809],[35.060962,32.710914],[35.061914,32.71235],[35.063692,32.712275],[35.06441,32.71368],[35.061064,32.713786],[35.058789,32.712815],[35.054732,32.714085],[35.052488,32.713389],[35.05198,32.713796],[35.053345,32.71531],[35.052709,32.714967],[35.053008,32.716731],[35.050821,32.716995],[35.049432,32.715299],[35.048513,32.716341],[35.047289,32.715141],[35.045928,32.715592],[35.044665,32.714874],[35.043856,32.715504],[35.04312,32.714695],[35.041074,32.715857],[35.040241,32.717068],[35.040942,32.718037],[35.043873,32.718613],[35.043653,32.719567],[35.046248,32.721019],[35.047785,32.723956],[35.050097,32.724672],[35.049532,32.726517],[35.048184,32.727425],[35.048535,32.728243],[35.045962,32.728444],[35.044984,32.729696],[35.046161,32.73165],[35.043877,32.7323],[35.045335,32.733644],[35.041495,32.732598],[35.041575,32.733811],[35.039847,32.735704],[35.040431,32.736866],[35.041527,32.737757],[35.045111,32.738157],[35.048716,32.737084],[35.048375,32.73751],[35.050127,32.737915],[35.052197,32.73492],[35.05416,32.735486],[35.053933,32.733425],[35.057871,32.733481],[35.058995,32.73155],[35.05985,32.731978],[35.059939,32.730322],[35.062889,32.730481],[35.063432,32.731486],[35.064891,32.730826],[35.063904,32.729658],[35.065299,32.728193],[35.066669,32.723507],[35.069181,32.721265],[35.071954,32.720495],[35.072324,32.721168],[35.070903,32.721658],[35.071039,32.722481],[35.074419,32.722687],[35.077751,32.719267],[35.078341,32.717433],[35.081647,32.716343],[35.082924,32.714457],[35.082235,32.713668],[35.078083,32.71283],[35.08059,32.711919],[35.078949,32.711718],[35.084208,32.711027],[35.085209,32.709715],[35.085103,32.705318],[35.086489,32.704206],[35.086831,32.701487],[35.086303,32.700246],[35.086853,32.69756],[35.085924,32.696409],[35.086929,32.695937],[35.085542,32.69294],[35.08635,32.691466],[35.085517,32.689514],[35.081653,32.690204]]]},"properties":{"FID":179,"Muni_Heb":"עוספייא","Muni_Eng":"Osfiya","Sug_Muni":"מועצה מקומית","CR_PNIM":"0534","CR_LAMAS":"534","Machoz":"חיפה","Hearot":"השכבה אינה סטטוטורית באופן מלא.","Eshkol_MPn":" ","Sign_Date":1666483200000,"Tikun1":null,"Tikun2":null,"Tikun3":null,"Tikun4":null,"Tikun5":null,"Tikun6":null,"Tikun7":null,"Tikun8":null,"Tikun9":null,"Tikun10":null,"Tikun11":null,"Tikun12":null,"Tikun13":null,"Tikun14":null,"Tikun15":null,"Precision_":"מקור וקטורי חתום","FIRST_Nafa":"חיפה","LAST_Nafa2":" ","Shape_Leng":29187.6650309,"Shape_Area":11066073.2242,"Shape__Area":15675096.421875,"Shape__Length":34731.226587651428}},{"type":"Feature","id":180,"geometry":{"type":"Polygon","coordinates":[[[35.408247,32.830015],[35.405614,32.827504],[35.406065,32.824661],[35.404293,32.824934],[35.404615,32.82608],[35.403906,32.826112],[35.39833,32.824856],[35.3956,32.829896],[35.393514,32.8319],[35.393538,32.833328],[35.395094,32.834004],[35.396259,32.83356],[35.396248,32.835513],[35.397659,32.838046],[35.394215,32.838575],[35.394652,32.839043],[35.393398,32.842253],[35.392341,32.84279],[35.39316,32.845083],[35.390141,32.843889],[35.386885,32.843684],[35.384449,32.845778],[35.387672,32.846525],[35.388286,32.847529],[35.387213,32.848433],[35.390909,32.85051],[35.390446,32.853276],[35.389106,32.853707],[35.392964,32.855061],[35.392791,32.856078],[35.39514,32.856033],[35.394524,32.85726],[35.395477,32.858294],[35.393839,32.859951],[35.403635,32.858044],[35.403514,32.856068],[35.40574,32.855526],[35.405579,32.853476],[35.406374,32.85253],[35.403643,32.8495],[35.407097,32.850244],[35.408783,32.847473],[35.410034,32.848573],[35.412955,32.84827],[35.415437,32.849457],[35.415802,32.84526],[35.413992,32.843388],[35.412934,32.842871],[35.408533,32.843992],[35.411252,32.841621],[35.410651,32.841067],[35.412005,32.838938],[35.413321,32.839825],[35.411481,32.836448],[35.411841,32.835894],[35.409716,32.833498],[35.411396,32.833361],[35.408247,32.830015]]]},"properties":{"FID":180,"Muni_Heb":"עילבון","Muni_Eng":"Ilabun","Sug_Muni":"מועצה מקומית","CR_PNIM":"0530","CR_LAMAS":"0530","Machoz":"צפון","Hearot":"השכבה אינה סטטוטורית באופן מלא.","Eshkol_MPn":"אשכול רשויות הכנרת והעמקים","Sign_Date":1602547200000,"Tikun1":null,"Tikun2":null,"Tikun3":null,"Tikun4":null,"Tikun5":null,"Tikun6":null,"Tikun7":null,"Tikun8":null,"Tikun9":null,"Tikun10":null,"Tikun11":null,"Tikun12":null,"Tikun13":null,"Tikun14":null,"Tikun15":null,"Precision_":"מקור וקטורי חתום","FIRST_Nafa":"כנרת","LAST_Nafa2":" ","Shape_Leng":16185.4889542,"Shape_Area":5627721.03087,"Shape__Area":7994590.673828125,"Shape__Length":19290.251107461983}},{"type":"Feature","id":181,"geometry":{"type":"Polygon","coordinates":[[[35.252962,32.715845],[35.25381,32.71763],[35.252693,32.718619],[35.253785,32.719747],[35.254751,32.719553],[35.255779,32.721726],[35.252876,32.724445],[35.255732,32.726789],[35.256107,32.731215],[35.262671,32.729869],[35.265327,32.727084],[35.269122,32.726588],[35.26606,32.723995],[35.266254,32.722831],[35.27166,32.718902],[35.27413,32.714049],[35.272367,32.712597],[35.271261,32.709529],[35.264859,32.711327],[35.254213,32.709818],[35.253378,32.711367],[35.254854,32.713151],[35.252962,32.715845]]]},"properties":{"FID":181,"Muni_Heb":"עילוט","Muni_Eng":"Ilut","Sug_Muni":"מועצה מקומית","CR_PNIM":"0511","CR_LAMAS":"511","Machoz":"צפון","Hearot":"השכבה אינה סטטוטורית באופן מלא.","Eshkol_MPn":"אשכול רשויות הגליל והעמקים","Sign_Date":1359504000000,"Tikun1":null,"Tikun2":null,"Tikun3":null,"Tikun4":null,"Tikun5":null,"Tikun6":null,"Tikun7":null,"Tikun8":null,"Tikun9":null,"Tikun10":null,"Tikun11":null,"Tikun12":null,"Tikun13":null,"Tikun14":null,"Tikun15":null,"Precision_":"מקור וקטורי חתום","FIRST_Nafa":"יזרעאל","LAST_Nafa2":" ","Shape_Leng":8677.54765264,"Shape_Area":3114732.71689,"Shape__Area":4412581.328125,"Shape__Length":10327.171373986357}},{"type":"Feature","id":182,"geometry":{"type":"Polygon","coordinates":[[[35.363566,32.732139],[35.367104,32.730667],[35.369072,32.728837],[35.373164,32.728133],[35.374456,32.726396],[35.37529,32.726555],[35.376603,32.724248],[35.37289,32.723587],[35.367624,32.723884],[35.36714,32.722105],[35.368065,32.719605],[35.364006,32.719205],[35.363501,32.717284],[35.361823,32.716075],[35.361079,32.71656],[35.359433,32.714292],[35.35962,32.711355],[35.358311,32.710164],[35.35958,32.706234],[35.358644,32.705308],[35.357119,32.704615],[35.356947,32.706163],[35.355565,32.707598],[35.352257,32.708306],[35.346972,32.706817],[35.345203,32.704241],[35.341698,32.705257],[35.336944,32.708074],[35.341995,32.709852],[35.340429,32.714822],[35.340955,32.715914],[35.342906,32.71601],[35.343552,32.719138],[35.341404,32.72102],[35.345241,32.722501],[35.346394,32.722244],[35.345977,32.7258],[35.351152,32.727759],[35.357596,32.728626],[35.359923,32.731067],[35.363566,32.732139]]]},"properties":{"FID":182,"Muni_Heb":"עין מאהל","Muni_Eng":"Eyn Mahel","Sug_Muni":"מועצה מקומית","CR_PNIM":"0532","CR_LAMAS":"532","Machoz":"צפון","Hearot":"השכבה אינה סטטוטורית באופן מלא.","Eshkol_MPn":"אשכול רשויות הגליל והעמקים","Sign_Date":1608508800000,"Tikun1":null,"Tikun2":null,"Tikun3":null,"Tikun4":null,"Tikun5":null,"Tikun6":null,"Tikun7":null,"Tikun8":null,"Tikun9":null,"Tikun10":null,"Tikun11":null,"Tikun12":null,"Tikun13":null,"Tikun14":null,"Tikun15":null,"Precision_":"מקור וקטורי חתום","FIRST_Nafa":"יזרעאל","LAST_Nafa2":" ","Shape_Leng":13518.7953196,"Shape_Area":5221622.66469,"Shape__Area":7397294.8388671875,"Shape__Length":16085.735078622134}},{"type":"Feature","id":183,"geometry":{"type":"Polygon","coordinates":[[[35.720277,33.23755],[35.721708,33.240933],[35.725306,33.243124],[35.729868,33.248829],[35.734598,33.251764],[35.738227,33.252994],[35.744772,33.251058],[35.74403,33.241831],[35.748332,33.239209],[35.745705,33.236398],[35.746091,33.234474],[35.748224,33.2329],[35.738205,33.225717],[35.729323,33.225464],[35.726345,33.227245],[35.726266,33.228759],[35.724412,33.230848],[35.720172,33.233578],[35.720277,33.23755]]]},"properties":{"FID":183,"Muni_Heb":"עין קיניה","Muni_Eng":"Eyn Kinya","Sug_Muni":"מועצה מקומית","CR_PNIM":"4502","CR_LAMAS":"4502","Machoz":"צפון","Hearot":"השכבה אינה סטטוטורית באופן מלא.","Eshkol_MPn":"אשכול רשויות גליל מזרחי","Sign_Date":1336867200000,"Tikun1":null,"Tikun2":null,"Tikun3":null,"Tikun4":null,"Tikun5":null,"Tikun6":null,"Tikun7":null,"Tikun8":null,"Tikun9":null,"Tikun10":null,"Tikun11":null,"Tikun12":null,"Tikun13":null,"Tikun14":null,"Tikun15":null,"Precision_":"מקור וקטורי חתום","FIRST_Nafa":"רמת הגולן","LAST_Nafa2":" ","Shape_Leng":9434.03488907,"Shape_Area":5413045.84806,"Shape__Area":7757953.4990234375,"Shape__Length":11294.55176314953}},{"type":"Feature","id":184,"geometry":{"type":"Polygon","coordinates":[[[35.077236,32.887642],[35.072589,32.888603],[35.076273,32.90132],[35.077075,32.908691],[35.07501,32.916189],[35.073746,32.916931],[35.06265,32.914434],[35.061875,32.921156],[35.068087,32.936316],[35.069254,32.946513],[35.087155,32.944408],[35.088914,32.94858],[35.092948,32.948504],[35.095454,32.944844],[35.096956,32.937159],[35.103341,32.934722],[35.109053,32.933672],[35.11081,32.93404],[35.110456,32.928602],[35.112197,32.928615],[35.112188,32.927544],[35.110557,32.927482],[35.11054,32.924023],[35.108991,32.924018],[35.109,32.921531],[35.111129,32.92137],[35.112192,32.920024],[35.11119,32.920024],[35.111131,32.917681],[35.109987,32.917703],[35.109381,32.915485],[35.103501,32.914667],[35.095889,32.911763],[35.091013,32.906386],[35.090559,32.903011],[35.093559,32.896919],[35.095079,32.888037],[35.091351,32.88634],[35.077236,32.887642]]]},"properties":{"FID":184,"Muni_Heb":"עכו","Muni_Eng":"Ako (Acre)","Sug_Muni":"עירייה","CR_PNIM":"7600","CR_LAMAS":"7600","Machoz":"צפון","Hearot":"השכבה אינה סטטוטורית באופן מלא.","Eshkol_MPn":"אשכול רשויות גליל מערבי","Sign_Date":1622419200000,"Tikun1":null,"Tikun2":null,"Tikun3":null,"Tikun4":null,"Tikun5":null,"Tikun6":null,"Tikun7":null,"Tikun8":null,"Tikun9":null,"Tikun10":null,"Tikun11":null,"Tikun12":null,"Tikun13":null,"Tikun14":null,"Tikun15":null,"Precision_":"מקור וקטורי חתום","FIRST_Nafa":"עכו","LAST_Nafa2":" ","Shape_Leng":22746.80987,"Shape_Area":18094545.2114,"Shape__Area":25749585.088867188,"Shape__Length":27144.851818944975}},{"type":"Feature","id":185,"geometry":{"type":"Polygon","coordinates":[[[34.894523,32.319607],[34.896103,32.323662],[34.887599,32.323262],[34.876713,32.324088],[34.877932,32.327857],[34.871136,32.328355],[34.871731,32.331327],[34.874911,32.331907],[34.875027,32.334912],[34.873194,32.33532],[34.877254,32.34402],[34.862447,32.346076],[34.862713,32.347761],[34.862082,32.348038],[34.869152,32.352865],[34.867696,32.353444],[34.867006,32.355342],[34.870303,32.357754],[34.874393,32.356196],[34.878398,32.352412],[34.876961,32.354763],[34.872672,32.358327],[34.868451,32.360526],[34.867466,32.359799],[34.869582,32.358002],[34.867189,32.355918],[34.86435,32.357333],[34.857875,32.356489],[34.858558,32.354278],[34.857742,32.352238],[34.850725,32.35303],[34.860881,32.393724],[34.861034,32.402171],[34.864476,32.412379],[34.870498,32.41083],[34.870985,32.41127],[34.872796,32.410049],[34.880775,32.409504],[34.882726,32.408104],[34.915256,32.402968],[34.915886,32.40598],[34.9177,32.407702],[34.917473,32.409143],[34.918018,32.407959],[34.916807,32.406543],[34.919869,32.405878],[34.91952,32.403779],[34.921312,32.403339],[34.922974,32.403558],[34.924546,32.404854],[34.929554,32.404277],[34.932272,32.407546],[34.932986,32.409762],[34.947285,32.408895],[34.947491,32.40812],[34.960472,32.405583],[34.977955,32.403384],[34.978619,32.405458],[34.979649,32.405713],[34.981125,32.402459],[34.98306,32.400472],[34.992606,32.396293],[34.998048,32.391964],[35.003734,32.378503],[35.001656,32.367592],[35.001886,32.364546],[35.009617,32.36585],[35.010618,32.374213],[35.011905,32.374375],[35.011302,32.377149],[35.016166,32.377397],[35.014318,32.370924],[35.015447,32.358871],[35.020268,32.359236],[35.020723,32.357655],[35.019311,32.355251],[35.021074,32.355213],[35.025042,32.353018],[35.028588,32.346885],[35.035366,32.346842],[35.042059,32.350536],[35.042676,32.349785],[35.040959,32.345806],[35.038831,32.34598],[35.037753,32.344863],[35.036324,32.345872],[35.028571,32.346738],[35.027017,32.339965],[35.020773,32.340942],[35.016567,32.338663],[35.015696,32.311737],[34.984985,32.312181],[34.958943,32.314427],[34.947874,32.318345],[34.943798,32.322128],[34.941125,32.323526],[34.942716,32.326093],[34.943026,32.328528],[34.942212,32.329509],[34.941217,32.335612],[34.942809,32.342211],[34.940996,32.34271],[34.940209,32.338716],[34.936604,32.339132],[34.936686,32.335624],[34.93286,32.335568],[34.932242,32.334417],[34.931476,32.337134],[34.928796,32.337894],[34.930596,32.34142],[34.928351,32.341775],[34.927841,32.343007],[34.925475,32.343489],[34.924398,32.340373],[34.922866,32.341248],[34.921548,32.339636],[34.917213,32.339552],[34.91721,32.335191],[34.916239,32.335203],[34.916127,32.334073],[34.9129,32.335019],[34.911687,32.332759],[34.915195,32.331441],[34.913601,32.32752],[34.908564,32.328192],[34.907263,32.322995],[34.899142,32.323798],[34.898438,32.320889],[34.896617,32.32081],[34.895911,32.317675],[34.89421,32.318104],[34.894523,32.319607]]]},"properties":{"FID":185,"Muni_Heb":"עמק חפר","Muni_Eng":"Emek Hefer","Sug_Muni":"מועצה אזורית","CR_PNIM":"5516","CR_LAMAS":" ","Machoz":"מרכז","Hearot":"השכבה אינה סטטוטורית באופן מלא.","Eshkol_MPn":" ","Sign_Date":1652659200000,"Tikun1":null,"Tikun2":null,"Tikun3":null,"Tikun4":null,"Tikun5":null,"Tikun6":null,"Tikun7":null,"Tikun8":null,"Tikun9":null,"Tikun10":null,"Tikun11":null,"Tikun12":null,"Tikun13":null,"Tikun14":null,"Tikun15":null,"Precision_":"מקור וקטורי חתום","FIRST_Nafa":"השרון","LAST_Nafa2":" ","Shape_Leng":75450.8338515,"Shape_Area":130040407.754,"Shape__Area":182780065.07617188,"Shape__Length":89439.932106460823}},{"type":"Feature","id":186,"geometry":{"type":"Polygon","coordinates":[[[35.333827,32.87486],[35.339604,32.871982],[35.342961,32.872288],[35.343503,32.867822],[35.344473,32.867827],[35.344989,32.865285],[35.347095,32.865281],[35.34721,32.86403],[35.34848,32.863925],[35.347824,32.86309],[35.349504,32.863204],[35.349513,32.861539],[35.354499,32.860557],[35.354144,32.858953],[35.357713,32.857004],[35.357768,32.856328],[35.360923,32.856133],[35.361724,32.854951],[35.360891,32.853852],[35.361789,32.852697],[35.360833,32.85238],[35.360512,32.850349],[35.358524,32.848625],[35.360216,32.847242],[35.354286,32.847537],[35.354397,32.8468],[35.350678,32.846843],[35.347708,32.848375],[35.348376,32.84689],[35.345827,32.846409],[35.346134,32.845613],[35.348529,32.844925],[35.344582,32.844352],[35.344765,32.843498],[35.346699,32.843338],[35.347069,32.842294],[35.349201,32.841892],[35.346688,32.841237],[35.348654,32.840266],[35.342235,32.841156],[35.342925,32.839214],[35.339887,32.838811],[35.340124,32.836854],[35.336014,32.839542],[35.32982,32.840049],[35.328833,32.841501],[35.324874,32.842534],[35.323066,32.841786],[35.323221,32.844374],[35.326842,32.843883],[35.327457,32.845119],[35.32608,32.845214],[35.326049,32.846005],[35.324596,32.846882],[35.320651,32.847307],[35.321522,32.850009],[35.3194,32.851944],[35.319941,32.853017],[35.32248,32.853341],[35.323994,32.852563],[35.324588,32.853196],[35.321574,32.854654],[35.321418,32.856199],[35.323566,32.858479],[35.325352,32.859159],[35.326232,32.861697],[35.328387,32.863881],[35.336552,32.861292],[35.33675,32.864453],[35.334236,32.864814],[35.332085,32.866712],[35.334249,32.866578],[35.334696,32.871854],[35.333732,32.87305],[35.333827,32.87486]]]},"properties":{"FID":186,"Muni_Heb":"עראבה","Muni_Eng":"Ara'be","Sug_Muni":"עירייה","CR_PNIM":"0531","CR_LAMAS":"531","Machoz":"צפון","Hearot":"השכבה אינה סטטוטורית באופן מלא.","Eshkol_MPn":" ","Sign_Date":1530057600000,"Tikun1":null,"Tikun2":null,"Tikun3":null,"Tikun4":null,"Tikun5":null,"Tikun6":null,"Tikun7":null,"Tikun8":null,"Tikun9":null,"Tikun10":null,"Tikun11":null,"Tikun12":null,"Tikun13":null,"Tikun14":null,"Tikun15":null,"Precision_":"מקור וקטורי חתום","FIRST_Nafa":"עכו","LAST_Nafa2":" ","Shape_Leng":21069.100998,"Shape_Area":8398598.12243,"Shape__Area":11933893.559570313,"Shape__Length":25104.062749686735}},{"type":"Feature","id":187,"geometry":{"type":"Polygon","coordinates":[[[35.183944,31.205652],[35.169415,31.194623],[35.125986,31.194627],[35.126001,31.251976],[35.118496,31.251971],[35.123436,31.264756],[35.120966,31.271228],[35.115602,31.276838],[35.111748,31.278737],[35.110124,31.280929],[35.115726,31.284545],[35.124033,31.28719],[35.219955,31.298787],[35.226278,31.293811],[35.233808,31.298799],[35.240757,31.301899],[35.247237,31.303595],[35.248454,31.306727],[35.251062,31.310156],[35.253669,31.312691],[35.257491,31.314181],[35.284071,31.315658],[35.289979,31.316699],[35.309792,31.324738],[35.317437,31.325178],[35.329424,31.324123],[35.340539,31.321427],[35.343491,31.320082],[35.345225,31.318141],[35.347997,31.312918],[35.348167,31.310532],[35.347296,31.30919],[35.341042,31.308601],[35.327494,31.309211],[35.308729,31.305946],[35.299344,31.301032],[35.287699,31.291942],[35.280055,31.288964],[35.268588,31.282408],[35.262506,31.277191],[35.258431,31.272517],[35.259431,31.271949],[35.259055,31.270851],[35.256864,31.271397],[35.255794,31.269972],[35.25192,31.270682],[35.253014,31.268833],[35.25213,31.268168],[35.251513,31.268673],[35.252531,31.266576],[35.25168,31.266255],[35.251817,31.265079],[35.254491,31.264821],[35.254472,31.262134],[35.250476,31.264442],[35.249035,31.262848],[35.247095,31.263598],[35.246859,31.262354],[35.242152,31.263931],[35.244083,31.262153],[35.249613,31.260391],[35.24999,31.258965],[35.248294,31.258679],[35.247731,31.256909],[35.245618,31.25643],[35.247179,31.255777],[35.245346,31.254129],[35.24519,31.252678],[35.240478,31.253033],[35.24279,31.251776],[35.243213,31.249918],[35.236806,31.248664],[35.238213,31.246348],[35.238005,31.243085],[35.236614,31.243272],[35.235583,31.244643],[35.234774,31.243611],[35.233757,31.244966],[35.23151,31.244363],[35.231495,31.245471],[35.230204,31.245266],[35.230912,31.244585],[35.230151,31.244274],[35.233218,31.243238],[35.233482,31.242249],[35.235456,31.240989],[35.234717,31.23995],[35.232028,31.238964],[35.23047,31.239833],[35.228614,31.239104],[35.226426,31.240782],[35.228128,31.238791],[35.223831,31.235047],[35.183944,31.205652]],[[35.130347,31.284965],[35.131048,31.282252],[35.127132,31.256227],[35.137184,31.256189],[35.153799,31.275623],[35.152875,31.27604],[35.152617,31.284018],[35.130347,31.284965]]]},"properties":{"FID":187,"Muni_Heb":"ערד","Muni_Eng":"Arad","Sug_Muni":"עירייה","CR_PNIM":"2560","CR_LAMAS":"2560","Machoz":"דרום","Hearot":"השכבה אינה סטטוטורית באופן מלא.","Eshkol_MPn":"אשכול רשויות נגב מזרחי","Sign_Date":1414454400000,"Tikun1":null,"Tikun2":null,"Tikun3":null,"Tikun4":null,"Tikun5":null,"Tikun6":null,"Tikun7":null,"Tikun8":null,"Tikun9":null,"Tikun10":null,"Tikun11":null,"Tikun12":null,"Tikun13":null,"Tikun14":null,"Tikun15":null,"Precision_":"מקור וקטורי חתום","FIRST_Nafa":"באר שבע","LAST_Nafa2":" ","Shape_Leng":80488.1261474,"Shape_Area":126130977.954,"Shape__Area":173150682.58789063,"Shape__Length":94256.56107455329}},{"type":"Feature","id":188,"geometry":{"type":"Polygon","coordinates":[[[35.004282,31.174997],[35.016626,31.170393],[35.02947,31.170208],[35.029553,31.167312],[35.045214,31.167433],[35.048595,31.158341],[35.028354,31.140363],[34.994886,31.140215],[34.987533,31.147431],[35.000468,31.153691],[34.997661,31.159635],[35.003388,31.164563],[35.002787,31.167923],[35.004282,31.174997]]]},"properties":{"FID":188,"Muni_Heb":"ערערה בנגב","Muni_Eng":"Ar'ara Banegev","Sug_Muni":"מועצה מקומית","CR_PNIM":"1192","CR_LAMAS":"1192","Machoz":"דרום","Hearot":"השכבה אינה סטטוטורית באופן מלא.","Eshkol_MPn":"אשכול רשויות נגב מזרחי","Sign_Date":830649600000,"Tikun1":null,"Tikun2":null,"Tikun3":null,"Tikun4":null,"Tikun5":null,"Tikun6":null,"Tikun7":null,"Tikun8":null,"Tikun9":null,"Tikun10":null,"Tikun11":null,"Tikun12":null,"Tikun13":null,"Tikun14":null,"Tikun15":null,"Precision_":"מקור וקטורי חתום","FIRST_Nafa":"באר שבע","LAST_Nafa2":" ","Shape_Leng":16503.6402433,"Shape_Area":14026279.3338,"Shape__Area":19212190.526367188,"Shape__Length":19302.335307895341}},{"type":"Feature","id":189,"geometry":{"type":"Polygon","coordinates":[[[34.965562,32.604698],[34.966359,32.60465],[34.966233,32.603635],[34.970566,32.604034],[34.970606,32.602534],[34.966126,32.599564],[34.967003,32.599501],[34.965555,32.597459],[34.962474,32.595121],[34.9609,32.588663],[34.958762,32.586819],[34.958063,32.587394],[34.957565,32.586197],[34.955089,32.587833],[34.952857,32.591462],[34.948261,32.591672],[34.94573,32.590076],[34.939932,32.592407],[34.93999,32.593237],[34.936241,32.594868],[34.938219,32.605321],[34.940816,32.60419],[34.950115,32.604093],[34.951781,32.603306],[34.953462,32.610347],[34.95462,32.610202],[34.955271,32.605656],[34.956491,32.604152],[34.956571,32.601442],[34.958827,32.600581],[34.960527,32.603121],[34.964047,32.604884],[34.965562,32.604698]]]},"properties":{"FID":189,"Muni_Heb":"פוריידיס","Muni_Eng":"Furaydis","Sug_Muni":"מועצה מקומית","CR_PNIM":"0537","CR_LAMAS":"537","Machoz":"חיפה","Hearot":"השכבה אינה סטטוטורית באופן מלא.","Eshkol_MPn":" ","Sign_Date":1215993600000,"Tikun1":null,"Tikun2":null,"Tikun3":null,"Tikun4":null,"Tikun5":null,"Tikun6":null,"Tikun7":null,"Tikun8":null,"Tikun9":null,"Tikun10":null,"Tikun11":null,"Tikun12":null,"Tikun13":null,"Tikun14":null,"Tikun15":null,"Precision_":"מקור וקטורי חתום","FIRST_Nafa":"חדרה","LAST_Nafa2":" ","Shape_Leng":11785.4178069,"Shape_Area":4056897.77364,"Shape__Area":5731832.380859375,"Shape__Length":14010.760908850487}},{"type":"Feature","id":190,"geometry":{"type":"Polygon","coordinates":[[[35.283167,33.053857],[35.282362,33.057418],[35.293839,33.064308],[35.297839,33.066216],[35.302633,33.066355],[35.315297,33.069604],[35.317123,33.065076],[35.315849,33.062575],[35.316684,33.062376],[35.317338,33.060825],[35.323067,33.061363],[35.322892,33.058868],[35.327061,33.056783],[35.327336,33.053063],[35.329216,33.052229],[35.331381,33.049848],[35.329019,33.043707],[35.330424,33.043425],[35.328662,33.041791],[35.32836,33.039933],[35.325943,33.037795],[35.324548,33.038847],[35.32205,33.038378],[35.312826,33.040186],[35.313797,33.038549],[35.313214,33.037821],[35.31039,33.038328],[35.302292,33.036705],[35.299049,33.036834],[35.297255,33.038063],[35.295869,33.04166],[35.294794,33.041436],[35.294866,33.043034],[35.291629,33.044242],[35.291215,33.045613],[35.28536,33.044697],[35.285562,33.0463],[35.284432,33.048749],[35.285374,33.049811],[35.284779,33.05133],[35.285624,33.052525],[35.285077,33.053564],[35.283167,33.053857]]]},"properties":{"FID":190,"Muni_Heb":"פסוטה","Muni_Eng":"Fasuta","Sug_Muni":"מועצה מקומית","CR_PNIM":"0535","CR_LAMAS":"535","Machoz":"צפון","Hearot":"השכבה אינה סטטוטורית באופן מלא.","Eshkol_MPn":"אשכול רשויות גליל מערבי","Sign_Date":1336867200000,"Tikun1":null,"Tikun2":null,"Tikun3":null,"Tikun4":null,"Tikun5":null,"Tikun6":null,"Tikun7":null,"Tikun8":null,"Tikun9":null,"Tikun10":null,"Tikun11":null,"Tikun12":null,"Tikun13":null,"Tikun14":null,"Tikun15":null,"Precision_":"מקור וקטורי חתום","FIRST_Nafa":"עכו","LAST_Nafa2":" ","Shape_Leng":15695.7195664,"Shape_Area":11051863.6961,"Shape__Area":15773912.125,"Shape__Length":18744.414385094537}},{"type":"Feature","id":191,"geometry":{"type":"Polygon","coordinates":[[[35.313713,32.964726],[35.313169,32.967167],[35.314122,32.969045],[35.317426,32.973561],[35.319164,32.973593],[35.319446,32.974739],[35.320796,32.974422],[35.320491,32.977058],[35.321353,32.976633],[35.322287,32.977882],[35.324443,32.977578],[35.327881,32.978463],[35.328524,32.980483],[35.327679,32.982914],[35.324828,32.985486],[35.324971,32.986539],[35.323361,32.988732],[35.31557,32.992693],[35.313852,32.99159],[35.313326,32.98945],[35.311679,32.988824],[35.311963,32.987564],[35.310884,32.987187],[35.309105,32.98852],[35.303879,32.989414],[35.302984,32.991365],[35.303909,32.995611],[35.310865,32.994263],[35.312688,32.995042],[35.311542,32.996583],[35.312778,32.996892],[35.314334,32.995361],[35.313083,32.994518],[35.314058,32.993701],[35.323476,32.990004],[35.324658,32.9872],[35.327755,32.984576],[35.328642,32.985025],[35.330453,32.982638],[35.331006,32.98346],[35.332999,32.980835],[35.337023,32.980436],[35.336992,32.978782],[35.339251,32.976156],[35.339552,32.974338],[35.341803,32.972787],[35.341992,32.970394],[35.344394,32.967004],[35.343814,32.966363],[35.342497,32.967036],[35.341631,32.966435],[35.342907,32.962283],[35.341099,32.960864],[35.338224,32.960946],[35.337886,32.959626],[35.338892,32.95938],[35.337982,32.958263],[35.333545,32.960105],[35.329739,32.959522],[35.323999,32.960399],[35.323588,32.962263],[35.3179,32.962971],[35.317371,32.963777],[35.313713,32.964726]]]},"properties":{"FID":191,"Muni_Heb":"פקיעין (בוקייעה)","Muni_Eng":"Pki'in (Buke'a)","Sug_Muni":"מועצה מקומית","CR_PNIM":"0536","CR_LAMAS":"536","Machoz":"צפון","Hearot":"השכבה אינה סטטוטורית באופן מלא.","Eshkol_MPn":" ","Sign_Date":1656288000000,"Tikun1":null,"Tikun2":null,"Tikun3":null,"Tikun4":null,"Tikun5":null,"Tikun6":null,"Tikun7":null,"Tikun8":null,"Tikun9":null,"Tikun10":null,"Tikun11":null,"Tikun12":null,"Tikun13":null,"Tikun14":null,"Tikun15":null,"Precision_":"מקור וקטורי חתום","FIRST_Nafa":"עכו","LAST_Nafa2":" ","Shape_Leng":19262.4547944,"Shape_Area":5650133.33248,"Shape__Area":8049909.173828125,"Shape__Length":22991.04937354691}},{"type":"Feature","id":192,"geometry":{"type":"Polygon","coordinates":[[[34.952374,32.500002],[34.967612,32.502552],[34.967761,32.504542],[34.969457,32.505091],[34.972598,32.504512],[34.973824,32.502791],[34.976068,32.502716],[34.975842,32.501069],[34.979278,32.500381],[34.979712,32.498737],[34.985697,32.497523],[34.985222,32.496424],[34.985996,32.496433],[34.986724,32.494932],[34.983528,32.494786],[34.983692,32.49253],[34.980408,32.492849],[34.977575,32.487707],[34.978359,32.487208],[34.979379,32.488949],[34.981357,32.488116],[34.979932,32.485702],[34.97789,32.487306],[34.976779,32.485908],[34.979631,32.482631],[34.979989,32.483656],[34.982166,32.48357],[34.98245,32.485111],[34.987592,32.484671],[34.988167,32.488896],[34.992118,32.488557],[34.99303,32.494129],[34.996068,32.494201],[34.995633,32.491525],[35.001191,32.490866],[35.000585,32.486398],[34.998436,32.486523],[34.998609,32.488819],[34.993143,32.489439],[34.995073,32.483762],[34.994793,32.482335],[34.99741,32.478708],[35.009844,32.480107],[35.009538,32.477248],[35.014894,32.475936],[35.009939,32.469968],[34.997507,32.469121],[34.996141,32.468125],[34.997175,32.467325],[34.994143,32.464903],[34.991987,32.466338],[34.988435,32.46309],[34.990917,32.459564],[34.988961,32.458022],[34.990619,32.455894],[34.98897,32.454905],[34.977693,32.44892],[34.974173,32.448476],[34.973751,32.45096],[34.971784,32.450735],[34.971845,32.445438],[34.969642,32.444593],[34.968491,32.446742],[34.966573,32.44602],[34.962344,32.446286],[34.960706,32.447125],[34.962423,32.452127],[34.959873,32.452185],[34.963453,32.457579],[34.962589,32.458737],[34.943775,32.458676],[34.941902,32.460315],[34.942568,32.464143],[34.951524,32.475984],[34.947624,32.477319],[34.947839,32.479309],[34.951614,32.484025],[34.953433,32.483453],[34.954029,32.485377],[34.953197,32.487085],[34.953349,32.491158],[34.952373,32.492768],[34.953137,32.493139],[34.952374,32.500002]]]},"properties":{"FID":192,"Muni_Heb":"פרדס חנה - כרכור","Muni_Eng":"Pardes Hana - Karkur","Sug_Muni":"מועצה מקומית","CR_PNIM":"7800","CR_LAMAS":"7800","Machoz":"חיפה","Hearot":"השכבה אינה סטטוטורית באופן מלא.","Eshkol_MPn":" ","Sign_Date":1245024000000,"Tikun1":null,"Tikun2":null,"Tikun3":null,"Tikun4":null,"Tikun5":null,"Tikun6":null,"Tikun7":null,"Tikun8":null,"Tikun9":null,"Tikun10":null,"Tikun11":null,"Tikun12":null,"Tikun13":null,"Tikun14":null,"Tikun15":null,"Precision_":"מקור וקטורי חתום","FIRST_Nafa":"חדרה","LAST_Nafa2":" ","Shape_Leng":34236.384475,"Shape_Area":22842815.0137,"Shape__Area":32186417.540039063,"Shape__Length":40634.393223434512}},{"type":"Feature","id":193,"geometry":{"type":"Polygon","coordinates":[[[34.901667,32.308334],[34.902203,32.311149],[34.905155,32.311634],[34.905445,32.313445],[34.910041,32.313346],[34.910542,32.314154],[34.914394,32.313187],[34.914566,32.308231],[34.916666,32.308126],[34.915427,32.30425],[34.91798,32.303015],[34.916535,32.301729],[34.914973,32.301612],[34.904275,32.3039],[34.900703,32.303298],[34.901667,32.308334]]]},"properties":{"FID":193,"Muni_Heb":"פרדסיה","Muni_Eng":"Pardesiya","Sug_Muni":"מועצה מקומית","CR_PNIM":"0171","CR_LAMAS":"171","Machoz":"מרכז","Hearot":"השכבה אינה סטטוטורית באופן מלא.","Eshkol_MPn":" ","Sign_Date":1231718400000,"Tikun1":null,"Tikun2":null,"Tikun3":null,"Tikun4":null,"Tikun5":null,"Tikun6":null,"Tikun7":null,"Tikun8":null,"Tikun9":null,"Tikun10":null,"Tikun11":null,"Tikun12":null,"Tikun13":null,"Tikun14":null,"Tikun15":null,"Precision_":"מקור וקטורי חתום","FIRST_Nafa":"השרון","LAST_Nafa2":" ","Shape_Leng":5590.90573729,"Shape_Area":1473846.58065,"Shape__Area":2069084.822265625,"Shape__Length":6622.7786213537338}},{"type":"Feature","id":194,"geometry":{"type":"Polygon","coordinates":[[[34.85922,32.068853],[34.85999,32.069379],[34.860305,32.080246],[34.855233,32.080135],[34.856298,32.085932],[34.848104,32.086818],[34.848803,32.087613],[34.847843,32.088188],[34.84806,32.089521],[34.84581,32.090241],[34.846093,32.096152],[34.850721,32.113592],[34.857562,32.114813],[34.857808,32.111923],[34.860955,32.112448],[34.861001,32.113446],[34.862438,32.113932],[34.862579,32.115625],[34.861702,32.11633],[34.863033,32.117118],[34.864742,32.116785],[34.867947,32.121531],[34.865546,32.122218],[34.865857,32.123397],[34.867587,32.123199],[34.869504,32.121277],[34.870186,32.12248],[34.868999,32.124294],[34.871563,32.126268],[34.874316,32.122382],[34.873567,32.121763],[34.874552,32.120086],[34.875615,32.120768],[34.87468,32.121613],[34.877049,32.122432],[34.876121,32.124398],[34.877618,32.123656],[34.87856,32.124969],[34.879866,32.125151],[34.880341,32.12714],[34.882006,32.126838],[34.881044,32.126535],[34.881163,32.125856],[34.886257,32.124758],[34.889166,32.122832],[34.89071,32.123309],[34.891791,32.122652],[34.8927,32.11714],[34.893698,32.117283],[34.89311,32.12275],[34.899208,32.122177],[34.899564,32.122747],[34.900651,32.122116],[34.900754,32.123534],[34.902962,32.123898],[34.903198,32.124902],[34.905815,32.124427],[34.906922,32.122923],[34.907236,32.124116],[34.908569,32.124255],[34.907608,32.126308],[34.909036,32.126923],[34.909724,32.125836],[34.911778,32.126962],[34.911648,32.125667],[34.912749,32.125326],[34.913727,32.123019],[34.912434,32.122479],[34.912427,32.121562],[34.911015,32.121283],[34.912179,32.120728],[34.911198,32.119622],[34.912095,32.119921],[34.913432,32.118547],[34.91479,32.118905],[34.914299,32.11782],[34.914895,32.117335],[34.913053,32.116673],[34.91349,32.115509],[34.914661,32.114431],[34.916375,32.114548],[34.918097,32.112709],[34.917672,32.111818],[34.919033,32.111009],[34.907997,32.111181],[34.907795,32.107804],[34.904116,32.107149],[34.907333,32.104297],[34.908413,32.100437],[34.909336,32.100474],[34.911169,32.098395],[34.910419,32.098206],[34.911107,32.097286],[34.910681,32.096826],[34.91667,32.095081],[34.919355,32.092849],[34.919697,32.091475],[34.922084,32.090929],[34.922211,32.088941],[34.921499,32.088909],[34.921281,32.087025],[34.924006,32.08579],[34.925763,32.088563],[34.929101,32.085329],[34.927468,32.084439],[34.926594,32.080958],[34.920577,32.082894],[34.918819,32.075693],[34.915086,32.077376],[34.914748,32.073712],[34.919846,32.072065],[34.920543,32.067843],[34.903173,32.0666],[34.899371,32.067518],[34.900804,32.054128],[34.896903,32.054527],[34.896915,32.056951],[34.893823,32.056898],[34.894944,32.06765],[34.893262,32.069022],[34.884946,32.070721],[34.868452,32.071158],[34.85922,32.068853]]]},"properties":{"FID":194,"Muni_Heb":"פתח תקווה","Muni_Eng":"Petah Tikva","Sug_Muni":"עירייה","CR_PNIM":"7900","CR_LAMAS":"7900","Machoz":"מרכז","Hearot":"השכבה אינה סטטוטורית באופן מלא.","Eshkol_MPn":" ","Sign_Date":1668470400000,"Tikun1":null,"Tikun2":null,"Tikun3":null,"Tikun4":null,"Tikun5":null,"Tikun6":null,"Tikun7":null,"Tikun8":null,"Tikun9":null,"Tikun10":null,"Tikun11":null,"Tikun12":null,"Tikun13":null,"Tikun14":null,"Tikun15":null,"Precision_":"מקור וקטורי חתום","FIRST_Nafa":"פתח תקווה","LAST_Nafa2":" ","Shape_Leng":42511.1102009,"Shape_Area":35861646.0305,"Shape__Area":50111983.157226563,"Shape__Length":50256.595015376915}},{"type":"Feature","id":195,"geometry":{"type":"Polygon","coordinates":[[[35.529797,32.977028],[35.530399,32.97488],[35.525766,32.974151],[35.522502,32.974968],[35.521721,32.97353],[35.526168,32.969884],[35.529847,32.96955],[35.531897,32.968157],[35.533067,32.966494],[35.532633,32.964244],[35.53703,32.963836],[35.534803,32.959008],[35.53527,32.956223],[35.531786,32.943535],[35.530291,32.941008],[35.536517,32.940487],[35.537619,32.938813],[35.537952,32.93561],[35.536725,32.931698],[35.533499,32.928951],[35.530783,32.930105],[35.51333,32.930361],[35.508971,32.929533],[35.502525,32.929849],[35.499983,32.927735],[35.500689,32.930474],[35.498473,32.930169],[35.497621,32.928577],[35.495191,32.927499],[35.493711,32.927752],[35.492687,32.930535],[35.490936,32.929938],[35.489289,32.930827],[35.485859,32.931019],[35.486159,32.931927],[35.484972,32.932737],[35.481674,32.932552],[35.480115,32.931454],[35.479121,32.933715],[35.479311,32.935881],[35.477986,32.93776],[35.478609,32.939672],[35.47865,32.94956],[35.479979,32.951402],[35.481305,32.950849],[35.482044,32.951507],[35.482567,32.953618],[35.484045,32.954996],[35.479686,32.960611],[35.479352,32.96381],[35.477071,32.9633],[35.475641,32.966214],[35.464359,32.965639],[35.459617,32.967223],[35.46205,32.973955],[35.4642,32.97656],[35.458596,32.976298],[35.455589,32.978548],[35.455392,32.979566],[35.456688,32.983518],[35.458216,32.983983],[35.471455,32.980047],[35.472544,32.971823],[35.475144,32.969931],[35.479827,32.971167],[35.481859,32.973293],[35.482813,32.972712],[35.486879,32.972927],[35.492841,32.975542],[35.493836,32.975001],[35.496592,32.978252],[35.497183,32.976836],[35.49661,32.975996],[35.497924,32.975098],[35.499015,32.975434],[35.500622,32.974589],[35.502661,32.976219],[35.503921,32.976043],[35.504967,32.980937],[35.507967,32.984616],[35.508189,32.987484],[35.514391,32.98877],[35.518357,32.988465],[35.519523,32.986499],[35.523939,32.9836],[35.522572,32.983746],[35.525785,32.980573],[35.525053,32.980046],[35.529013,32.978848],[35.529797,32.977028]]]},"properties":{"FID":195,"Muni_Heb":"צפת","Muni_Eng":"Tsefat","Sug_Muni":"עירייה","CR_PNIM":"8000","CR_LAMAS":"8000","Machoz":"צפון","Hearot":"השכבה אינה סטטוטורית באופן מלא.","Eshkol_MPn":"אשכול רשויות גליל מזרחי","Sign_Date":1336867200000,"Tikun1":null,"Tikun2":null,"Tikun3":null,"Tikun4":null,"Tikun5":null,"Tikun6":null,"Tikun7":null,"Tikun8":null,"Tikun9":null,"Tikun10":null,"Tikun11":null,"Tikun12":null,"Tikun13":null,"Tikun14":null,"Tikun15":null,"Precision_":"מקור וקטורי חתום","FIRST_Nafa":"צפת","LAST_Nafa2":" ","Shape_Leng":34405.9421906,"Shape_Area":29938776.506,"Shape__Area":42637785.793945313,"Shape__Length":41058.656329912919}},{"type":"Feature","id":196,"geometry":{"type":"Polygon","coordinates":[[[34.910105,32.266233],[34.894749,32.268225],[34.893615,32.266713],[34.896631,32.284048],[34.891772,32.282467],[34.889322,32.284101],[34.891201,32.299131],[34.897797,32.299017],[34.897898,32.296966],[34.899244,32.297019],[34.899398,32.297832],[34.900955,32.297514],[34.900885,32.294394],[34.91147,32.293497],[34.911599,32.289211],[34.915972,32.289398],[34.924889,32.291955],[34.925108,32.294147],[34.935465,32.291504],[34.934809,32.299028],[34.939115,32.296442],[34.938483,32.290734],[34.940561,32.291713],[34.944121,32.290796],[34.944325,32.289583],[34.951366,32.291016],[34.953448,32.290495],[34.953446,32.289478],[34.951214,32.288514],[34.950102,32.286411],[34.948224,32.286021],[34.94747,32.284669],[34.945623,32.283872],[34.942494,32.284461],[34.941839,32.284879],[34.94243,32.28542],[34.941695,32.285422],[34.93414,32.284662],[34.932339,32.285157],[34.932294,32.283804],[34.927886,32.283707],[34.92534,32.280545],[34.926696,32.279062],[34.92619,32.277543],[34.92528,32.278873],[34.923966,32.277279],[34.919195,32.277566],[34.91918,32.273857],[34.922827,32.273422],[34.921787,32.268796],[34.9189,32.265504],[34.910105,32.266233]]]},"properties":{"FID":196,"Muni_Heb":"קדימה - צורן","Muni_Eng":"Kadima - Tsoran","Sug_Muni":"מועצה מקומית","CR_PNIM":"0195","CR_LAMAS":"195","Machoz":"מרכז","Hearot":"השכבה אינה סטטוטורית באופן מלא.","Eshkol_MPn":"אשכול רשויות השרון","Sign_Date":1643241600000,"Tikun1":null,"Tikun2":null,"Tikun3":null,"Tikun4":null,"Tikun5":null,"Tikun6":null,"Tikun7":null,"Tikun8":null,"Tikun9":null,"Tikun10":null,"Tikun11":null,"Tikun12":null,"Tikun13":null,"Tikun14":null,"Tikun15":null,"Precision_":"מקור וקטורי חתום","FIRST_Nafa":"השרון","LAST_Nafa2":" ","Shape_Leng":23394.9694827,"Shape_Area":10845292.5854,"Shape__Area":15217151.076171875,"Shape__Length":27708.325433351849}},{"type":"Feature","id":197,"geometry":{"type":"Polygon","coordinates":[[[34.966636,32.28247],[34.96658,32.283597],[34.95727,32.284938],[34.958728,32.287556],[34.957891,32.287564],[34.958145,32.288897],[34.959489,32.288976],[34.960125,32.295057],[34.961647,32.294819],[34.96302,32.296292],[34.96647,32.305192],[34.967252,32.305137],[34.966477,32.306037],[34.967117,32.308952],[34.972342,32.308749],[34.977903,32.304291],[34.982276,32.304274],[34.982312,32.305207],[34.986008,32.30468],[34.985836,32.303573],[34.996624,32.301746],[34.998593,32.300628],[34.99339,32.297265],[34.994353,32.297319],[34.99466,32.295357],[34.994423,32.294396],[34.993116,32.2938],[34.991383,32.283739],[34.989799,32.283646],[34.989823,32.280957],[34.990753,32.280547],[34.984551,32.280695],[34.98495,32.280091],[34.981705,32.279972],[34.982655,32.278041],[34.975016,32.277203],[34.970207,32.278014],[34.970204,32.279107],[34.967625,32.278869],[34.966636,32.28247]]]},"properties":{"FID":197,"Muni_Heb":"קלנסווה","Muni_Eng":"Kalanswa","Sug_Muni":"עירייה","CR_PNIM":"0638","CR_LAMAS":"638","Machoz":"מרכז","Hearot":"השכבה אינה סטטוטורית באופן מלא.","Eshkol_MPn":"אשכול רשויות השרון","Sign_Date":1608508800000,"Tikun1":null,"Tikun2":null,"Tikun3":null,"Tikun4":null,"Tikun5":null,"Tikun6":null,"Tikun7":null,"Tikun8":null,"Tikun9":null,"Tikun10":null,"Tikun11":null,"Tikun12":null,"Tikun13":null,"Tikun14":null,"Tikun15":null,"Precision_":"מקור וקטורי חתום","FIRST_Nafa":"השרון","LAST_Nafa2":" ","Shape_Leng":14289.492226,"Shape_Area":8365664.62974,"Shape__Area":11740484.450195313,"Shape__Length":16924.104186214903}},{"type":"Feature","id":198,"geometry":{"type":"Polygon","coordinates":[[[35.683872,33.0035],[35.686288,33.006299],[35.691121,33.007438],[35.694781,33.006871],[35.699489,33.003535],[35.703675,33.002981],[35.70918,33.003585],[35.714391,33.00211],[35.716513,33.000409],[35.718319,32.996602],[35.718403,32.9881],[35.715902,32.985291],[35.714226,32.98496],[35.712871,32.983436],[35.708777,32.982446],[35.703077,32.978376],[35.698837,32.976493],[35.696977,32.977043],[35.694721,32.97651],[35.691203,32.974717],[35.685044,32.976789],[35.68654,32.981594],[35.685413,32.981789],[35.680818,32.97918],[35.671593,32.982092],[35.67164,32.991014],[35.676763,32.995885],[35.677108,32.99702],[35.680048,32.998058],[35.683872,33.0035]]]},"properties":{"FID":198,"Muni_Heb":"קצרין","Muni_Eng":"Katserin","Sug_Muni":"מועצה מקומית","CR_PNIM":"4100","CR_LAMAS":"4100","Machoz":"צפון","Hearot":"השכבה אינה סטטוטורית באופן מלא.","Eshkol_MPn":"אשכול רשויות גליל מזרחי","Sign_Date":1533081600000,"Tikun1":null,"Tikun2":null,"Tikun3":null,"Tikun4":null,"Tikun5":null,"Tikun6":null,"Tikun7":null,"Tikun8":null,"Tikun9":null,"Tikun10":null,"Tikun11":null,"Tikun12":null,"Tikun13":null,"Tikun14":null,"Tikun15":null,"Precision_":"מקור וקטורי חתום","FIRST_Nafa":"רמת הגולן","LAST_Nafa2":" ","Shape_Leng":13717.7528939,"Shape_Area":10889345.4504,"Shape__Area":15519960.44140625,"Shape__Length":16372.264749101521}},{"type":"Feature","id":199,"geometry":{"type":"Polygon","coordinates":[[[35.083677,32.822933],[35.082747,32.821633],[35.084577,32.820696],[35.080441,32.815819],[35.087174,32.815022],[35.086837,32.813294],[35.087481,32.813199],[35.087808,32.814914],[35.089589,32.814553],[35.085855,32.811965],[35.077799,32.811011],[35.076418,32.812159],[35.075293,32.811231],[35.073639,32.814048],[35.079049,32.818834],[35.080567,32.8294],[35.093508,32.849523],[35.096584,32.873652],[35.098662,32.873744],[35.100683,32.872211],[35.103432,32.866702],[35.103714,32.864048],[35.102832,32.860794],[35.106312,32.860684],[35.10606,32.852583],[35.109904,32.850309],[35.10966,32.84887],[35.10677,32.846698],[35.106852,32.844975],[35.114385,32.840687],[35.109648,32.835067],[35.110609,32.834647],[35.111847,32.831345],[35.107161,32.833637],[35.104767,32.831249],[35.101899,32.830269],[35.098322,32.832093],[35.095609,32.828584],[35.093572,32.823667],[35.083271,32.827371],[35.082848,32.824096],[35.084063,32.823474],[35.083677,32.822933]]]},"properties":{"FID":199,"Muni_Heb":"קרית ביאליק","Muni_Eng":"Kiryat Biyalik","Sug_Muni":"עירייה","CR_PNIM":"9500","CR_LAMAS":"9500","Machoz":"חיפה","Hearot":"השכבה אינה סטטוטורית באופן מלא.","Eshkol_MPn":"אשכול רשויות המפרץ","Sign_Date":1644969600000,"Tikun1":null,"Tikun2":null,"Tikun3":null,"Tikun4":null,"Tikun5":null,"Tikun6":null,"Tikun7":null,"Tikun8":null,"Tikun9":null,"Tikun10":null,"Tikun11":null,"Tikun12":null,"Tikun13":null,"Tikun14":null,"Tikun15":null,"Precision_":"מקור וקטורי חתום","FIRST_Nafa":"חיפה","LAST_Nafa2":" ","Shape_Leng":22169.8784965,"Shape_Area":8476586.3639,"Shape__Area":12041298.576171875,"Shape__Length":26438.206954419049}},{"type":"Feature","id":200,"geometry":{"type":"Polygon","coordinates":[[[35.110833,32.689066],[35.110089,32.688662],[35.11147,32.687523],[35.110232,32.685775],[35.107927,32.685076],[35.108241,32.684605],[35.10591,32.684466],[35.096488,32.725437],[35.10556,32.721948],[35.10716,32.719997],[35.106328,32.717137],[35.106631,32.716365],[35.108452,32.715913],[35.108625,32.715079],[35.105843,32.714181],[35.104872,32.712202],[35.105437,32.711593],[35.107693,32.710697],[35.112641,32.711193],[35.11365,32.71318],[35.116736,32.714508],[35.114302,32.717043],[35.116016,32.721364],[35.117839,32.719661],[35.11898,32.720168],[35.119799,32.724062],[35.122903,32.726401],[35.132813,32.726603],[35.13815,32.727943],[35.139733,32.729181],[35.139606,32.733137],[35.142787,32.732526],[35.144514,32.733923],[35.144575,32.734743],[35.142725,32.73518],[35.143533,32.736478],[35.145846,32.737821],[35.145195,32.738219],[35.14687,32.740416],[35.148761,32.740147],[35.150014,32.738734],[35.14832,32.737593],[35.14586,32.7374],[35.149644,32.736968],[35.149844,32.735445],[35.147327,32.733317],[35.148242,32.731645],[35.15057,32.732235],[35.150513,32.729134],[35.147001,32.727823],[35.145563,32.728331],[35.144415,32.726674],[35.144101,32.724222],[35.135652,32.721016],[35.136764,32.719831],[35.134873,32.718874],[35.134052,32.719474],[35.131702,32.718269],[35.131544,32.710843],[35.133442,32.707717],[35.135935,32.707526],[35.134136,32.702711],[35.133158,32.701454],[35.130777,32.703396],[35.127963,32.703201],[35.122297,32.701348],[35.121313,32.701584],[35.119745,32.703794],[35.114859,32.704042],[35.113996,32.704989],[35.110482,32.702278],[35.112779,32.700373],[35.111794,32.697984],[35.109587,32.696874],[35.111606,32.691986],[35.110833,32.689066]]]},"properties":{"FID":200,"Muni_Heb":"קרית טבעון","Muni_Eng":"Kiryat Tiv'on","Sug_Muni":"מועצה מקומית","CR_PNIM":"2300","CR_LAMAS":"2300","Machoz":"חיפה","Hearot":"השכבה אינה סטטוטורית באופן מלא.","Eshkol_MPn":" ","Sign_Date":1622419200000,"Tikun1":null,"Tikun2":null,"Tikun3":null,"Tikun4":null,"Tikun5":null,"Tikun6":null,"Tikun7":null,"Tikun8":null,"Tikun9":null,"Tikun10":null,"Tikun11":null,"Tikun12":null,"Tikun13":null,"Tikun14":null,"Tikun15":null,"Precision_":"מקור וקטורי חתום","FIRST_Nafa":"חיפה","LAST_Nafa2":" ","Shape_Leng":27417.3422008,"Shape_Area":9260229.36521,"Shape__Area":13117044.999023438,"Shape__Length":32640.260586231427}},{"type":"Feature","id":201,"geometry":{"type":"Polygon","coordinates":[[[35.077236,32.887642],[35.087804,32.886703],[35.091012,32.878775],[35.090318,32.873641],[35.095314,32.873798],[35.094705,32.869289],[35.096057,32.869314],[35.094875,32.858768],[35.09498,32.860498],[35.091548,32.859219],[35.089518,32.860158],[35.07549,32.840515],[35.070745,32.842681],[35.069495,32.842332],[35.064632,32.834506],[35.05218,32.842538],[35.056274,32.84789],[35.063111,32.86328],[35.068003,32.861726],[35.077236,32.887642]]]},"properties":{"FID":201,"Muni_Heb":"קרית ים","Muni_Eng":"Kityat Yam","Sug_Muni":"עירייה","CR_PNIM":"9600","CR_LAMAS":"9600","Machoz":"חיפה","Hearot":"השכבה אינה סטטוטורית באופן מלא.","Eshkol_MPn":"אשכול רשויות המפרץ","Sign_Date":1529366400000,"Tikun1":null,"Tikun2":null,"Tikun3":null,"Tikun4":null,"Tikun5":null,"Tikun6":null,"Tikun7":null,"Tikun8":null,"Tikun9":null,"Tikun10":null,"Tikun11":null,"Tikun12":null,"Tikun13":null,"Tikun14":null,"Tikun15":null,"Precision_":"מקור וקטורי חתום","FIRST_Nafa":"חיפה","LAST_Nafa2":" ","Shape_Leng":17267.2000798,"Shape_Area":11338843.4237,"Shape__Area":16114303.809570313,"Shape__Length":20601.640892974705}},{"type":"Feature","id":202,"geometry":{"type":"Polygon","coordinates":[[[34.814518,31.866359],[34.81935,31.871001],[34.819587,31.86954],[34.821296,31.86825],[34.825702,31.867736],[34.829637,31.866169],[34.831296,31.866147],[34.830982,31.866723],[34.833253,31.867528],[34.837241,31.866431],[34.838088,31.862097],[34.837594,31.861114],[34.832822,31.860956],[34.830633,31.859626],[34.82842,31.852709],[34.829723,31.852449],[34.82884,31.852129],[34.818271,31.85675],[34.816062,31.858695],[34.80709,31.859736],[34.81264,31.863951],[34.814518,31.866359]]]},"properties":{"FID":202,"Muni_Heb":"קרית עקרון","Muni_Eng":"Kiryat Ekron","Sug_Muni":"מועצה מקומית","CR_PNIM":"0469","CR_LAMAS":"469","Machoz":"מרכז","Hearot":"השכבה אינה סטטוטורית באופן מלא.","Eshkol_MPn":"אשכול רשויות שורק דרומי","Sign_Date":1635120000000,"Tikun1":null,"Tikun2":null,"Tikun3":null,"Tikun4":null,"Tikun5":null,"Tikun6":null,"Tikun7":null,"Tikun8":null,"Tikun9":null,"Tikun10":null,"Tikun11":null,"Tikun12":null,"Tikun13":null,"Tikun14":null,"Tikun15":null,"Precision_":"מקור וקטורי חתום","FIRST_Nafa":"רחובות","LAST_Nafa2":" ","Shape_Leng":8783.12987823,"Shape_Area":2809181.35642,"Shape__Area":3905760.3017578125,"Shape__Length":10351.190137233883}},{"type":"Feature","id":203,"geometry":{"type":"Polygon","coordinates":[[[35.603413,33.227342],[35.60232,33.225131],[35.591493,33.225156],[35.596252,33.222514],[35.597405,33.218232],[35.60003,33.221252],[35.602963,33.219636],[35.588532,33.203089],[35.586205,33.197929],[35.579617,33.199278],[35.577279,33.19389],[35.576931,33.195632],[35.576007,33.19561],[35.575908,33.194675],[35.572931,33.195176],[35.573088,33.196217],[35.571864,33.196342],[35.571797,33.19584],[35.570401,33.196343],[35.57029,33.195501],[35.568754,33.194871],[35.565598,33.195716],[35.559501,33.19068],[35.554726,33.192724],[35.550035,33.192924],[35.549593,33.198979],[35.550772,33.202562],[35.549931,33.204635],[35.556539,33.206732],[35.55493,33.209327],[35.553936,33.213313],[35.554883,33.213982],[35.554937,33.215278],[35.555839,33.215084],[35.554889,33.21862],[35.555757,33.219044],[35.555502,33.222957],[35.556198,33.224934],[35.55894,33.227225],[35.561954,33.232172],[35.562418,33.232436],[35.5662,33.228425],[35.569235,33.229894],[35.572005,33.230222],[35.574141,33.227807],[35.57409,33.22624],[35.576958,33.224894],[35.578312,33.229419],[35.580014,33.227723],[35.580074,33.226632],[35.586473,33.230215],[35.602242,33.229867],[35.603413,33.227342]]]},"properties":{"FID":203,"Muni_Heb":"קרית שמונה","Muni_Eng":"Kiryat Shemona","Sug_Muni":"עירייה","CR_PNIM":"2800","CR_LAMAS":"2800","Machoz":"צפון","Hearot":"השכבה אינה סטטוטורית באופן מלא.","Eshkol_MPn":"אשכול רשויות גליל מזרחי","Sign_Date":1346025600000,"Tikun1":null,"Tikun2":null,"Tikun3":null,"Tikun4":null,"Tikun5":null,"Tikun6":null,"Tikun7":null,"Tikun8":null,"Tikun9":null,"Tikun10":null,"Tikun11":null,"Tikun12":null,"Tikun13":null,"Tikun14":null,"Tikun15":null,"Precision_":"מקור וקטורי חתום","FIRST_Nafa":"צפת","LAST_Nafa2":" ","Shape_Leng":21888.3357439,"Shape_Area":14382708.2046,"Shape__Area":20601902.830078125,"Shape__Length":26198.903850332623}},{"type":"Feature","id":204,"geometry":{"type":"Polygon","coordinates":[[[35.388769,32.924196],[35.385342,32.925171],[35.384961,32.924173],[35.38303,32.923905],[35.383528,32.922481],[35.380021,32.922634],[35.379144,32.920056],[35.378307,32.919783],[35.376953,32.92016],[35.376887,32.921013],[35.378228,32.921718],[35.374587,32.92184],[35.374415,32.922605],[35.368837,32.921338],[35.368395,32.922237],[35.365485,32.921971],[35.365423,32.923058],[35.364062,32.923545],[35.364353,32.924958],[35.363262,32.925215],[35.358124,32.923711],[35.355898,32.92436],[35.355457,32.924937],[35.356142,32.926641],[35.35427,32.928698],[35.360368,32.931412],[35.361776,32.934653],[35.361569,32.936023],[35.360174,32.936421],[35.355594,32.936353],[35.356591,32.937429],[35.35476,32.938831],[35.355682,32.941143],[35.354422,32.944204],[35.35802,32.943367],[35.359557,32.944098],[35.359288,32.944787],[35.362029,32.945316],[35.362408,32.946348],[35.365237,32.946293],[35.367227,32.947575],[35.371058,32.94443],[35.370949,32.943293],[35.372605,32.942233],[35.372092,32.941295],[35.374586,32.940042],[35.378135,32.941469],[35.381873,32.94054],[35.382904,32.939248],[35.386081,32.939331],[35.388211,32.939944],[35.388172,32.94117],[35.390886,32.941093],[35.391684,32.938977],[35.386726,32.936366],[35.388036,32.934565],[35.386331,32.933072],[35.387464,32.932652],[35.386416,32.931179],[35.389684,32.928723],[35.389372,32.924143],[35.388769,32.924196]]]},"properties":{"FID":204,"Muni_Heb":"ראמה","Muni_Eng":"Ra'me","Sug_Muni":"מועצה מקומית","CR_PNIM":"0543","CR_LAMAS":"543","Machoz":"צפון","Hearot":"השכבה אינה סטטוטורית באופן מלא.","Eshkol_MPn":"אשכול רשויות בית הכרם הגלילי","Sign_Date":1520121600000,"Tikun1":null,"Tikun2":null,"Tikun3":null,"Tikun4":null,"Tikun5":null,"Tikun6":null,"Tikun7":null,"Tikun8":null,"Tikun9":null,"Tikun10":null,"Tikun11":null,"Tikun12":null,"Tikun13":null,"Tikun14":null,"Tikun15":null,"Precision_":"מקור וקטורי חתום","FIRST_Nafa":"עכו","LAST_Nafa2":" ","Shape_Leng":16512.7697956,"Shape_Area":6491599.01437,"Shape__Area":9240492.2158203125,"Shape__Length":19694.130032476689}},{"type":"Feature","id":205,"geometry":{"type":"Polygon","coordinates":[[[34.935212,32.106373],[34.936429,32.106192],[34.937837,32.112293],[34.941132,32.115656],[34.947286,32.114154],[34.948765,32.107138],[34.951207,32.10695],[34.956046,32.103633],[34.955962,32.106337],[34.956773,32.106567],[34.957025,32.109952],[34.957807,32.112012],[34.958482,32.111731],[34.958419,32.112898],[34.96018,32.112786],[34.959976,32.110541],[34.961504,32.110722],[34.961592,32.109192],[34.962993,32.108601],[34.96366,32.110536],[34.968606,32.11041],[34.970325,32.108881],[34.971983,32.109042],[34.973857,32.104651],[34.975918,32.103597],[34.980225,32.103418],[34.981004,32.104942],[34.98403,32.104064],[34.985136,32.10465],[34.985518,32.104061],[34.986996,32.107186],[34.988943,32.106358],[34.991946,32.107933],[34.993191,32.106413],[34.990206,32.104902],[34.991067,32.102354],[34.986163,32.100299],[34.985698,32.095985],[34.982498,32.089936],[34.983232,32.088739],[34.986312,32.089775],[34.991083,32.074447],[34.988331,32.074198],[34.984819,32.076878],[34.983123,32.077304],[34.980843,32.076848],[34.979476,32.074705],[34.977077,32.073589],[34.976222,32.075558],[34.974676,32.075219],[34.973709,32.076801],[34.974439,32.080152],[34.971999,32.0791],[34.967849,32.079658],[34.968026,32.073903],[34.964566,32.07309],[34.961308,32.069173],[34.959182,32.069761],[34.957872,32.073327],[34.955875,32.075316],[34.954203,32.07586],[34.950739,32.075182],[34.949235,32.076684],[34.952776,32.084396],[34.947091,32.087058],[34.934426,32.097844],[34.935212,32.106373]]]},"properties":{"FID":205,"Muni_Heb":"ראש העין","Muni_Eng":"Rosh Ha'ayin","Sug_Muni":"עירייה","CR_PNIM":"2640","CR_LAMAS":"2640","Machoz":"מרכז","Hearot":"השכבה אינה סטטוטורית באופן מלא.","Eshkol_MPn":" ","Sign_Date":1346025600000,"Tikun1":null,"Tikun2":null,"Tikun3":null,"Tikun4":null,"Tikun5":null,"Tikun6":null,"Tikun7":null,"Tikun8":null,"Tikun9":null,"Tikun10":null,"Tikun11":null,"Tikun12":null,"Tikun13":null,"Tikun14":null,"Tikun15":null,"Precision_":"מקור וקטורי חתום","FIRST_Nafa":"פתח תקווה","LAST_Nafa2":" ","Shape_Leng":25658.2738182,"Shape_Area":15864356.0528,"Shape__Area":22167945.471679688,"Shape__Length":30341.534854199279}},{"type":"Feature","id":206,"geometry":{"type":"Polygon","coordinates":[[[34.821302,32.001252],[34.844027,31.969222],[34.835638,31.967023],[34.835972,31.965009],[34.837526,31.964535],[34.837679,31.963154],[34.841399,31.963857],[34.844166,31.963064],[34.84576,31.964177],[34.846501,31.96311],[34.848394,31.964232],[34.849026,31.963344],[34.843165,31.960304],[34.836639,31.959014],[34.834341,31.946687],[34.831006,31.946413],[34.826994,31.943819],[34.821298,31.944068],[34.817807,31.940739],[34.81831,31.939959],[34.804595,31.941933],[34.805009,31.944635],[34.800985,31.945236],[34.800403,31.941264],[34.779761,31.94122],[34.781469,31.944451],[34.778525,31.945857],[34.779021,31.946638],[34.771206,31.947388],[34.772383,31.948467],[34.770526,31.949183],[34.757456,31.948098],[34.75551,31.951899],[34.747899,31.944657],[34.727583,31.944557],[34.715536,31.952976],[34.708484,31.953808],[34.728761,32.004837],[34.733313,32.003537],[34.744889,31.997489],[34.746082,32.001031],[34.74775,32.000143],[34.746428,31.995974],[34.748208,31.99526],[34.748794,31.997028],[34.749918,31.996715],[34.758217,31.99248],[34.758509,31.994894],[34.761763,31.99283],[34.764978,31.9967],[34.779545,31.990915],[34.792575,31.988752],[34.796366,31.988712],[34.798601,31.991979],[34.799981,31.995947],[34.807382,31.994278],[34.811761,32.006594],[34.814789,32.009956],[34.821302,32.001252]],[[34.739899,31.965101],[34.738542,31.969702],[34.736996,31.968992],[34.735386,31.964771],[34.732522,31.960397],[34.732292,31.947466],[34.743233,31.947534],[34.743019,31.951319],[34.751351,31.950929],[34.752413,31.952934],[34.751719,31.954705],[34.748718,31.953218],[34.74593,31.961206],[34.740922,31.961629],[34.739899,31.965101]]]},"properties":{"FID":206,"Muni_Heb":"ראשון לציון","Muni_Eng":"Rishon Letsiyon","Sug_Muni":"עירייה","CR_PNIM":"8300","CR_LAMAS":"8300","Machoz":"מרכז","Hearot":"השכבה אינה סטטוטורית באופן מלא.","Eshkol_MPn":" ","Sign_Date":1497830400000,"Tikun1":null,"Tikun2":null,"Tikun3":null,"Tikun4":null,"Tikun5":null,"Tikun6":null,"Tikun7":null,"Tikun8":null,"Tikun9":null,"Tikun10":null,"Tikun11":null,"Tikun12":null,"Tikun13":null,"Tikun14":null,"Tikun15":null,"Precision_":"מקור וקטורי חתום","FIRST_Nafa":"רחובות","LAST_Nafa2":" ","Shape_Leng":52257.5576915,"Shape_Area":61914559.8224,"Shape__Area":86284332.416992188,"Shape__Length":61686.560545997127}},{"type":"Feature","id":207,"geometry":{"type":"Polygon","coordinates":[[[35.637549,33.278397],[35.639415,33.274891],[35.641879,33.273057],[35.636843,33.261344],[35.623797,33.264167],[35.623388,33.266337],[35.621467,33.266768],[35.620026,33.2704],[35.621781,33.272446],[35.637549,33.278397]]]},"properties":{"FID":207,"Muni_Heb":"רג'ר","Muni_Eng":"Rajar","Sug_Muni":"מועצה מקומית","CR_PNIM":"4501","CR_LAMAS":"4501","Machoz":"צפון","Hearot":"השכבה אינה סטטוטורית באופן מלא.","Eshkol_MPn":"אשכול רשויות גליל מזרחי","Sign_Date":1362441600000,"Tikun1":null,"Tikun2":null,"Tikun3":null,"Tikun4":null,"Tikun5":null,"Tikun6":null,"Tikun7":null,"Tikun8":null,"Tikun9":null,"Tikun10":null,"Tikun11":null,"Tikun12":null,"Tikun13":null,"Tikun14":null,"Tikun15":null,"Precision_":"מקור וקטורי חתום","FIRST_Nafa":"רמת הגולן","LAST_Nafa2":" ","Shape_Leng":6174.98642465,"Shape_Area":2392491.7245,"Shape__Area":3431437.443359375,"Shape__Length":7394.4381455463972}},{"type":"Feature","id":208,"geometry":{"type":"Polygon","coordinates":[[[34.735564,31.361377],[34.739193,31.363699],[34.742308,31.361735],[34.743702,31.364933],[34.735649,31.366921],[34.734458,31.372414],[34.731226,31.374704],[34.730526,31.379316],[34.727728,31.382092],[34.720394,31.382923],[34.720619,31.383674],[34.71884,31.384667],[34.717313,31.383336],[34.715608,31.383342],[34.711263,31.385135],[34.71244,31.389173],[34.717484,31.389578],[34.721801,31.394296],[34.727316,31.39085],[34.731215,31.397212],[34.73613,31.40125],[34.742227,31.408255],[34.751673,31.41388],[34.753173,31.420103],[34.755542,31.424635],[34.764368,31.421098],[34.766168,31.423483],[34.777131,31.42132],[34.779188,31.423733],[34.780745,31.423028],[34.784249,31.423858],[34.788603,31.405409],[34.788746,31.389184],[34.793293,31.372727],[34.783466,31.371568],[34.759855,31.364099],[34.754696,31.361425],[34.743593,31.352755],[34.736507,31.349755],[34.737497,31.353268],[34.736163,31.353516],[34.739719,31.357788],[34.738875,31.359083],[34.735404,31.360351],[34.735564,31.361377]]]},"properties":{"FID":208,"Muni_Heb":"רהט","Muni_Eng":"Rahat","Sug_Muni":"עירייה","CR_PNIM":"1161","CR_LAMAS":"1161","Machoz":"דרום","Hearot":"השכבה אינה סטטוטורית באופן מלא.","Eshkol_MPn":"אשכול רשויות נגב מערבי","Sign_Date":1520121600000,"Tikun1":null,"Tikun2":null,"Tikun3":null,"Tikun4":null,"Tikun5":null,"Tikun6":null,"Tikun7":null,"Tikun8":null,"Tikun9":null,"Tikun10":null,"Tikun11":null,"Tikun12":null,"Tikun13":null,"Tikun14":null,"Tikun15":null,"Precision_":"מקור וקטורי חתום","FIRST_Nafa":" ","LAST_Nafa2":" ","Shape_Leng":30022.3555406,"Shape_Area":33481473.4233,"Shape__Area":46085399.76953125,"Shape__Length":35225.450435879116}},{"type":"Feature","id":209,"geometry":{"type":"Polygon","coordinates":[[[34.813913,31.920466],[34.818978,31.920271],[34.823445,31.914609],[34.830125,31.918211],[34.830816,31.916312],[34.833302,31.917545],[34.833138,31.916041],[34.834437,31.915784],[34.833251,31.912802],[34.835534,31.912231],[34.835304,31.910501],[34.838953,31.911587],[34.839159,31.910337],[34.841264,31.910351],[34.841371,31.909257],[34.842896,31.909337],[34.84294,31.908272],[34.846796,31.908753],[34.846928,31.907387],[34.851156,31.907067],[34.845092,31.901572],[34.83833,31.891952],[34.828182,31.879954],[34.824692,31.881093],[34.818474,31.878964],[34.819387,31.871029],[34.814518,31.866359],[34.806152,31.871356],[34.798614,31.873089],[34.798913,31.875883],[34.802579,31.880722],[34.802564,31.881792],[34.798616,31.881217],[34.7989,31.88447],[34.795619,31.883179],[34.796206,31.881017],[34.791662,31.88001],[34.79149,31.87609],[34.789179,31.875717],[34.780585,31.880443],[34.774974,31.882469],[34.778062,31.887529],[34.773259,31.890518],[34.767511,31.892491],[34.768382,31.893715],[34.766333,31.896132],[34.762201,31.898203],[34.764284,31.901215],[34.764863,31.903816],[34.775161,31.90263],[34.774289,31.900469],[34.775205,31.899901],[34.774072,31.898578],[34.778027,31.898871],[34.78002,31.897441],[34.78419,31.896471],[34.789981,31.905047],[34.79336,31.906814],[34.796497,31.907417],[34.799638,31.911995],[34.803315,31.911723],[34.803685,31.913724],[34.806483,31.913366],[34.807878,31.915914],[34.808755,31.916016],[34.809607,31.920389],[34.813913,31.920466]],[[34.798345,31.891632],[34.796667,31.88674],[34.800558,31.885828],[34.804028,31.890569],[34.798345,31.891632]]]},"properties":{"FID":209,"Muni_Heb":"רחובות","Muni_Eng":"Rehovot","Sug_Muni":"עירייה","CR_PNIM":"8400","CR_LAMAS":"8400","Machoz":"מרכז","Hearot":"השכבה אינה סטטוטורית באופן מלא.","Eshkol_MPn":" ","Sign_Date":1530057600000,"Tikun1":null,"Tikun2":null,"Tikun3":null,"Tikun4":null,"Tikun5":null,"Tikun6":null,"Tikun7":null,"Tikun8":null,"Tikun9":null,"Tikun10":null,"Tikun11":null,"Tikun12":null,"Tikun13":null,"Tikun14":null,"Tikun15":null,"Precision_":"מקור וקטורי חתום","FIRST_Nafa":"רחובות","LAST_Nafa2":" ","Shape_Leng":31741.4909016,"Shape_Area":23757676.8649,"Shape__Area":33055271.314453125,"Shape__Length":37435.38294894337}},{"type":"Feature","id":210,"geometry":{"type":"Polygon","coordinates":[[[35.325376,32.730405],[35.326652,32.730048],[35.327824,32.726942],[35.328238,32.727344],[35.329333,32.726509],[35.327412,32.724879],[35.327973,32.72417],[35.326738,32.723182],[35.328666,32.722477],[35.328608,32.721598],[35.330976,32.721683],[35.331628,32.720854],[35.330658,32.720964],[35.329029,32.718027],[35.326047,32.715216],[35.323277,32.716299],[35.323184,32.714742],[35.321924,32.713904],[35.322529,32.712553],[35.319977,32.711812],[35.317717,32.712151],[35.317074,32.713287],[35.31519,32.713859],[35.315524,32.712607],[35.312777,32.711814],[35.312153,32.713565],[35.311076,32.713858],[35.30692,32.711902],[35.306923,32.713832],[35.305458,32.713132],[35.305461,32.715194],[35.304077,32.716179],[35.302883,32.716499],[35.300055,32.715058],[35.29871,32.718965],[35.294775,32.721194],[35.290109,32.721826],[35.287745,32.722935],[35.284745,32.725399],[35.283987,32.728789],[35.279464,32.729457],[35.282277,32.731437],[35.283264,32.73016],[35.283895,32.731976],[35.283467,32.736282],[35.284877,32.738751],[35.290504,32.7416],[35.291736,32.744444],[35.294906,32.745122],[35.29495,32.746515],[35.303455,32.745626],[35.30361,32.746364],[35.305994,32.744215],[35.30889,32.743683],[35.308125,32.742277],[35.313607,32.740263],[35.315809,32.738271],[35.315952,32.736778],[35.317649,32.7345],[35.319113,32.734042],[35.32049,32.735038],[35.321946,32.734946],[35.321355,32.733731],[35.322717,32.733473],[35.322501,32.731558],[35.325376,32.730405]]]},"properties":{"FID":210,"Muni_Heb":"ריינה","Muni_Eng":"Reyne","Sug_Muni":"מועצה מקומית","CR_PNIM":"0542","CR_LAMAS":"542","Machoz":"צפון","Hearot":"השכבה אינה סטטוטורית באופן מלא.","Eshkol_MPn":" ","Sign_Date":1336867200000,"Tikun1":null,"Tikun2":null,"Tikun3":null,"Tikun4":null,"Tikun5":null,"Tikun6":null,"Tikun7":null,"Tikun8":null,"Tikun9":null,"Tikun10":null,"Tikun11":null,"Tikun12":null,"Tikun13":null,"Tikun14":null,"Tikun15":null,"Precision_":"מקור וקטורי חתום","FIRST_Nafa":"יזרעאל","LAST_Nafa2":" ","Shape_Leng":17642.9196657,"Shape_Area":10846366.103,"Shape__Area":15369107.654296875,"Shape__Length":20997.272558362667}},{"type":"Feature","id":211,"geometry":{"type":"Polygon","coordinates":[[[35.10304,32.745529],[35.102044,32.746126],[35.099039,32.744343],[35.09643,32.74619],[35.097118,32.748117],[35.09831,32.748622],[35.09574,32.749024],[35.096354,32.751888],[35.0993,32.753149],[35.095551,32.754765],[35.094563,32.757863],[35.09614,32.759531],[35.096659,32.762029],[35.09933,32.763481],[35.099873,32.762086],[35.10134,32.762051],[35.101445,32.762634],[35.103002,32.762176],[35.105472,32.763903],[35.104488,32.761938],[35.110276,32.759053],[35.109904,32.757844],[35.108531,32.757504],[35.109701,32.753692],[35.110793,32.754868],[35.11033,32.756317],[35.111757,32.754891],[35.113685,32.756299],[35.115725,32.756136],[35.119951,32.750847],[35.125226,32.747653],[35.12698,32.74534],[35.124979,32.746901],[35.11863,32.747689],[35.121793,32.74301],[35.112012,32.741182],[35.111114,32.742353],[35.109244,32.742225],[35.108156,32.743496],[35.105776,32.743262],[35.10304,32.745529]],[[35.097604,32.759129],[35.095023,32.758274],[35.094716,32.757009],[35.096759,32.757049],[35.096556,32.757874],[35.098528,32.757646],[35.097604,32.759129]]]},"properties":{"FID":211,"Muni_Heb":"רכסים","Muni_Eng":"Rehasim","Sug_Muni":"מועצה מקומית","CR_PNIM":"0922","CR_LAMAS":"922","Machoz":"חיפה","Hearot":"השכבה אינה סטטוטורית באופן מלא.","Eshkol_MPn":"אשכול רשויות המפרץ","Sign_Date":1658707200000,"Tikun1":null,"Tikun2":null,"Tikun3":null,"Tikun4":null,"Tikun5":null,"Tikun6":null,"Tikun7":null,"Tikun8":null,"Tikun9":null,"Tikun10":null,"Tikun11":null,"Tikun12":null,"Tikun13":null,"Tikun14":null,"Tikun15":null,"Precision_":"מקור וקטורי חתום","FIRST_Nafa":"חיפה","LAST_Nafa2":" ","Shape_Leng":13680.3551172,"Shape_Area":3863492.92901,"Shape__Area":5477250.7822265625,"Shape__Length":16285.695440170419}},{"type":"Feature","id":212,"geometry":{"type":"Polygon","coordinates":[[[34.891584,31.932837],[34.896512,31.931521],[34.895434,31.92874],[34.893628,31.927849],[34.893523,31.928403],[34.892479,31.928145],[34.892229,31.926534],[34.890528,31.926407],[34.8904,31.925176],[34.895963,31.924402],[34.895588,31.921649],[34.898146,31.921073],[34.897015,31.917559],[34.898561,31.916898],[34.896445,31.909353],[34.89372,31.910498],[34.891922,31.910347],[34.891845,31.909408],[34.88916,31.909955],[34.887454,31.909122],[34.878269,31.909483],[34.860668,31.917624],[34.837517,31.921769],[34.842131,31.925113],[34.844831,31.930059],[34.850809,31.93502],[34.854947,31.940173],[34.86784,31.942349],[34.867766,31.94179],[34.869632,31.941395],[34.870686,31.942121],[34.869448,31.939829],[34.870647,31.93956],[34.872269,31.942142],[34.876295,31.941179],[34.880039,31.939127],[34.880898,31.939985],[34.883176,31.938576],[34.884116,31.939525],[34.888354,31.937009],[34.887884,31.936148],[34.888931,31.93586],[34.887986,31.934121],[34.891584,31.932837]]]},"properties":{"FID":212,"Muni_Heb":"רמלה","Muni_Eng":"Ramla","Sug_Muni":"עירייה","CR_PNIM":"8500","CR_LAMAS":"8500","Machoz":"מרכז","Hearot":"השכבה אינה סטטוטורית באופן מלא.","Eshkol_MPn":" ","Sign_Date":1635120000000,"Tikun1":null,"Tikun2":null,"Tikun3":null,"Tikun4":null,"Tikun5":null,"Tikun6":null,"Tikun7":null,"Tikun8":null,"Tikun9":null,"Tikun10":null,"Tikun11":null,"Tikun12":null,"Tikun13":null,"Tikun14":null,"Tikun15":null,"Precision_":"מקור וקטורי חתום","FIRST_Nafa":"רמלה","LAST_Nafa2":" ","Shape_Leng":18655.1877343,"Shape_Area":13388352.3155,"Shape__Area":18640250.653320313,"Shape__Length":21996.11002050915}},{"type":"Feature","id":213,"geometry":{"type":"Polygon","coordinates":[[[34.843271,32.072819],[34.844336,32.072502],[34.846884,32.075024],[34.85121,32.073208],[34.850288,32.069334],[34.848072,32.069491],[34.847125,32.070141],[34.847477,32.070861],[34.845534,32.071254],[34.845043,32.065311],[34.839308,32.064798],[34.836653,32.061072],[34.84082,32.060216],[34.84143,32.06234],[34.845683,32.061441],[34.846713,32.06201],[34.854749,32.050422],[34.845898,32.039538],[34.845827,32.036082],[34.835738,32.036904],[34.826332,32.038834],[34.817971,32.043566],[34.813255,32.044683],[34.813812,32.050846],[34.81044,32.054849],[34.811809,32.058621],[34.815579,32.058485],[34.8188,32.059312],[34.819699,32.06245],[34.814994,32.064855],[34.818103,32.071381],[34.819395,32.078324],[34.820699,32.078244],[34.820751,32.078939],[34.819605,32.078985],[34.820057,32.080498],[34.813193,32.078023],[34.812062,32.07993],[34.801419,32.078912],[34.801706,32.081139],[34.800063,32.081491],[34.799136,32.084382],[34.801799,32.092918],[34.802227,32.093394],[34.804233,32.090996],[34.807067,32.091154],[34.807016,32.089774],[34.809337,32.090965],[34.808574,32.094383],[34.809754,32.095082],[34.809719,32.096308],[34.812898,32.095732],[34.815728,32.098166],[34.818229,32.097783],[34.819006,32.096238],[34.819968,32.096262],[34.822635,32.099136],[34.821256,32.101301],[34.824375,32.102493],[34.823049,32.103719],[34.827661,32.105566],[34.828529,32.09897],[34.821442,32.096743],[34.822667,32.090914],[34.822095,32.084932],[34.825071,32.084727],[34.827685,32.075425],[34.832354,32.075981],[34.83312,32.074872],[34.83289,32.071908],[34.841039,32.068995],[34.843271,32.072819]]]},"properties":{"FID":213,"Muni_Heb":"רמת גן","Muni_Eng":"Ramat Gan","Sug_Muni":"עירייה","CR_PNIM":"8600","CR_LAMAS":"8600","Machoz":"תל אביב","Hearot":"השכבה אינה סטטוטורית באופן מלא.","Eshkol_MPn":" ","Sign_Date":1658707200000,"Tikun1":null,"Tikun2":null,"Tikun3":null,"Tikun4":null,"Tikun5":null,"Tikun6":null,"Tikun7":null,"Tikun8":null,"Tikun9":null,"Tikun10":null,"Tikun11":null,"Tikun12":null,"Tikun13":null,"Tikun14":null,"Tikun15":null,"Precision_":"מקור וקטורי חתום","FIRST_Nafa":"תל אביב - יפו","LAST_Nafa2":" ","Shape_Leng":32359.4145335,"Shape_Area":16427436.8653,"Shape__Area":22939740.997070313,"Shape__Length":38248.170529527612}},{"type":"Feature","id":214,"geometry":{"type":"Polygon","coordinates":[[[34.850767,32.113599],[34.852258,32.119398],[34.850379,32.120323],[34.848903,32.118703],[34.844276,32.119719],[34.844401,32.120457],[34.842055,32.121481],[34.842001,32.123336],[34.839946,32.123935],[34.839946,32.125765],[34.836432,32.125872],[34.837304,32.127693],[34.835798,32.128118],[34.828908,32.128692],[34.82804,32.127839],[34.826178,32.127851],[34.827591,32.130361],[34.819514,32.130673],[34.821773,32.125877],[34.824024,32.123983],[34.823566,32.123269],[34.81116,32.124428],[34.809004,32.128395],[34.804466,32.130694],[34.799859,32.130524],[34.797508,32.1286],[34.795593,32.1287],[34.797014,32.134338],[34.801333,32.14088],[34.804043,32.148989],[34.806694,32.153376],[34.80917,32.152797],[34.813227,32.15863],[34.815367,32.158241],[34.810407,32.144501],[34.817143,32.143191],[34.817555,32.141905],[34.820615,32.140711],[34.824249,32.148674],[34.822192,32.149026],[34.822737,32.15116],[34.827654,32.150266],[34.829848,32.154629],[34.836275,32.153717],[34.8495,32.148965],[34.855397,32.148642],[34.855269,32.143365],[34.859653,32.139213],[34.860404,32.136332],[34.862982,32.135938],[34.863326,32.132508],[34.865549,32.131608],[34.862734,32.129617],[34.864418,32.127062],[34.865319,32.122219],[34.867989,32.121648],[34.864742,32.116785],[34.863033,32.117118],[34.861702,32.11633],[34.862579,32.115625],[34.862438,32.113932],[34.861001,32.113446],[34.860955,32.112448],[34.857808,32.111923],[34.857562,32.114813],[34.850767,32.113599]]]},"properties":{"FID":214,"Muni_Heb":"רמת השרון","Muni_Eng":"Ramat Hasharon","Sug_Muni":"עירייה","CR_PNIM":"2650","CR_LAMAS":"2650","Machoz":"תל אביב","Hearot":"השכבה אינה סטטוטורית באופן מלא.","Eshkol_MPn":" ","Sign_Date":1672012800000,"Tikun1":null,"Tikun2":null,"Tikun3":null,"Tikun4":null,"Tikun5":null,"Tikun6":null,"Tikun7":null,"Tikun8":null,"Tikun9":null,"Tikun10":null,"Tikun11":null,"Tikun12":null,"Tikun13":null,"Tikun14":null,"Tikun15":null,"Precision_":"מקור וקטורי חתום","FIRST_Nafa":"תל אביב - יפו","LAST_Nafa2":" ","Shape_Leng":28763.7056057,"Shape_Area":16731890.6602,"Shape__Area":23401245.583984375,"Shape__Length":34016.5510531157}},{"type":"Feature","id":215,"geometry":{"type":"Polygon","coordinates":[[[35.15538,32.702747],[35.157301,32.707385],[35.163311,32.705905],[35.165196,32.706491],[35.1675,32.709216],[35.169494,32.70979],[35.177544,32.716425],[35.182412,32.714694],[35.176593,32.705609],[35.174251,32.705972],[35.174771,32.701624],[35.173793,32.701844],[35.172706,32.699096],[35.168043,32.700418],[35.165072,32.69596],[35.156004,32.701361],[35.15538,32.702747]]]},"properties":{"FID":215,"Muni_Heb":"רמת ישי","Muni_Eng":"Ramat Yishay","Sug_Muni":"מועצה מקומית","CR_PNIM":"0122","CR_LAMAS":"122","Machoz":"צפון","Hearot":"השכבה אינה סטטוטורית באופן מלא.","Eshkol_MPn":" ","Sign_Date":1336867200000,"Tikun1":null,"Tikun2":null,"Tikun3":null,"Tikun4":null,"Tikun5":null,"Tikun6":null,"Tikun7":null,"Tikun8":null,"Tikun9":null,"Tikun10":null,"Tikun11":null,"Tikun12":null,"Tikun13":null,"Tikun14":null,"Tikun15":null,"Precision_":"מקור וקטורי חתום","FIRST_Nafa":"יזרעאל","LAST_Nafa2":" ","Shape_Leng":8192.11025178,"Shape_Area":2332290.00699,"Shape__Area":3303126.2353515625,"Shape__Length":9749.2331616536485}},{"type":"Feature","id":216,"geometry":{"type":"Polygon","coordinates":[[[34.73832,31.130275],[34.73833,31.128078],[34.782399,31.123354],[34.783049,31.120435],[34.805468,31.119257],[34.812189,31.121266],[34.815117,31.114671],[34.825426,31.103487],[34.828118,31.094741],[34.854516,31.094802],[34.860435,31.079221],[34.87088,31.078512],[34.873955,31.080434],[34.883889,31.078987],[34.915012,31.090395],[34.925531,31.095581],[34.936961,31.095703],[34.984436,31.055034],[34.972386,31.042957],[34.969662,31.039097],[34.96898,31.037672],[34.972009,31.035989],[34.974307,31.035737],[34.975181,31.038133],[34.983043,31.046113],[34.995646,31.052351],[34.998881,31.055854],[34.999645,31.055553],[34.998411,31.053438],[34.997391,31.048268],[35.000236,31.044865],[34.985931,31.034503],[35.003642,31.032512],[35.006343,31.031612],[35.006397,31.028337],[35.008069,31.027182],[35.019819,31.027804],[35.040132,31.022073],[35.038836,31.020903],[35.039135,31.019611],[35.046972,31.019422],[35.051602,31.017674],[35.055659,31.017375],[35.06226,31.018807],[35.064406,31.0201],[35.065634,31.017223],[35.069412,31.015814],[35.071582,31.016327],[35.072117,31.017489],[35.071171,31.018002],[35.071769,31.018149],[35.073275,31.017215],[35.081855,31.017362],[35.065445,30.991674],[35.057799,30.983853],[35.05592,30.967586],[35.051928,30.965408],[35.046433,30.960904],[35.03956,30.950383],[35.039524,30.947099],[35.042797,30.946127],[35.044456,30.94418],[35.043309,30.941088],[35.039601,30.941465],[35.039144,30.940044],[35.039769,30.938903],[35.043168,30.936622],[35.045962,30.93868],[35.049978,30.935087],[35.054408,30.936164],[35.053457,30.933603],[35.054545,30.932239],[35.058119,30.934113],[35.06495,30.930678],[35.068007,30.930864],[35.069651,30.927889],[35.072943,30.926084],[35.074071,30.921044],[35.077444,30.918459],[35.073577,30.915882],[35.06974,30.915899],[35.065934,30.913299],[35.063163,30.914391],[35.063347,30.911665],[35.060851,30.907817],[35.05696,30.907176],[35.049556,30.902965],[35.045992,30.904165],[35.045652,30.900386],[35.040263,30.901998],[35.030042,30.899056],[35.026157,30.895661],[35.026249,30.892068],[35.02334,30.890819],[35.024165,30.889148],[35.023675,30.887737],[35.017605,30.882827],[35.015243,30.884528],[35.009863,30.884648],[35.006848,30.88575],[34.999521,30.882914],[34.99912,30.881722],[34.993468,30.879636],[34.989255,30.876892],[34.987631,30.873492],[34.981858,30.868563],[34.979663,30.86476],[34.975883,30.863084],[34.974456,30.857526],[34.972057,30.854918],[34.972575,30.845736],[34.971445,30.842965],[34.965942,30.841851],[34.963992,30.843228],[34.962396,30.843078],[34.962873,30.840447],[34.965754,30.838314],[34.965579,30.836863],[34.960981,30.836325],[34.957516,30.833377],[34.954485,30.832646],[34.954458,30.831607],[34.95691,30.829948],[34.956769,30.828909],[34.95217,30.829115],[34.950469,30.826799],[34.95025,30.823457],[34.945249,30.820621],[34.942904,30.82028],[34.943038,30.819416],[34.944577,30.819062],[34.946214,30.815782],[34.950787,30.810559],[34.951998,30.807387],[34.952803,30.808088],[34.953333,30.811031],[34.957473,30.811242],[34.95869,30.810181],[34.959308,30.80687],[34.96253,30.806522],[34.968129,30.801964],[34.975795,30.801144],[34.972998,30.795408],[34.973987,30.79304],[34.976786,30.790878],[34.97724,30.788684],[34.972745,30.780565],[34.973247,30.776235],[34.972152,30.774372],[34.972641,30.771683],[34.974808,30.768846],[34.97725,30.767945],[34.977813,30.76539],[34.981492,30.767892],[34.983576,30.768011],[34.983469,30.758315],[34.986707,30.754702],[34.9874,30.752367],[34.99051,30.751942],[34.992063,30.750402],[34.997838,30.748924],[35.000251,30.745088],[34.999903,30.743747],[35.000687,30.742094],[34.99541,30.733383],[34.99593,30.731277],[34.992652,30.730491],[34.99129,30.727324],[34.994881,30.723841],[34.996526,30.72409],[35.001084,30.722716],[35.007472,30.721636],[35.019731,30.721791],[35.03334,30.720147],[35.030752,30.701171],[35.035934,30.688444],[35.033561,30.688682],[35.065234,30.658486],[35.068036,30.648735],[35.06502,30.649132],[35.06005,30.648338],[35.055583,30.64453],[35.056593,30.641465],[35.062294,30.637256],[35.062441,30.635623],[35.059384,30.634328],[35.057014,30.635249],[35.055208,30.63497],[35.052663,30.633004],[35.053675,30.631008],[35.056022,30.629035],[35.067194,30.624762],[35.067127,30.623277],[35.065045,30.621376],[35.067716,30.609892],[35.065351,30.607904],[35.056864,30.609679],[35.05284,30.608129],[35.052699,30.606949],[35.055203,30.604341],[35.056845,30.6006],[35.057373,30.592007],[35.053015,30.583248],[35.04866,30.577294],[35.044771,30.575292],[35.033438,30.573423],[35.031133,30.573855],[35.026735,30.576407],[35.022664,30.576838],[35.009606,30.573001],[35.008072,30.573728],[35.001693,30.572111],[34.998501,30.569969],[34.996785,30.56729],[34.994702,30.561447],[34.988221,30.54896],[34.980322,30.544045],[34.974347,30.535683],[34.973158,30.530308],[34.978448,30.527046],[34.981053,30.52378],[34.981231,30.521896],[34.97976,30.518014],[34.981059,30.509553],[34.982942,30.507533],[34.982775,30.505858],[34.981424,30.504691],[34.979388,30.504329],[34.974807,30.504919],[34.972748,30.506187],[34.971806,30.507633],[34.9732,30.509171],[34.972952,30.512143],[34.971157,30.514263],[34.969125,30.51369],[34.967058,30.515173],[34.962217,30.515908],[34.959405,30.515054],[34.953625,30.517456],[34.951016,30.515061],[34.949288,30.517772],[34.948895,30.520279],[34.947263,30.520666],[34.945828,30.519567],[34.945663,30.517114],[34.950606,30.513935],[34.949037,30.51328],[34.950263,30.512602],[34.948676,30.512034],[34.953451,30.509568],[34.956134,30.510197],[34.955547,30.512117],[34.951445,30.513577],[34.95123,30.514688],[34.953659,30.516949],[34.959245,30.51462],[34.962174,30.515459],[34.966882,30.514744],[34.969047,30.51324],[34.971007,30.513823],[34.972267,30.512635],[34.972673,30.509211],[34.971296,30.507449],[34.974402,30.504709],[34.973564,30.502693],[34.970655,30.502408],[34.969389,30.501221],[34.969408,30.499472],[34.974261,30.497765],[34.972391,30.496375],[34.971798,30.492672],[34.96512,30.484006],[34.963558,30.478449],[34.963826,30.476411],[34.961432,30.472384],[34.95858,30.469902],[34.957708,30.467138],[34.95538,30.464412],[34.94854,30.462002],[34.944185,30.462902],[34.940247,30.462289],[34.936136,30.46388],[34.933583,30.467989],[34.951376,30.379304],[34.956371,30.376435],[34.961786,30.371531],[34.963797,30.366907],[34.960877,30.365606],[34.960979,30.364395],[34.959803,30.363171],[34.958206,30.363461],[34.957601,30.36527],[34.955138,30.362598],[34.95277,30.362106],[34.951599,30.362972],[34.950125,30.362702],[34.94823,30.359559],[34.941044,30.355044],[34.940364,30.350689],[34.942748,30.345225],[34.933449,30.35954],[34.926728,30.362856],[34.920223,30.368541],[34.915582,30.370176],[34.912747,30.374921],[34.910346,30.374895],[34.908671,30.379597],[34.909755,30.387167],[34.906889,30.390585],[34.904906,30.392296],[34.89729,30.393742],[34.895769,30.394888],[34.893629,30.394391],[34.890061,30.391852],[34.88838,30.391791],[34.883627,30.394936],[34.879167,30.395121],[34.873712,30.393754],[34.87222,30.395483],[34.866498,30.398408],[34.862373,30.396684],[34.859908,30.396669],[34.856751,30.393595],[34.853854,30.393671],[34.848137,30.390241],[34.844129,30.389216],[34.837162,30.394173],[34.834066,30.395098],[34.832467,30.394642],[34.829197,30.396581],[34.829322,30.397815],[34.828043,30.39827],[34.818838,30.394393],[34.817429,30.392109],[34.816462,30.385387],[34.816879,30.383248],[34.820014,30.382261],[34.822041,30.380548],[34.822382,30.379051],[34.818498,30.374645],[34.818412,30.373116],[34.816695,30.373871],[34.813427,30.373338],[34.804445,30.369544],[34.793955,30.370297],[34.792365,30.369636],[34.791448,30.3682],[34.787604,30.369633],[34.787492,30.371759],[34.786039,30.372521],[34.780728,30.372011],[34.768463,30.376427],[34.766095,30.37453],[34.764268,30.3742],[34.760885,30.377264],[34.754462,30.376891],[34.753004,30.379096],[34.74891,30.380417],[34.746196,30.379045],[34.741152,30.373967],[34.734791,30.372823],[34.731128,30.370237],[34.725317,30.368386],[34.720199,30.370338],[34.708278,30.37052],[34.706214,30.375247],[34.710008,30.376571],[34.70709,30.376223],[34.708411,30.379172],[34.70689,30.381191],[34.703684,30.382884],[34.698514,30.382672],[34.69836,30.38649],[34.694053,30.387884],[34.686358,30.386763],[34.685532,30.390339],[34.677366,30.392805],[34.676005,30.395409],[34.672605,30.398219],[34.669809,30.398814],[34.66526,30.397547],[34.650471,30.400666],[34.647199,30.398517],[34.640865,30.396186],[34.637533,30.389394],[34.631686,30.382112],[34.629172,30.38126],[34.626526,30.378455],[34.623731,30.378168],[34.611534,30.371031],[34.543512,30.412985],[34.541853,30.442041],[34.557633,30.494782],[34.518647,30.532527],[34.516693,30.546548],[34.518877,30.592422],[34.497042,30.679626],[34.403434,30.859275],[34.347517,31.004383],[34.332378,31.039954],[34.32525,31.059408],[34.411943,31.078534],[34.50811,31.110283],[34.582264,31.108248],[34.60858,31.137497],[34.614311,31.135289],[34.616777,31.133311],[34.624093,31.134245],[34.621891,31.136635],[34.62534,31.138683],[34.646711,31.137961],[34.647307,31.137398],[34.73832,31.130275]],[[34.747215,31.028922],[34.741196,31.028105],[34.736182,31.025751],[34.73511,31.026372],[34.735938,31.02566],[34.733516,31.024651],[34.7305,31.020839],[34.72372,31.018991],[34.723104,31.021644],[34.710629,31.029747],[34.703285,31.038864],[34.686319,31.031984],[34.684756,31.03601],[34.685997,31.036733],[34.685986,31.038702],[34.683021,31.038313],[34.685839,31.033631],[34.685633,31.025002],[34.689238,31.020995],[34.69396,31.018014],[34.697387,31.013064],[34.699952,31.014323],[34.715667,31.015451],[34.723767,31.013149],[34.723731,31.018745],[34.727631,31.019761],[34.728599,31.016674],[34.730716,31.014557],[34.73188,31.011395],[34.731669,31.012968],[34.728735,31.016686],[34.727754,31.019727],[34.731069,31.020744],[34.733647,31.024133],[34.740968,31.02772],[34.744093,31.027945],[34.743659,31.026494],[34.744357,31.027978],[34.749656,31.029348],[34.74974,31.028433],[34.750551,31.028466],[34.750428,31.030149],[34.747215,31.028922]],[[34.843148,31.066706],[34.834634,31.056852],[34.833737,31.058426],[34.832441,31.057019],[34.834414,31.05665],[34.828651,31.052162],[34.829343,31.051174],[34.843214,31.05173],[34.843226,31.050316],[34.844354,31.049411],[34.854395,31.052055],[34.853685,31.059624],[34.85179,31.062572],[34.848077,31.065548],[34.843148,31.066706]],[[34.801121,30.679696],[34.803578,30.675213],[34.804184,30.667179],[34.808153,30.664014],[34.809432,30.660563],[34.798377,30.660551],[34.798372,30.661745],[34.771831,30.66162],[34.771933,30.649229],[34.774713,30.642394],[34.77819,30.636527],[34.773957,30.635625],[34.772252,30.634203],[34.776077,30.630206],[34.776361,30.62899],[34.773406,30.627045],[34.767997,30.628364],[34.766914,30.627665],[34.765591,30.624304],[34.762405,30.62474],[34.759974,30.624143],[34.758188,30.621413],[34.75867,30.618963],[34.755826,30.617347],[34.751378,30.612403],[34.746089,30.609627],[34.740811,30.608111],[34.740627,30.584058],[34.747802,30.584026],[34.755479,30.591006],[34.762854,30.592577],[34.766283,30.595055],[34.771205,30.596305],[34.777228,30.599065],[34.783134,30.600296],[34.784215,30.6014],[34.791856,30.601538],[34.801063,30.603437],[34.801569,30.604754],[34.803959,30.605619],[34.808104,30.609311],[34.809614,30.615725],[34.812874,30.616547],[34.815469,30.616025],[34.815661,30.61477],[34.818732,30.612839],[34.821875,30.612505],[34.823698,30.611336],[34.826986,30.611231],[34.82985,30.609954],[34.833143,30.610172],[34.833416,30.609008],[34.83676,30.607047],[34.83822,30.605117],[34.840602,30.605854],[34.84248,30.605075],[34.844436,30.605694],[34.846579,30.600859],[34.848725,30.600454],[34.849971,30.601529],[34.852219,30.595002],[34.845133,30.592114],[34.842691,30.585479],[34.846071,30.579717],[34.85032,30.577329],[34.855304,30.577096],[34.867295,30.585693],[34.87162,30.587975],[34.873181,30.588162],[34.877581,30.586654],[34.888569,30.590329],[34.891527,30.596318],[34.904391,30.614411],[34.886485,30.623088],[34.881966,30.62337],[34.876496,30.621193],[34.872384,30.617997],[34.863328,30.616196],[34.857657,30.612975],[34.856727,30.613129],[34.850124,30.615474],[34.84024,30.624233],[34.836037,30.632478],[34.834327,30.640612],[34.830359,30.647841],[34.831705,30.648406],[34.832978,30.653988],[34.833083,30.656206],[34.832095,30.657879],[34.837292,30.65911],[34.835901,30.661756],[34.836672,30.661759],[34.838619,30.658366],[34.855648,30.660059],[34.855392,30.679725],[34.801121,30.679696]],[[34.873505,31.014209],[34.871484,31.013761],[34.867909,31.011148],[34.866355,31.005766],[34.866449,31.003886],[34.867892,31.002041],[34.866293,31.000443],[34.867158,30.99726],[34.868883,30.996234],[34.86947,30.993045],[34.872032,30.989035],[34.87512,30.989638],[34.875253,30.96897],[34.885982,30.959721],[34.948016,30.958851],[34.956115,30.965658],[34.962137,30.959203],[34.963599,30.958807],[34.966173,30.960802],[34.964822,30.962944],[34.965082,30.963676],[34.970382,30.966058],[34.97368,30.971587],[34.977752,30.970257],[34.982446,30.970941],[34.990615,30.975415],[34.991356,30.976632],[34.992449,30.97608],[34.99474,30.976753],[34.99512,30.979004],[34.994174,30.979579],[34.994253,30.980819],[34.996318,30.982743],[34.992545,30.984077],[34.987437,30.984879],[34.982324,30.987416],[34.970491,30.990404],[34.964847,30.990394],[34.95906,30.98891],[34.959015,31.013418],[34.876375,31.012883],[34.873505,31.014209]]]},"properties":{"FID":216,"Muni_Heb":"רמת נגב","Muni_Eng":"Ramat Negev","Sug_Muni":"מועצה אזורית","CR_PNIM":"5548","CR_LAMAS":" ","Machoz":"דרום","Hearot":"השכבה אינה סטטוטורית באופן מלא.","Eshkol_MPn":"אשכול רשויות נגב מזרחי","Sign_Date":1608508800000,"Tikun1":null,"Tikun2":null,"Tikun3":null,"Tikun4":null,"Tikun5":null,"Tikun6":null,"Tikun7":null,"Tikun8":null,"Tikun9":null,"Tikun10":null,"Tikun11":null,"Tikun12":null,"Tikun13":null,"Tikun14":null,"Tikun15":null,"Precision_":"מקור וקטורי חתום","FIRST_Nafa":"באר שבע","LAST_Nafa2":" ","Shape_Leng":483571.742085,"Shape_Area":4088530029.31,"Shape__Area":5556247920.1796875,"Shape__Length":563659.72889263579}},{"type":"Feature","id":217,"geometry":{"type":"Polygon","coordinates":[[[35.383407,32.702506],[35.38531,32.701111],[35.387821,32.702664],[35.388069,32.701283],[35.389581,32.701324],[35.390348,32.699594],[35.389411,32.696293],[35.408089,32.692985],[35.408343,32.689646],[35.411153,32.687506],[35.41036,32.685403],[35.411206,32.683983],[35.409993,32.681891],[35.411711,32.678459],[35.408662,32.677883],[35.405067,32.678703],[35.404878,32.676418],[35.404066,32.675614],[35.399391,32.676005],[35.399966,32.675332],[35.399349,32.675321],[35.398219,32.672603],[35.396737,32.673117],[35.394373,32.671562],[35.394441,32.669124],[35.393336,32.669017],[35.392057,32.672378],[35.385907,32.673967],[35.386933,32.677164],[35.391307,32.678826],[35.397094,32.676975],[35.399848,32.679411],[35.401616,32.680097],[35.402934,32.678958],[35.403874,32.679886],[35.404975,32.679371],[35.406672,32.681016],[35.406398,32.68242],[35.401934,32.686841],[35.399871,32.687134],[35.395801,32.690606],[35.389127,32.691611],[35.389029,32.69236],[35.386427,32.693029],[35.383567,32.692675],[35.38397,32.695851],[35.382866,32.700604],[35.381907,32.701684],[35.383407,32.702506]]]},"properties":{"FID":217,"Muni_Heb":"שבלי - אום אל רנם","Muni_Eng":"Shibli - Um al Ranem","Sug_Muni":"מועצה מקומית","CR_PNIM":"0913","CR_LAMAS":"913","Machoz":"צפון","Hearot":"השכבה אינה סטטוטורית באופן מלא.","Eshkol_MPn":"אשכול רשויות הכנרת והעמקים","Sign_Date":1649894400000,"Tikun1":null,"Tikun2":null,"Tikun3":null,"Tikun4":null,"Tikun5":null,"Tikun6":null,"Tikun7":null,"Tikun8":null,"Tikun9":null,"Tikun10":null,"Tikun11":null,"Tikun12":null,"Tikun13":null,"Tikun14":null,"Tikun15":null,"Precision_":"מקור וקטורי חתום","FIRST_Nafa":"יזרעאל","LAST_Nafa2":" ","Shape_Leng":16119.8221127,"Shape_Area":3274946.37862,"Shape__Area":4636175.8583984375,"Shape__Length":19174.636872597723}},{"type":"Feature","id":218,"geometry":{"type":"Polygon","coordinates":[[[34.846647,31.221021],[34.843328,31.210769],[34.846434,31.207167],[34.848222,31.202377],[34.847885,31.192462],[34.849831,31.190612],[34.849848,31.186241],[34.851157,31.184244],[34.846388,31.181158],[34.844535,31.178847],[34.840712,31.178191],[34.826797,31.178453],[34.82656,31.180563],[34.819399,31.181092],[34.808409,31.183452],[34.808391,31.187418],[34.809363,31.189562],[34.808603,31.191781],[34.809145,31.194528],[34.811379,31.197695],[34.817845,31.202503],[34.825752,31.211773],[34.829325,31.22361],[34.830822,31.224453],[34.846647,31.221021]]]},"properties":{"FID":218,"Muni_Heb":"שגב שלום","Muni_Eng":"Segev Shalom","Sug_Muni":"מועצה מקומית","CR_PNIM":"1286","CR_LAMAS":"1286","Machoz":"דרום","Hearot":"השכבה אינה סטטוטורית באופן מלא.","Eshkol_MPn":"אשכול רשויות נגב מזרחי","Sign_Date":1533081600000,"Tikun1":null,"Tikun2":null,"Tikun3":null,"Tikun4":null,"Tikun5":null,"Tikun6":null,"Tikun7":null,"Tikun8":null,"Tikun9":null,"Tikun10":null,"Tikun11":null,"Tikun12":null,"Tikun13":null,"Tikun14":null,"Tikun15":null,"Precision_":"מקור וקטורי חתום","FIRST_Nafa":"באר שבע","LAST_Nafa2":" ","Shape_Leng":15841.4319624,"Shape_Area":13524687.5729,"Shape__Area":18541084.919921875,"Shape__Length":18552.635709535771}},{"type":"Feature","id":219,"geometry":{"type":"Polygon","coordinates":[[[34.821217,32.018096],[34.827684,32.026576],[34.828536,32.026375],[34.829593,32.027431],[34.837004,32.025681],[34.837137,32.023892],[34.838927,32.023061],[34.839837,32.021315],[34.841046,32.021917],[34.843009,32.021446],[34.843551,32.022655],[34.845255,32.022329],[34.847187,32.019469],[34.848595,32.020045],[34.849228,32.02236],[34.85134,32.021436],[34.85371,32.01894],[34.853119,32.016807],[34.854432,32.016575],[34.856562,32.017833],[34.859573,32.016265],[34.856958,32.014642],[34.852575,32.014163],[34.851487,32.016707],[34.850681,32.015912],[34.85147,32.013853],[34.849385,32.013558],[34.849806,32.011629],[34.845792,32.011041],[34.845918,32.010079],[34.849987,32.010712],[34.850362,32.009201],[34.857527,32.009377],[34.860511,32.008356],[34.868088,31.993155],[34.874061,31.995921],[34.879144,31.995248],[34.887572,31.98801],[34.894459,31.985235],[34.901686,31.980581],[34.901251,31.971657],[34.900313,31.96855],[34.897992,31.971405],[34.883262,31.971483],[34.878092,31.97035],[34.876547,31.969082],[34.872703,31.972913],[34.871007,31.973316],[34.861236,31.967553],[34.863081,31.964632],[34.868207,31.965577],[34.869636,31.958524],[34.871522,31.957051],[34.86898,31.948434],[34.870239,31.949312],[34.871746,31.948909],[34.871106,31.947229],[34.871917,31.946999],[34.870952,31.944413],[34.872469,31.943968],[34.870166,31.942795],[34.863915,31.941682],[34.858806,31.947341],[34.852489,31.958779],[34.8413,31.972467],[34.831153,31.98735],[34.833924,31.988823],[34.835481,31.994395],[34.834468,31.997525],[34.836188,31.997171],[34.838009,32.001059],[34.834867,32.002592],[34.838296,32.005919],[34.835717,32.007766],[34.833421,32.005776],[34.826985,32.004844],[34.824424,32.002229],[34.821302,32.001252],[34.814383,32.010532],[34.821217,32.018096]]]},"properties":{"FID":219,"Muni_Heb":"שדות דן","Muni_Eng":"Sdot Dan","Sug_Muni":"מועצה אזורית","CR_PNIM":"5540","CR_LAMAS":" ","Machoz":"מרכז","Hearot":"השכבה אינה סטטוטורית באופן מלא.","Eshkol_MPn":" ","Sign_Date":1658707200000,"Tikun1":null,"Tikun2":null,"Tikun3":null,"Tikun4":null,"Tikun5":null,"Tikun6":null,"Tikun7":null,"Tikun8":null,"Tikun9":null,"Tikun10":null,"Tikun11":null,"Tikun12":null,"Tikun13":null,"Tikun14":null,"Tikun15":null,"Precision_":"מקור וקטורי חתום","FIRST_Nafa":"רמלה","LAST_Nafa2":" ","Shape_Leng":39427.0968026,"Shape_Area":29347442.7237,"Shape__Area":40914332.075195313,"Shape__Length":46558.221611341942}},{"type":"Feature","id":220,"geometry":{"type":"Polygon","coordinates":[[[34.611762,31.404758],[34.613361,31.400157],[34.618165,31.400826],[34.61858,31.399808],[34.618645,31.398788],[34.616725,31.397969],[34.617267,31.387293],[34.613702,31.386488],[34.616351,31.380152],[34.613214,31.37734],[34.609094,31.378528],[34.602982,31.377736],[34.600227,31.375592],[34.598553,31.37288],[34.594022,31.370812],[34.59367,31.368956],[34.589577,31.369735],[34.587748,31.369122],[34.587003,31.36755],[34.588371,31.366218],[34.583797,31.364033],[34.583029,31.362507],[34.583539,31.361139],[34.576905,31.358767],[34.574542,31.358932],[34.571101,31.361527],[34.567586,31.362023],[34.561306,31.366475],[34.556063,31.364413],[34.550694,31.363625],[34.544209,31.364965],[34.54046,31.364251],[34.536781,31.366268],[34.532246,31.365358],[34.531299,31.366334],[34.53154,31.368152],[34.527908,31.371898],[34.52521,31.371023],[34.523598,31.371845],[34.519889,31.370416],[34.518901,31.371917],[34.509661,31.37644],[34.507768,31.376759],[34.504071,31.375504],[34.502719,31.376775],[34.514365,31.391034],[34.508344,31.395477],[34.50359,31.397537],[34.502511,31.409569],[34.510691,31.404517],[34.513156,31.404813],[34.513412,31.403837],[34.515333,31.403986],[34.515999,31.402789],[34.516105,31.403831],[34.51693,31.403759],[34.520098,31.401043],[34.522468,31.40171],[34.523515,31.400843],[34.528625,31.401312],[34.533419,31.404771],[34.532543,31.406608],[34.530059,31.40873],[34.528907,31.407693],[34.52438,31.410656],[34.523295,31.409973],[34.521166,31.410703],[34.518954,31.40995],[34.513492,31.414853],[34.510564,31.415185],[34.507961,31.413466],[34.507889,31.41461],[34.50949,31.416027],[34.508971,31.418275],[34.510718,31.419633],[34.51118,31.423499],[34.510183,31.42555],[34.51153,31.427328],[34.514016,31.428432],[34.515589,31.432562],[34.515008,31.435013],[34.517905,31.438072],[34.515672,31.443238],[34.513479,31.444635],[34.513355,31.447008],[34.505418,31.439584],[34.501378,31.4445],[34.496561,31.442535],[34.494659,31.442623],[34.492271,31.440865],[34.490713,31.441698],[34.489678,31.440974],[34.488885,31.441701],[34.485227,31.440365],[34.483339,31.440507],[34.479395,31.437915],[34.476613,31.436969],[34.475619,31.437568],[34.472675,31.435683],[34.470807,31.435896],[34.47027,31.436709],[34.469309,31.436284],[34.468866,31.437547],[34.467113,31.436606],[34.467379,31.437573],[34.465468,31.437591],[34.465044,31.438485],[34.462674,31.435675],[34.461336,31.436043],[34.457826,31.434977],[34.45789,31.436412],[34.459643,31.438274],[34.459757,31.442624],[34.455704,31.444523],[34.454043,31.446289],[34.454006,31.447705],[34.452355,31.447982],[34.463958,31.458304],[34.467743,31.455448],[34.472708,31.460708],[34.479396,31.455871],[34.481919,31.458063],[34.489742,31.452636],[34.49552,31.458712],[34.50015,31.457497],[34.503541,31.453607],[34.505054,31.454201],[34.506424,31.453227],[34.515745,31.460851],[34.521684,31.457256],[34.522926,31.455713],[34.531235,31.46137],[34.533979,31.465125],[34.528411,31.469424],[34.531199,31.472196],[34.538165,31.477296],[34.542148,31.479244],[34.546361,31.483063],[34.549274,31.481195],[34.552841,31.481389],[34.557449,31.478718],[34.561229,31.480056],[34.565686,31.476452],[34.570889,31.470506],[34.572116,31.470804],[34.572612,31.469035],[34.568279,31.466063],[34.573501,31.460783],[34.574439,31.458746],[34.57594,31.461794],[34.590426,31.46255],[34.590342,31.463966],[34.591383,31.464873],[34.593287,31.463201],[34.593997,31.463877],[34.597929,31.456277],[34.601376,31.459305],[34.607627,31.46264],[34.608276,31.461854],[34.609322,31.463722],[34.610884,31.462758],[34.611397,31.464852],[34.615884,31.465772],[34.616825,31.467554],[34.621329,31.465886],[34.622844,31.46452],[34.625847,31.464843],[34.633281,31.462613],[34.636718,31.463073],[34.638203,31.460921],[34.637914,31.458138],[34.64022,31.455229],[34.639006,31.453346],[34.637508,31.453027],[34.635522,31.453924],[34.635596,31.452976],[34.633793,31.450581],[34.637579,31.447836],[34.637164,31.443583],[34.638296,31.442479],[34.629816,31.42965],[34.636738,31.42607],[34.636841,31.423127],[34.626508,31.416318],[34.624315,31.416838],[34.620237,31.423895],[34.613367,31.418189],[34.608058,31.41555],[34.61146,31.409159],[34.612069,31.407175],[34.611119,31.406623],[34.611762,31.404758]],[[34.576162,31.406659],[34.577088,31.406077],[34.575843,31.405497],[34.577776,31.403935],[34.582136,31.406788],[34.589007,31.409521],[34.592147,31.404483],[34.595895,31.408423],[34.604965,31.415493],[34.605333,31.418031],[34.602904,31.417028],[34.601361,31.418821],[34.602127,31.419161],[34.601014,31.422324],[34.602446,31.422998],[34.599524,31.429529],[34.597662,31.430065],[34.593654,31.429385],[34.593763,31.428742],[34.591359,31.427951],[34.588617,31.430636],[34.590319,31.433844],[34.579114,31.441534],[34.574937,31.443441],[34.573871,31.44199],[34.572984,31.441951],[34.572941,31.440593],[34.570444,31.440907],[34.568731,31.439138],[34.565589,31.438606],[34.564683,31.439306],[34.564643,31.441337],[34.559469,31.441409],[34.555244,31.42878],[34.555199,31.425355],[34.556274,31.421571],[34.561055,31.415785],[34.576162,31.406659]]]},"properties":{"FID":220,"Muni_Heb":"שדות נגב","Muni_Eng":"Sdot Negev","Sug_Muni":"מועצה אזורית","CR_PNIM":"5539","CR_LAMAS":" ","Machoz":"דרום","Hearot":"השכבה אינה סטטוטורית באופן מלא.","Eshkol_MPn":"אשכול רשויות נגב מערבי","Sign_Date":1597795200000,"Tikun1":null,"Tikun2":null,"Tikun3":null,"Tikun4":null,"Tikun5":null,"Tikun6":null,"Tikun7":null,"Tikun8":null,"Tikun9":null,"Tikun10":null,"Tikun11":null,"Tikun12":null,"Tikun13":null,"Tikun14":null,"Tikun15":null,"Precision_":"מקור וקטורי חתום","FIRST_Nafa":"באר שבע","LAST_Nafa2":" ","Shape_Leng":98901.1926377,"Shape_Area":113216020.328,"Shape__Area":155932030.84082031,"Shape__Length":116066.32887855505}},{"type":"Feature","id":221,"geometry":{"type":"Polygon","coordinates":[[[34.588635,31.550383],[34.594752,31.548848],[34.59984,31.544094],[34.603242,31.539659],[34.608206,31.544273],[34.611022,31.546335],[34.611645,31.545959],[34.6164,31.539278],[34.613656,31.53541],[34.612218,31.536093],[34.611426,31.534808],[34.609153,31.535033],[34.607701,31.533052],[34.610636,31.529321],[34.616073,31.537995],[34.616788,31.536527],[34.61703,31.531203],[34.615899,31.530408],[34.615906,31.528997],[34.613073,31.526723],[34.620242,31.517983],[34.618834,31.517252],[34.618008,31.517819],[34.617603,31.516981],[34.615299,31.518251],[34.612637,31.517775],[34.611984,31.516195],[34.613565,31.515828],[34.61183,31.513609],[34.607529,31.516628],[34.603062,31.518575],[34.600419,31.515421],[34.598355,31.516831],[34.597403,31.515334],[34.59559,31.518893],[34.593524,31.519366],[34.590287,31.51815],[34.590296,31.516885],[34.588251,31.515276],[34.590754,31.513143],[34.587608,31.511979],[34.586084,31.512776],[34.586634,31.515901],[34.58541,31.520917],[34.586329,31.521135],[34.580219,31.52911],[34.579614,31.534499],[34.58162,31.553764],[34.588635,31.550383]]]},"properties":{"FID":221,"Muni_Heb":"שדרות","Muni_Eng":"Sderot","Sug_Muni":"עירייה","CR_PNIM":"1031","CR_LAMAS":"1031","Machoz":"דרום","Hearot":"השכבה אינה סטטוטורית באופן מלא.","Eshkol_MPn":"אשכול רשויות נגב מערבי","Sign_Date":1606003200000,"Tikun1":null,"Tikun2":null,"Tikun3":null,"Tikun4":null,"Tikun5":null,"Tikun6":null,"Tikun7":null,"Tikun8":null,"Tikun9":null,"Tikun10":null,"Tikun11":null,"Tikun12":null,"Tikun13":null,"Tikun14":null,"Tikun15":null,"Precision_":"מקור וקטורי חתום","FIRST_Nafa":"אשקלון","LAST_Nafa2":" ","Shape_Leng":21049.9556088,"Shape_Area":10656333.1899,"Shape__Area":14711435.9609375,"Shape__Length":24746.99973917989}},{"type":"Feature","id":222,"geometry":{"type":"Polygon","coordinates":[[[35.15765,33.0863],[35.158562,33.084183],[35.161061,33.082669],[35.159286,33.078333],[35.160617,33.072598],[35.162645,33.07178],[35.153141,33.070637],[35.149947,33.068533],[35.14935,33.066193],[35.150835,33.060648],[35.15097,33.056319],[35.15341,33.053463],[35.153496,33.05159],[35.147326,33.047117],[35.144951,33.046818],[35.143589,33.048277],[35.143839,33.0537],[35.142568,33.056486],[35.142719,33.058543],[35.141645,33.058495],[35.142128,33.063195],[35.138873,33.063483],[35.138952,33.06472],[35.141368,33.066743],[35.140317,33.068231],[35.140037,33.070884],[35.140403,33.07313],[35.142202,33.075432],[35.135257,33.077462],[35.131653,33.075994],[35.131594,33.079011],[35.130186,33.078376],[35.130206,33.08292],[35.136208,33.08361],[35.138547,33.085036],[35.147944,33.08591],[35.151288,33.085347],[35.15765,33.0863]]]},"properties":{"FID":222,"Muni_Heb":"שלומי","Muni_Eng":"Shelomi","Sug_Muni":"מועצה מקומית","CR_PNIM":"0812","CR_LAMAS":"812","Machoz":"צפון","Hearot":"השכבה אינה סטטוטורית באופן מלא.","Eshkol_MPn":"אשכול רשויות גליל מערבי","Sign_Date":1341705600000,"Tikun1":null,"Tikun2":null,"Tikun3":null,"Tikun4":null,"Tikun5":null,"Tikun6":null,"Tikun7":null,"Tikun8":null,"Tikun9":null,"Tikun10":null,"Tikun11":null,"Tikun12":null,"Tikun13":null,"Tikun14":null,"Tikun15":null,"Precision_":"מקור וקטורי חתום","FIRST_Nafa":"עכו","LAST_Nafa2":" ","Shape_Leng":14933.1678989,"Shape_Area":5856172.16439,"Shape__Area":8362009.05078125,"Shape__Length":17847.314231642169}},{"type":"Feature","id":223,"geometry":{"type":"Polygon","coordinates":[[[35.232751,32.883851],[35.230395,32.883838],[35.229464,32.884725],[35.227007,32.882641],[35.223914,32.885511],[35.21799,32.88593],[35.221285,32.886945],[35.222511,32.888439],[35.221934,32.889758],[35.219748,32.890746],[35.217426,32.890243],[35.214132,32.891158],[35.210234,32.889623],[35.210251,32.897993],[35.205895,32.898769],[35.204407,32.897595],[35.204193,32.894556],[35.19841,32.895035],[35.197907,32.893023],[35.194905,32.894022],[35.194407,32.895628],[35.192873,32.895411],[35.192657,32.899025],[35.19494,32.898221],[35.198455,32.898878],[35.205394,32.900846],[35.207129,32.90284],[35.209209,32.901984],[35.209857,32.903017],[35.210709,32.90257],[35.21262,32.90357],[35.221333,32.901246],[35.221148,32.900394],[35.222244,32.899799],[35.221625,32.897062],[35.229001,32.894784],[35.242213,32.895067],[35.249892,32.890901],[35.251719,32.890915],[35.254146,32.888909],[35.250476,32.884343],[35.241261,32.884369],[35.236352,32.885699],[35.232751,32.883851]]]},"properties":{"FID":223,"Muni_Heb":"שעב","Muni_Eng":"Sha'ab","Sug_Muni":"מועצה מקומית","CR_PNIM":"0538","CR_LAMAS":"538","Machoz":"צפון","Hearot":"השכבה אינה סטטוטורית באופן מלא.","Eshkol_MPn":" ","Sign_Date":1335052800000,"Tikun1":null,"Tikun2":null,"Tikun3":null,"Tikun4":null,"Tikun5":null,"Tikun6":null,"Tikun7":null,"Tikun8":null,"Tikun9":null,"Tikun10":null,"Tikun11":null,"Tikun12":null,"Tikun13":null,"Tikun14":null,"Tikun15":null,"Precision_":"מקור וקטורי חתום","FIRST_Nafa":"עכו","LAST_Nafa2":" ","Shape_Leng":17399.4380314,"Shape_Area":5383542.52862,"Shape__Area":7656326.1591796875,"Shape__Length":20735.902688952439}},{"type":"Feature","id":224,"geometry":{"type":"Polygon","coordinates":[[[34.662966,31.547758],[34.669497,31.549668],[34.67129,31.548768],[34.673787,31.54962],[34.675615,31.549299],[34.678936,31.550772],[34.679516,31.549109],[34.683302,31.550127],[34.684711,31.549264],[34.686958,31.549434],[34.688667,31.545843],[34.692166,31.543222],[34.692618,31.538796],[34.694031,31.534953],[34.699699,31.530815],[34.701033,31.531317],[34.701559,31.533381],[34.702677,31.533305],[34.702737,31.535785],[34.705688,31.53543],[34.709523,31.536835],[34.709894,31.53505],[34.711446,31.53417],[34.711103,31.532215],[34.713144,31.531296],[34.713645,31.532014],[34.717715,31.531658],[34.720003,31.5283],[34.720517,31.52537],[34.717358,31.520793],[34.717078,31.517574],[34.715267,31.517289],[34.71334,31.515818],[34.713387,31.51354],[34.71634,31.512803],[34.718021,31.51141],[34.717738,31.510228],[34.720984,31.507434],[34.721047,31.506765],[34.71862,31.505567],[34.720608,31.503713],[34.719238,31.501436],[34.719569,31.499427],[34.726834,31.496411],[34.727936,31.496611],[34.72972,31.499717],[34.732146,31.497997],[34.732985,31.499306],[34.736634,31.498398],[34.738333,31.496164],[34.739784,31.4961],[34.738906,31.494436],[34.740975,31.493559],[34.740564,31.492426],[34.741476,31.4921],[34.740704,31.490751],[34.7422,31.49064],[34.742477,31.48935],[34.749116,31.487174],[34.751424,31.491892],[34.754439,31.491546],[34.753343,31.488535],[34.746703,31.482077],[34.745197,31.483131],[34.742386,31.483416],[34.742558,31.486818],[34.741982,31.487581],[34.739951,31.487707],[34.738161,31.491116],[34.735742,31.489358],[34.735889,31.487742],[34.732975,31.485845],[34.730541,31.480079],[34.73081,31.478908],[34.733476,31.477699],[34.733657,31.475675],[34.731817,31.473793],[34.733592,31.47441],[34.735644,31.473613],[34.733119,31.471458],[34.734173,31.468174],[34.733411,31.46571],[34.73575,31.466699],[34.735107,31.464789],[34.736279,31.464465],[34.736342,31.463578],[34.734819,31.463003],[34.735238,31.461573],[34.734151,31.460877],[34.735879,31.459723],[34.735742,31.454979],[34.736299,31.454685],[34.733887,31.451541],[34.727988,31.451757],[34.725024,31.45381],[34.724566,31.454593],[34.726118,31.455922],[34.725577,31.456954],[34.724652,31.456458],[34.722333,31.457683],[34.723641,31.459247],[34.724138,31.462116],[34.722658,31.462653],[34.715645,31.459167],[34.713692,31.456732],[34.711256,31.456094],[34.708763,31.456997],[34.697651,31.45805],[34.694743,31.4607],[34.690797,31.458676],[34.689423,31.460201],[34.685413,31.458045],[34.683257,31.458201],[34.680944,31.459541],[34.67942,31.462101],[34.674399,31.460454],[34.672994,31.461968],[34.672976,31.463673],[34.670481,31.46367],[34.670451,31.462644],[34.669847,31.462734],[34.667315,31.468763],[34.668636,31.472086],[34.670719,31.473601],[34.67018,31.475659],[34.674721,31.473928],[34.676947,31.470791],[34.677464,31.469506],[34.675989,31.46775],[34.67587,31.466188],[34.682351,31.463529],[34.683835,31.46452],[34.682023,31.464938],[34.684772,31.46638],[34.686858,31.466175],[34.689152,31.468349],[34.688345,31.469187],[34.690008,31.470104],[34.691859,31.468333],[34.693835,31.469056],[34.693921,31.474232],[34.69454,31.474675],[34.691559,31.47873],[34.690753,31.481244],[34.693149,31.483171],[34.688681,31.483805],[34.688393,31.485309],[34.687044,31.484433],[34.687136,31.485083],[34.684878,31.485502],[34.684184,31.487129],[34.68239,31.488207],[34.682333,31.489763],[34.680797,31.49171],[34.674361,31.493584],[34.670917,31.495678],[34.665991,31.494121],[34.665174,31.496129],[34.662875,31.496749],[34.659542,31.495442],[34.662005,31.494624],[34.662367,31.491158],[34.659762,31.492109],[34.658934,31.494131],[34.656782,31.491149],[34.652822,31.491791],[34.652244,31.49362],[34.64812,31.491233],[34.646117,31.4915],[34.649972,31.485022],[34.652515,31.483129],[34.652008,31.482432],[34.649146,31.48341],[34.645941,31.483374],[34.645036,31.484244],[34.644042,31.482719],[34.637968,31.481379],[34.638655,31.482659],[34.637363,31.486683],[34.633373,31.49292],[34.631546,31.492415],[34.627293,31.494773],[34.626564,31.494593],[34.626278,31.492931],[34.624399,31.495154],[34.623506,31.494889],[34.623413,31.491633],[34.622116,31.487479],[34.619207,31.487543],[34.61665,31.488729],[34.614954,31.485982],[34.620652,31.481572],[34.618943,31.479643],[34.617659,31.475811],[34.61565,31.474402],[34.610731,31.473384],[34.608976,31.472103],[34.609894,31.471133],[34.611843,31.472253],[34.612329,31.471366],[34.614042,31.472054],[34.615195,31.471369],[34.612348,31.468622],[34.614741,31.465698],[34.611397,31.464852],[34.610884,31.462758],[34.609322,31.463722],[34.608276,31.461854],[34.607627,31.46264],[34.601376,31.459305],[34.597929,31.456277],[34.593997,31.463877],[34.593287,31.463201],[34.591383,31.464873],[34.590342,31.463966],[34.590426,31.46255],[34.57594,31.461794],[34.574439,31.458746],[34.573501,31.460783],[34.568279,31.466063],[34.572612,31.469035],[34.572116,31.470804],[34.570889,31.470506],[34.565686,31.476452],[34.561229,31.480056],[34.557449,31.478718],[34.552841,31.481389],[34.549274,31.481195],[34.546361,31.483063],[34.542148,31.479244],[34.538165,31.477296],[34.531199,31.472196],[34.528411,31.469424],[34.533979,31.465125],[34.531235,31.46137],[34.522926,31.455713],[34.521684,31.457256],[34.515745,31.460851],[34.506424,31.453227],[34.505054,31.454201],[34.503541,31.453607],[34.50015,31.457497],[34.49552,31.458712],[34.489756,31.452635],[34.481919,31.458063],[34.479396,31.455871],[34.472708,31.460708],[34.467743,31.455448],[34.462664,31.45928],[34.465014,31.461175],[34.467438,31.46488],[34.468882,31.464648],[34.477951,31.476136],[34.486541,31.480704],[34.502919,31.493745],[34.514072,31.499496],[34.52332,31.501728],[34.537238,31.508875],[34.546925,31.512179],[34.555935,31.524805],[34.565598,31.533921],[34.567745,31.541469],[34.553083,31.551368],[34.552233,31.555253],[34.553312,31.557524],[34.546685,31.561469],[34.547324,31.562732],[34.546113,31.563531],[34.545598,31.566196],[34.542642,31.566065],[34.542452,31.570579],[34.546568,31.570774],[34.548302,31.572542],[34.551583,31.571256],[34.553667,31.569085],[34.560674,31.567243],[34.563802,31.56518],[34.566211,31.565892],[34.574008,31.575409],[34.575174,31.574124],[34.581016,31.572089],[34.585365,31.572229],[34.592916,31.570441],[34.592953,31.572595],[34.595591,31.571728],[34.595311,31.574723],[34.596022,31.576656],[34.598673,31.578321],[34.600867,31.581594],[34.603614,31.582243],[34.607307,31.580116],[34.610963,31.580717],[34.613367,31.57957],[34.613761,31.577647],[34.617807,31.573665],[34.617155,31.573008],[34.618379,31.572223],[34.617509,31.571062],[34.619485,31.570605],[34.623099,31.570019],[34.625338,31.570503],[34.625882,31.569653],[34.626262,31.574047],[34.630971,31.576011],[34.640004,31.572339],[34.641048,31.57293],[34.642924,31.572384],[34.643698,31.570113],[34.643184,31.569187],[34.646325,31.568348],[34.659807,31.571275],[34.659358,31.565888],[34.655818,31.552516],[34.662966,31.547758]],[[34.588635,31.550383],[34.58162,31.553764],[34.579614,31.534499],[34.580219,31.52911],[34.586329,31.521135],[34.58541,31.520917],[34.586634,31.515901],[34.586084,31.512776],[34.587608,31.511979],[34.590754,31.513143],[34.588251,31.515276],[34.590296,31.516885],[34.590287,31.51815],[34.593524,31.519366],[34.59559,31.518893],[34.597403,31.515334],[34.598355,31.516831],[34.600419,31.515421],[34.603062,31.518575],[34.607529,31.516628],[34.61183,31.513609],[34.613565,31.515828],[34.611984,31.516195],[34.612637,31.517775],[34.615299,31.518251],[34.617603,31.516981],[34.618008,31.517819],[34.618834,31.517252],[34.620242,31.517983],[34.613073,31.526723],[34.615906,31.528997],[34.615899,31.530408],[34.61703,31.531203],[34.616788,31.536527],[34.616073,31.537995],[34.610636,31.529321],[34.607701,31.533052],[34.609153,31.535033],[34.611426,31.534808],[34.612218,31.536093],[34.613656,31.53541],[34.6164,31.539278],[34.611645,31.545959],[34.611022,31.546335],[34.608206,31.544273],[34.603242,31.539659],[34.59984,31.544094],[34.594752,31.548848],[34.588635,31.550383]]]},"properties":{"FID":224,"Muni_Heb":"שער הנגב","Muni_Eng":"Sha'ar Hanegev","Sug_Muni":"מועצה אזורית","CR_PNIM":"5537","CR_LAMAS":" ","Machoz":"דרום","Hearot":"השכבה אינה סטטוטורית באופן מלא.","Eshkol_MPn":"אשכול רשויות נגב מערבי","Sign_Date":1606003200000,"Tikun1":null,"Tikun2":null,"Tikun3":null,"Tikun4":null,"Tikun5":null,"Tikun6":null,"Tikun7":null,"Tikun8":null,"Tikun9":null,"Tikun10":null,"Tikun11":null,"Tikun12":null,"Tikun13":null,"Tikun14":null,"Tikun15":null,"Precision_":"מקור וקטורי חתום","FIRST_Nafa":"אשקלון","LAST_Nafa2":" ","Shape_Leng":146198.578843,"Shape_Area":176157893.364,"Shape__Area":243075035.8984375,"Shape__Length":171726.91984351544}},{"type":"Feature","id":225,"geometry":{"type":"Polygon","coordinates":[[[34.722251,31.649344],[34.719279,31.649179],[34.71628,31.652607],[34.715238,31.656097],[34.717351,31.65967],[34.71888,31.664738],[34.720226,31.665095],[34.720063,31.671216],[34.72291,31.674245],[34.724034,31.676434],[34.72333,31.67738],[34.699213,31.680492],[34.684995,31.684027],[34.679689,31.683912],[34.671174,31.667259],[34.661423,31.670878],[34.660361,31.670892],[34.65929,31.669147],[34.654823,31.670419],[34.654854,31.672988],[34.652557,31.676118],[34.654349,31.675774],[34.65647,31.678857],[34.654933,31.679516],[34.652423,31.678789],[34.652177,31.682287],[34.653822,31.682852],[34.650556,31.688452],[34.650418,31.694346],[34.653646,31.694881],[34.655898,31.697782],[34.659014,31.698499],[34.659438,31.69944],[34.660747,31.698765],[34.661885,31.700424],[34.664007,31.699192],[34.665728,31.699936],[34.668036,31.699334],[34.668752,31.698215],[34.672394,31.697503],[34.676427,31.697889],[34.679073,31.697215],[34.679296,31.700061],[34.682751,31.70137],[34.682118,31.704769],[34.682711,31.706214],[34.684064,31.707004],[34.684809,31.709497],[34.687263,31.711712],[34.688403,31.711451],[34.692172,31.717426],[34.695536,31.714837],[34.697025,31.712056],[34.70215,31.710988],[34.702692,31.709746],[34.708529,31.710292],[34.711419,31.709843],[34.712832,31.708836],[34.716385,31.708938],[34.71805,31.707259],[34.719145,31.70774],[34.719538,31.706666],[34.720383,31.70736],[34.721411,31.706848],[34.720367,31.706052],[34.721413,31.705584],[34.724918,31.70559],[34.729124,31.703592],[34.735743,31.702592],[34.735274,31.701713],[34.737126,31.699029],[34.738925,31.698219],[34.738364,31.697291],[34.739034,31.696151],[34.741382,31.696205],[34.742856,31.695343],[34.741959,31.693809],[34.742501,31.692809],[34.743819,31.694296],[34.745576,31.691442],[34.747234,31.69172],[34.748057,31.690313],[34.749205,31.691122],[34.750335,31.687377],[34.754621,31.687025],[34.757262,31.68792],[34.758243,31.684204],[34.755923,31.684999],[34.756188,31.682886],[34.755105,31.68153],[34.756577,31.677773],[34.738996,31.672107],[34.738688,31.671352],[34.739273,31.670894],[34.738941,31.669041],[34.740807,31.667191],[34.741185,31.663451],[34.746731,31.662687],[34.749118,31.660821],[34.75274,31.663333],[34.754787,31.661912],[34.757181,31.664584],[34.763069,31.66638],[34.762271,31.66766],[34.763798,31.668525],[34.770874,31.667445],[34.771818,31.66512],[34.770716,31.66196],[34.76516,31.659266],[34.763509,31.656746],[34.769087,31.640454],[34.768803,31.635026],[34.767287,31.632185],[34.764661,31.629644],[34.750033,31.62184],[34.749353,31.617485],[34.750228,31.606217],[34.755139,31.597213],[34.765535,31.601034],[34.771259,31.600626],[34.77453,31.598205],[34.775359,31.596034],[34.774685,31.593308],[34.775272,31.5926],[34.777724,31.592548],[34.779832,31.589878],[34.780181,31.584732],[34.779124,31.583846],[34.778145,31.581164],[34.77884,31.579868],[34.777353,31.577678],[34.78368,31.575287],[34.787173,31.585901],[34.788631,31.584482],[34.792079,31.583164],[34.793223,31.580528],[34.792309,31.578916],[34.794243,31.576709],[34.798195,31.577607],[34.806072,31.573699],[34.807374,31.572341],[34.809975,31.571916],[34.812926,31.572563],[34.815259,31.567849],[34.813258,31.567734],[34.812776,31.570008],[34.811715,31.566027],[34.81004,31.565971],[34.81054,31.564276],[34.809518,31.563826],[34.808478,31.565238],[34.808881,31.563076],[34.807604,31.562344],[34.808607,31.56123],[34.806189,31.558809],[34.80583,31.555548],[34.803789,31.558876],[34.800687,31.558832],[34.797114,31.560778],[34.793346,31.556658],[34.789098,31.558256],[34.789009,31.558915],[34.788688,31.557786],[34.787349,31.557819],[34.78792,31.555658],[34.787306,31.555785],[34.781664,31.558398],[34.780594,31.561627],[34.772751,31.560478],[34.772667,31.55965],[34.763828,31.557507],[34.763377,31.556648],[34.765815,31.550627],[34.765176,31.542056],[34.767089,31.536417],[34.769003,31.53395],[34.768478,31.533786],[34.762484,31.533597],[34.757197,31.534391],[34.754225,31.536535],[34.753635,31.540327],[34.754191,31.541637],[34.752633,31.544644],[34.754232,31.545985],[34.754523,31.54849],[34.753397,31.549193],[34.754442,31.550792],[34.75399,31.553435],[34.754545,31.555294],[34.752885,31.560336],[34.750489,31.558295],[34.746166,31.55742],[34.743729,31.554566],[34.743815,31.553635],[34.741351,31.551389],[34.738426,31.552057],[34.738245,31.556769],[34.739257,31.559321],[34.737921,31.559946],[34.734918,31.559515],[34.734173,31.557999],[34.734551,31.556003],[34.732833,31.554922],[34.729717,31.549981],[34.726119,31.550962],[34.726547,31.551626],[34.724755,31.553976],[34.726691,31.555964],[34.725498,31.557426],[34.726822,31.558964],[34.725511,31.559256],[34.725493,31.560078],[34.728026,31.565818],[34.731644,31.567793],[34.732134,31.5693],[34.731044,31.570602],[34.733617,31.572851],[34.732948,31.573431],[34.735773,31.573759],[34.736545,31.574851],[34.738117,31.575028],[34.736071,31.579183],[34.732033,31.58342],[34.731921,31.585417],[34.72814,31.585458],[34.730663,31.589358],[34.732726,31.598043],[34.734767,31.602888],[34.731337,31.60626],[34.730777,31.609607],[34.733426,31.609351],[34.735312,31.611091],[34.739614,31.609762],[34.742668,31.614933],[34.742169,31.617926],[34.740903,31.618622],[34.74246,31.621719],[34.741727,31.62271],[34.740191,31.622835],[34.739777,31.626024],[34.743639,31.624671],[34.744753,31.62606],[34.740284,31.628289],[34.738919,31.626464],[34.738238,31.628088],[34.735187,31.628454],[34.733527,31.630036],[34.731423,31.629772],[34.729454,31.631057],[34.729652,31.631849],[34.727551,31.634357],[34.729955,31.637366],[34.72787,31.639053],[34.729498,31.639777],[34.731203,31.639426],[34.731361,31.640327],[34.722847,31.647509],[34.722251,31.649344]]]},"properties":{"FID":225,"Muni_Heb":"שפיר","Muni_Eng":"Shafir","Sug_Muni":"מועצה אזורית","CR_PNIM":"5534","CR_LAMAS":" ","Machoz":"דרום","Hearot":"השכבה אינה סטטוטורית באופן מלא.","Eshkol_MPn":" ","Sign_Date":1622419200000,"Tikun1":null,"Tikun2":null,"Tikun3":null,"Tikun4":null,"Tikun5":null,"Tikun6":null,"Tikun7":null,"Tikun8":null,"Tikun9":null,"Tikun10":null,"Tikun11":null,"Tikun12":null,"Tikun13":null,"Tikun14":null,"Tikun15":null,"Precision_":"מקור וקטורי חתום","FIRST_Nafa":"אשקלון","LAST_Nafa2":" ","Shape_Leng":99265.087142,"Shape_Area":81696426.1897,"Shape__Area":113031829.91601563,"Shape__Length":116770.43662038121}},{"type":"Feature","id":226,"geometry":{"type":"Polygon","coordinates":[[[35.159138,32.795804],[35.151504,32.800432],[35.151476,32.80253],[35.153911,32.804339],[35.147507,32.806027],[35.147197,32.808978],[35.151475,32.823133],[35.149091,32.822145],[35.142682,32.823608],[35.144933,32.827384],[35.14838,32.826146],[35.150534,32.830602],[35.154061,32.829028],[35.15285,32.824244],[35.155221,32.823632],[35.156017,32.826015],[35.154829,32.826431],[35.155863,32.828195],[35.158136,32.827142],[35.157065,32.828757],[35.159742,32.832376],[35.16171,32.829557],[35.166385,32.829983],[35.165697,32.828656],[35.166966,32.827699],[35.166292,32.825486],[35.170572,32.823723],[35.173542,32.823735],[35.176449,32.822692],[35.176509,32.817531],[35.183706,32.815101],[35.185755,32.811612],[35.187028,32.812787],[35.19413,32.811699],[35.192241,32.808353],[35.194309,32.806933],[35.194132,32.805826],[35.195829,32.805125],[35.201175,32.807897],[35.202579,32.806971],[35.202186,32.805402],[35.203892,32.803324],[35.201196,32.802856],[35.205296,32.80105],[35.204088,32.798454],[35.205764,32.798477],[35.209342,32.794835],[35.209081,32.793508],[35.21523,32.792283],[35.211545,32.791631],[35.208894,32.79208],[35.20852,32.79147],[35.204823,32.792504],[35.204227,32.79184],[35.204989,32.791386],[35.205152,32.789004],[35.202532,32.783234],[35.203903,32.781028],[35.201038,32.776848],[35.198267,32.775836],[35.200094,32.774591],[35.201179,32.772619],[35.200124,32.76971],[35.19793,32.770123],[35.197644,32.769405],[35.193058,32.771227],[35.193517,32.772595],[35.191225,32.773777],[35.187937,32.774389],[35.188215,32.776039],[35.185513,32.775695],[35.182753,32.776573],[35.177689,32.786489],[35.177093,32.791442],[35.175766,32.789878],[35.172026,32.791733],[35.170969,32.79081],[35.16818,32.791347],[35.16708,32.791717],[35.166531,32.794084],[35.162327,32.794756],[35.160037,32.796336],[35.159138,32.795804]]]},"properties":{"FID":226,"Muni_Heb":"שפרעם","Muni_Eng":"Shfar'am","Sug_Muni":"עירייה","CR_PNIM":"8800","CR_LAMAS":"8800","Machoz":"צפון","Hearot":"השכבה אינה סטטוטורית באופן מלא.","Eshkol_MPn":"אשכול רשויות המפרץ","Sign_Date":1594771200000,"Tikun1":null,"Tikun2":null,"Tikun3":null,"Tikun4":null,"Tikun5":null,"Tikun6":null,"Tikun7":null,"Tikun8":null,"Tikun9":null,"Tikun10":null,"Tikun11":null,"Tikun12":null,"Tikun13":null,"Tikun14":null,"Tikun15":null,"Precision_":"מקור וקטורי חתום","FIRST_Nafa":"עכו","LAST_Nafa2":" ","Shape_Leng":29872.8831294,"Shape_Area":19629626.9377,"Shape__Area":27860284.990234375,"Shape__Length":35591.021376720753}},{"type":"Feature","id":227,"geometry":{"type":"Polygon","coordinates":[[[34.850767,32.113599],[34.849248,32.107029],[34.846653,32.106617],[34.842964,32.108408],[34.841474,32.106895],[34.839753,32.10698],[34.835886,32.105152],[34.828729,32.105826],[34.825192,32.104929],[34.82297,32.103615],[34.824203,32.102326],[34.821181,32.101186],[34.822635,32.099136],[34.819968,32.096262],[34.819006,32.096238],[34.818229,32.097783],[34.815728,32.098166],[34.812898,32.095732],[34.809719,32.096308],[34.809754,32.095082],[34.808574,32.094383],[34.809337,32.090965],[34.806991,32.089768],[34.807067,32.091154],[34.804233,32.090996],[34.802227,32.093394],[34.801799,32.092918],[34.799136,32.084382],[34.800043,32.081342],[34.797873,32.0802],[34.801947,32.077703],[34.800623,32.072902],[34.80258,32.070445],[34.802824,32.066036],[34.804506,32.065617],[34.806154,32.061616],[34.811809,32.058621],[34.81044,32.054849],[34.81388,32.050485],[34.813255,32.044683],[34.813826,32.04459],[34.812436,32.040906],[34.809762,32.041527],[34.807265,32.034542],[34.796818,32.039717],[34.790569,32.041473],[34.788094,32.046748],[34.786015,32.046814],[34.778956,32.038387],[34.778115,32.03866],[34.774409,32.032777],[34.765519,32.036234],[34.759963,32.036463],[34.759495,32.032918],[34.755943,32.033492],[34.755282,32.031142],[34.750861,32.030589],[34.749883,32.029333],[34.74342,32.033006],[34.739145,32.033746],[34.74079,32.038562],[34.740785,32.047973],[34.748089,32.057696],[34.754032,32.060565],[34.759128,32.071641],[34.766233,32.095127],[34.771259,32.103591],[34.771514,32.109999],[34.775445,32.114144],[34.787643,32.146965],[34.802433,32.144021],[34.801333,32.14088],[34.797014,32.134338],[34.795593,32.1287],[34.797508,32.1286],[34.799859,32.130524],[34.804466,32.130694],[34.809004,32.128395],[34.81116,32.124428],[34.823566,32.123269],[34.824024,32.123983],[34.821773,32.125877],[34.819514,32.130673],[34.827591,32.130361],[34.826178,32.127851],[34.82804,32.127839],[34.828908,32.128692],[34.835798,32.128118],[34.837304,32.127693],[34.836432,32.125872],[34.839946,32.125765],[34.839946,32.123935],[34.842001,32.123336],[34.842055,32.121481],[34.844401,32.120457],[34.844276,32.119719],[34.848903,32.118703],[34.850379,32.120323],[34.852258,32.119398],[34.850767,32.113599]]]},"properties":{"FID":227,"Muni_Heb":"תל אביב - יפו","Muni_Eng":"Tel Aviv - Yafo","Sug_Muni":"עירייה","CR_PNIM":"5000","CR_LAMAS":"5000","Machoz":"תל אביב","Hearot":"השכבה אינה סטטוטורית באופן מלא.","Eshkol_MPn":" ","Sign_Date":1628035200000,"Tikun1":null,"Tikun2":null,"Tikun3":null,"Tikun4":null,"Tikun5":null,"Tikun6":null,"Tikun7":null,"Tikun8":null,"Tikun9":null,"Tikun10":null,"Tikun11":null,"Tikun12":null,"Tikun13":null,"Tikun14":null,"Tikun15":null,"Precision_":"מקור וקטורי חתום","FIRST_Nafa":"תל אביב - יפו","LAST_Nafa2":" ","Shape_Leng":51605.3365988,"Shape_Area":57096654.6963,"Shape__Area":79766469.39453125,"Shape__Length":61021.249532680034}},{"type":"Feature","id":228,"geometry":{"type":"Polygon","coordinates":[[[34.900306,32.222344],[34.897917,32.222761],[34.898063,32.225463],[34.883252,32.227855],[34.889196,32.248647],[34.890249,32.248574],[34.890456,32.249366],[34.895054,32.248781],[34.897161,32.249969],[34.895801,32.252009],[34.895341,32.255974],[34.896992,32.258004],[34.898085,32.257778],[34.899178,32.255339],[34.900359,32.255114],[34.899659,32.253415],[34.901109,32.25243],[34.905054,32.251548],[34.9083,32.251766],[34.908368,32.254378],[34.912706,32.253649],[34.912978,32.256993],[34.914588,32.256989],[34.915118,32.258505],[34.915447,32.26207],[34.922173,32.262468],[34.921994,32.26177],[34.925273,32.261369],[34.925008,32.260387],[34.926816,32.260039],[34.925906,32.256719],[34.926918,32.255962],[34.928474,32.251084],[34.928375,32.247699],[34.928094,32.246469],[34.925692,32.246091],[34.924461,32.244454],[34.919877,32.246438],[34.916769,32.24632],[34.91676,32.24578],[34.909146,32.2471],[34.89951,32.246224],[34.895263,32.241553],[34.89253,32.242193],[34.888035,32.241819],[34.887087,32.239549],[34.888254,32.23923],[34.887764,32.237322],[34.890472,32.236983],[34.890242,32.234884],[34.894989,32.235126],[34.902439,32.234205],[34.905005,32.232326],[34.911318,32.231641],[34.91213,32.230715],[34.909835,32.226824],[34.908965,32.226888],[34.907717,32.225323],[34.910095,32.224173],[34.910187,32.219496],[34.906427,32.22057],[34.905981,32.2198],[34.900306,32.222344]]]},"properties":{"FID":228,"Muni_Heb":"תל מונד","Muni_Eng":"Tel Mond","Sug_Muni":"מועצה מקומית","CR_PNIM":"0154","CR_LAMAS":"154","Machoz":"מרכז","Hearot":"השכבה אינה סטטוטורית באופן מלא.","Eshkol_MPn":" ","Sign_Date":1231718400000,"Tikun1":null,"Tikun2":null,"Tikun3":null,"Tikun4":null,"Tikun5":null,"Tikun6":null,"Tikun7":null,"Tikun8":null,"Tikun9":null,"Tikun10":null,"Tikun11":null,"Tikun12":null,"Tikun13":null,"Tikun14":null,"Tikun15":null,"Precision_":"מקור וקטורי חתום","FIRST_Nafa":"השרון","LAST_Nafa2":" ","Shape_Leng":23328.8917244,"Shape_Area":7127004.23286,"Shape__Area":9991094.2705078125,"Shape__Length":27614.443584774312}},{"type":"Feature","id":229,"geometry":{"type":"Polygon","coordinates":[[[34.854226,31.237098],[34.852633,31.236723],[34.851563,31.238736],[34.848918,31.240745],[34.844403,31.241303],[34.843538,31.243],[34.84424,31.244072],[34.844066,31.24703],[34.83713,31.246378],[34.835121,31.248855],[34.837279,31.249548],[34.837583,31.248057],[34.838865,31.247155],[34.839568,31.248276],[34.842352,31.247463],[34.845412,31.248207],[34.84905,31.251371],[34.849471,31.252921],[34.85241,31.254394],[34.862747,31.262669],[34.86657,31.264005],[34.869867,31.263563],[34.86894,31.265906],[34.873728,31.263915],[34.880239,31.259074],[34.884731,31.25811],[34.884865,31.252694],[34.88627,31.249323],[34.887113,31.242039],[34.888203,31.239796],[34.880033,31.236524],[34.876282,31.236334],[34.873544,31.237922],[34.86931,31.23715],[34.868316,31.239055],[34.864871,31.23848],[34.862099,31.235264],[34.856676,31.238431],[34.854226,31.237098]]]},"properties":{"FID":229,"Muni_Heb":"תל שבע","Muni_Eng":"Tel Sheva","Sug_Muni":"מועצה מקומית","CR_PNIM":"1054","CR_LAMAS":"1054","Machoz":"דרום","Hearot":"השכבה אינה סטטוטורית באופן מלא.","Eshkol_MPn":" ","Sign_Date":1222041600000,"Tikun1":null,"Tikun2":null,"Tikun3":null,"Tikun4":null,"Tikun5":null,"Tikun6":null,"Tikun7":null,"Tikun8":null,"Tikun9":null,"Tikun10":null,"Tikun11":null,"Tikun12":null,"Tikun13":null,"Tikun14":null,"Tikun15":null,"Precision_":"מקור וקטורי חתום","FIRST_Nafa":"באר שבע","LAST_Nafa2":" ","Shape_Leng":15352.435964,"Shape_Area":9421072.34234,"Shape__Area":12929342.40234375,"Shape__Length":17979.579388536193}},{"type":"Feature","id":230,"geometry":{"type":"Polygon","coordinates":[[[34.811376,32.147367],[34.812774,32.151318],[34.816089,32.150323],[34.816653,32.152375],[34.819596,32.151788],[34.824574,32.155433],[34.826217,32.160222],[34.828878,32.160577],[34.834799,32.159765],[34.835385,32.158985],[34.833681,32.154058],[34.829848,32.154629],[34.827654,32.150266],[34.822737,32.15116],[34.822192,32.149026],[34.824249,32.148674],[34.820615,32.140711],[34.817555,32.141905],[34.817143,32.143191],[34.810407,32.144501],[34.811376,32.147367]]]},"properties":{"FID":230,"Muni_Heb":"חוף השרון","Muni_Eng":"Hof Hasharon","Sug_Muni":"מועצה אזורית","CR_PNIM":"5519","CR_LAMAS":" ","Machoz":"תל אביב","Hearot":"השכבה אינה סטטוטורית באופן מלא.","Eshkol_MPn":" ","Sign_Date":1666483200000,"Tikun1":null,"Tikun2":null,"Tikun3":null,"Tikun4":null,"Tikun5":null,"Tikun6":null,"Tikun7":null,"Tikun8":null,"Tikun9":null,"Tikun10":null,"Tikun11":null,"Tikun12":null,"Tikun13":null,"Tikun14":null,"Tikun15":null,"Precision_":"מקור וקטורי חתום","FIRST_Nafa":"תל אביב - יפו","LAST_Nafa2":" ","Shape_Leng":8364.29299871,"Shape_Area":1896981.18329,"Shape__Area":2653997.4189453125,"Shape__Length":9894.0001869237931}},{"type":"Feature","id":231,"geometry":{"type":"Polygon","coordinates":[[[34.846255,32.201542],[34.84619,32.205271],[34.850134,32.205431],[34.850058,32.20705],[34.862743,32.207015],[34.86275,32.208183],[34.865707,32.208815],[34.866874,32.208628],[34.866962,32.207215],[34.871339,32.207772],[34.872248,32.198887],[34.880655,32.199457],[34.879657,32.209505],[34.881512,32.209676],[34.887322,32.204058],[34.886803,32.199021],[34.885096,32.198906],[34.88519,32.197978],[34.889016,32.191038],[34.890292,32.184983],[34.888537,32.178198],[34.891242,32.175256],[34.889134,32.173075],[34.885001,32.171307],[34.878599,32.172657],[34.873063,32.172521],[34.872197,32.169667],[34.856874,32.17265],[34.856911,32.177716],[34.848511,32.181187],[34.842644,32.18591],[34.837211,32.186421],[34.836789,32.187493],[34.836894,32.190999],[34.843569,32.191851],[34.8437,32.19766],[34.840718,32.197788],[34.841658,32.19901],[34.846314,32.199041],[34.846255,32.201542]]]},"properties":{"FID":231,"Muni_Heb":"רעננה","Muni_Eng":"Ra'anana","Sug_Muni":"עירייה","CR_PNIM":"8700","CR_LAMAS":"8700","Machoz":"מרכז","Hearot":"השכבה אינה סטטוטורית באופן מלא.","Eshkol_MPn":"אשכול רשויות השרון","Sign_Date":1478563200000,"Tikun1":null,"Tikun2":null,"Tikun3":null,"Tikun4":null,"Tikun5":null,"Tikun6":null,"Tikun7":null,"Tikun8":null,"Tikun9":null,"Tikun10":null,"Tikun11":null,"Tikun12":null,"Tikun13":null,"Tikun14":null,"Tikun15":null,"Precision_":"מקור וקטורי חתום","FIRST_Nafa":" ","LAST_Nafa2":" ","Shape_Leng":20457.9256127,"Shape_Area":14862394.8083,"Shape__Area":20810948.618164063,"Shape__Length":24207.616269639926}},{"type":"Feature","id":232,"geometry":{"type":"Polygon","coordinates":[[[35.176982,32.563696],[35.178865,32.563337],[35.179694,32.560213],[35.180923,32.560991],[35.180883,32.558249],[35.183886,32.555066],[35.183542,32.554184],[35.181007,32.552935],[35.181598,32.552038],[35.18103,32.550459],[35.178272,32.549322],[35.173909,32.545426],[35.174835,32.544309],[35.177259,32.543729],[35.183523,32.54397],[35.182871,32.542384],[35.183881,32.5415],[35.187689,32.542953],[35.191268,32.540753],[35.194041,32.540394],[35.194038,32.539345],[35.193112,32.539664],[35.192164,32.538596],[35.191336,32.539207],[35.19076,32.538294],[35.191278,32.537214],[35.189879,32.535785],[35.191303,32.535422],[35.190811,32.533307],[35.183811,32.533009],[35.184962,32.530705],[35.183014,32.530439],[35.18169,32.529077],[35.181752,32.528106],[35.182635,32.528011],[35.181973,32.527614],[35.183236,32.526627],[35.182384,32.526811],[35.182234,32.52608],[35.18313,32.52535],[35.187612,32.525043],[35.189132,32.526559],[35.187091,32.523489],[35.180107,32.524092],[35.177071,32.520306],[35.176779,32.518377],[35.16769,32.511023],[35.163969,32.508872],[35.163236,32.510016],[35.162214,32.509239],[35.161448,32.506466],[35.159233,32.504977],[35.156369,32.50542],[35.15499,32.507045],[35.154119,32.506242],[35.148961,32.507185],[35.147913,32.508587],[35.143508,32.5077],[35.141678,32.506385],[35.132365,32.508403],[35.133078,32.510075],[35.130926,32.510843],[35.125503,32.50743],[35.120546,32.506745],[35.119453,32.511136],[35.12158,32.513675],[35.120293,32.514847],[35.114816,32.510847],[35.112683,32.513194],[35.111109,32.515509],[35.116007,32.516699],[35.113339,32.518192],[35.113437,32.521687],[35.116863,32.521397],[35.117071,32.519204],[35.120336,32.518791],[35.124733,32.524336],[35.122889,32.524996],[35.122771,32.526309],[35.119835,32.527279],[35.120455,32.529512],[35.114811,32.530166],[35.115127,32.533222],[35.114369,32.533129],[35.114474,32.534386],[35.115061,32.536378],[35.1162,32.537019],[35.112726,32.539335],[35.111682,32.538667],[35.109659,32.539538],[35.108436,32.539192],[35.108904,32.542145],[35.1116,32.541101],[35.138455,32.541285],[35.141841,32.542645],[35.143546,32.547004],[35.141666,32.550583],[35.142172,32.554346],[35.142944,32.552896],[35.145438,32.551854],[35.145266,32.550358],[35.148675,32.545467],[35.149491,32.542795],[35.152675,32.540329],[35.151508,32.53949],[35.15281,32.53852],[35.151715,32.537492],[35.153446,32.537494],[35.154866,32.536377],[35.153882,32.537732],[35.155776,32.538085],[35.15632,32.537467],[35.157976,32.539992],[35.16217,32.539675],[35.1619,32.540976],[35.162951,32.540933],[35.163226,32.5428],[35.164125,32.543059],[35.162753,32.543947],[35.165021,32.548043],[35.161252,32.545857],[35.163456,32.549873],[35.165636,32.551999],[35.16518,32.55224],[35.166442,32.554373],[35.171722,32.558708],[35.172242,32.562134],[35.176982,32.563696]]]},"properties":{"FID":232,"Muni_Heb":"אום אל פחם","Muni_Eng":"Um al Fahem","Sug_Muni":"עירייה","CR_PNIM":"2710","CR_LAMAS":"2710","Machoz":"חיפה","Hearot":"השכבה אינה סטטוטורית באופן מלא.","Eshkol_MPn":" ","Sign_Date":1116979200000,"Tikun1":null,"Tikun2":null,"Tikun3":null,"Tikun4":null,"Tikun5":null,"Tikun6":null,"Tikun7":null,"Tikun8":null,"Tikun9":null,"Tikun10":null,"Tikun11":null,"Tikun12":null,"Tikun13":null,"Tikun14":null,"Tikun15":null,"Precision_":"מקור וקטורי חתום","FIRST_Nafa":"חדרה","LAST_Nafa2":" ","Shape_Leng":41189.942332,"Shape_Area":25729468.7786,"Shape__Area":36297686.885742188,"Shape__Length":48916.155015465207}},{"type":"Feature","id":233,"geometry":{"type":"Polygon","coordinates":[[[35.121213,32.505353],[35.124412,32.505694],[35.130005,32.508599],[35.12576,32.502041],[35.121371,32.501037],[35.119178,32.504392],[35.121582,32.50457],[35.121213,32.505353]]]},"properties":{"FID":233,"Muni_Heb":"אום אל פחם","Muni_Eng":"Um al Fahem","Sug_Muni":"עירייה","CR_PNIM":"2710","CR_LAMAS":"2710","Machoz":"חיפה","Hearot":"השכבה אינה סטטוטורית באופן מלא.","Eshkol_MPn":" ","Sign_Date":1116979200000,"Tikun1":null,"Tikun2":null,"Tikun3":null,"Tikun4":null,"Tikun5":null,"Tikun6":null,"Tikun7":null,"Tikun8":null,"Tikun9":null,"Tikun10":null,"Tikun11":null,"Tikun12":null,"Tikun13":null,"Tikun14":null,"Tikun15":null,"Precision_":"מקור וקטורי חתום","FIRST_Nafa":"חדרה","LAST_Nafa2":" ","Shape_Leng":2963.85733996,"Shape_Area":298824.72665,"Shape__Area":421330.5615234375,"Shape__Length":3518.1846786430378}},{"type":"Feature","id":234,"geometry":{"type":"Polygon","coordinates":[[[34.929219,32.523662],[34.930697,32.506844],[34.919788,32.480673],[34.91701,32.481589],[34.913045,32.484339],[34.917231,32.488841],[34.918529,32.493547],[34.918033,32.496327],[34.91178,32.511656],[34.91449,32.523115],[34.921104,32.524028],[34.929219,32.523662]]]},"properties":{"FID":234,"Muni_Heb":"אור עקיבא","Muni_Eng":"Or Akiva","Sug_Muni":"עירייה","CR_PNIM":"1020","CR_LAMAS":"1020","Machoz":"חיפה","Hearot":"השכבה אינה סטטוטורית באופן מלא.","Eshkol_MPn":" ","Sign_Date":1274659200000,"Tikun1":null,"Tikun2":null,"Tikun3":null,"Tikun4":null,"Tikun5":null,"Tikun6":null,"Tikun7":null,"Tikun8":null,"Tikun9":null,"Tikun10":null,"Tikun11":null,"Tikun12":null,"Tikun13":null,"Tikun14":null,"Tikun15":null,"Precision_":"מקור וקטורי חתום","FIRST_Nafa":"חדרה","LAST_Nafa2":" ","Shape_Leng":11780.0963113,"Shape_Area":5317660.43269,"Shape__Area":7498025.6279296875,"Shape__Length":14005.025920830127}},{"type":"Feature","id":235,"geometry":{"type":"Polygon","coordinates":[[[34.934542,32.50034],[34.93602,32.500489],[34.940053,32.497792],[34.937596,32.495068],[34.932164,32.498685],[34.934542,32.50034]]]},"properties":{"FID":235,"Muni_Heb":"אור עקיבא","Muni_Eng":"Or Akiva","Sug_Muni":"עירייה","CR_PNIM":"1020","CR_LAMAS":"1020","Machoz":"חיפה","Hearot":"השכבה אינה סטטוטורית באופן מלא.","Eshkol_MPn":" ","Sign_Date":1274659200000,"Tikun1":null,"Tikun2":null,"Tikun3":null,"Tikun4":null,"Tikun5":null,"Tikun6":null,"Tikun7":null,"Tikun8":null,"Tikun9":null,"Tikun10":null,"Tikun11":null,"Tikun12":null,"Tikun13":null,"Tikun14":null,"Tikun15":null,"Precision_":"מקור וקטורי חתום","FIRST_Nafa":"חדרה","LAST_Nafa2":" ","Shape_Leng":1977.32320441,"Shape_Area":228339.19351,"Shape__Area":321901.4501953125,"Shape__Length":2346.9281636787464}},{"type":"Feature","id":236,"geometry":{"type":"Polygon","coordinates":[[[34.977679,29.763117],[34.97845,29.762929],[34.978089,29.760637],[34.975315,29.76018],[34.973976,29.761269],[34.974775,29.762503],[34.977679,29.763117]]]},"properties":{"FID":236,"Muni_Heb":"אילת","Muni_Eng":"Eilat","Sug_Muni":"עירייה","CR_PNIM":"2600","CR_LAMAS":"2600","Machoz":"דרום","Hearot":"השכבה אינה סטטוטורית באופן מלא.","Eshkol_MPn":" ","Sign_Date":1608508800000,"Tikun1":null,"Tikun2":null,"Tikun3":null,"Tikun4":null,"Tikun5":null,"Tikun6":null,"Tikun7":null,"Tikun8":null,"Tikun9":null,"Tikun10":null,"Tikun11":null,"Tikun12":null,"Tikun13":null,"Tikun14":null,"Tikun15":null,"Precision_":"מקור וקטורי חתום","FIRST_Nafa":"באר שבע","LAST_Nafa2":" ","Shape_Leng":1285.23039195,"Shape_Area":107740.48339,"Shape__Area":143452.892578125,"Shape__Length":1482.2117429785847}},{"type":"Feature","id":237,"geometry":{"type":"Polygon","coordinates":[[[35.020599,29.754661],[35.022808,29.75419],[35.021422,29.749239],[35.022125,29.749089],[35.010379,29.707111],[35.009275,29.707346],[35.007399,29.700642],[34.994259,29.691302],[34.994917,29.697163],[34.993023,29.694819],[34.991534,29.695432],[34.993974,29.700038],[34.996105,29.707263],[34.991239,29.709118],[34.992555,29.709444],[34.998746,29.715942],[35.005325,29.738153],[35.014008,29.737796],[35.014961,29.750617],[35.019213,29.74971],[35.020599,29.754661]]]},"properties":{"FID":237,"Muni_Heb":"אילת","Muni_Eng":"Eilat","Sug_Muni":"עירייה","CR_PNIM":"2600","CR_LAMAS":"2600","Machoz":"דרום","Hearot":"השכבה אינה סטטוטורית באופן מלא.","Eshkol_MPn":" ","Sign_Date":1608508800000,"Tikun1":null,"Tikun2":null,"Tikun3":null,"Tikun4":null,"Tikun5":null,"Tikun6":null,"Tikun7":null,"Tikun8":null,"Tikun9":null,"Tikun10":null,"Tikun11":null,"Tikun12":null,"Tikun13":null,"Tikun14":null,"Tikun15":null,"Precision_":"מקור וקטורי חתום","FIRST_Nafa":"באר שבע","LAST_Nafa2":" ","Shape_Leng":18132.6916422,"Shape_Area":7392427.22882,"Shape__Area":9834756.9990234375,"Shape__Length":20941.907822284982}},{"type":"Feature","id":238,"geometry":{"type":"Polygon","coordinates":[[[34.966927,29.743769],[34.967357,29.742833],[34.966081,29.742526],[34.96583,29.743266],[34.966927,29.743769]]]},"properties":{"FID":238,"Muni_Heb":"אילת","Muni_Eng":"Eilat","Sug_Muni":"עירייה","CR_PNIM":"2600","CR_LAMAS":"2600","Machoz":"דרום","Hearot":"השכבה אינה סטטוטורית באופן מלא.","Eshkol_MPn":" ","Sign_Date":1608508800000,"Tikun1":null,"Tikun2":null,"Tikun3":null,"Tikun4":null,"Tikun5":null,"Tikun6":null,"Tikun7":null,"Tikun8":null,"Tikun9":null,"Tikun10":null,"Tikun11":null,"Tikun12":null,"Tikun13":null,"Tikun14":null,"Tikun15":null,"Precision_":"מקור וקטורי חתום","FIRST_Nafa":"באר שבע","LAST_Nafa2":" ","Shape_Leng":495.094940487,"Shape_Area":17116.520404,"Shape__Area":22781.6982421875,"Shape__Length":571.05781568129612}},{"type":"Feature","id":239,"geometry":{"type":"Polygon","coordinates":[[[34.868121,29.599782],[34.869966,29.596425],[34.872944,29.5954],[34.877169,29.591742],[34.879407,29.588112],[34.88384,29.587589],[34.885987,29.585967],[34.886156,29.581463],[34.887089,29.579425],[34.886306,29.576254],[34.884192,29.576523],[34.883929,29.575223],[34.888999,29.573476],[34.889653,29.571349],[34.89258,29.570112],[34.893112,29.568182],[34.902458,29.567394],[34.903356,29.568127],[34.902515,29.570335],[34.899651,29.572159],[34.899472,29.573213],[34.901939,29.571374],[34.902413,29.572671],[34.902564,29.571225],[34.903826,29.570302],[34.90502,29.573005],[34.908212,29.573672],[34.905154,29.571557],[34.907719,29.566871],[34.920726,29.577286],[34.920721,29.615628],[34.94832,29.633708],[34.988612,29.633774],[34.984903,29.612218],[34.995223,29.61054],[34.991537,29.603714],[34.986366,29.605903],[34.983682,29.602668],[34.980564,29.592855],[34.974361,29.581092],[34.956888,29.588723],[34.954234,29.584613],[34.958439,29.576834],[34.962306,29.577256],[34.966286,29.574525],[34.968352,29.574371],[34.969926,29.575874],[34.968699,29.577586],[34.969826,29.580142],[34.969291,29.580105],[34.971211,29.580642],[34.973638,29.579793],[34.972647,29.577896],[34.974179,29.576573],[34.972519,29.57433],[34.972361,29.572196],[34.974416,29.569671],[34.9755,29.570314],[34.975529,29.573892],[34.976188,29.573851],[34.976304,29.575417],[34.978656,29.576823],[34.977921,29.540093],[34.956655,29.546513],[34.952209,29.545552],[34.951561,29.544536],[34.952449,29.544716],[34.950139,29.541431],[34.949237,29.542056],[34.94845,29.541638],[34.950213,29.540467],[34.949005,29.538947],[34.947345,29.53766],[34.945258,29.538421],[34.943514,29.536215],[34.943865,29.53538],[34.941984,29.533639],[34.94308,29.533798],[34.942922,29.533049],[34.937018,29.527178],[34.938657,29.525959],[34.936811,29.523511],[34.934209,29.522418],[34.932572,29.523542],[34.930747,29.520303],[34.928839,29.51889],[34.932134,29.516697],[34.930728,29.51514],[34.930568,29.512186],[34.922588,29.50357],[34.921528,29.500308],[34.916253,29.495552],[34.909896,29.492424],[34.907575,29.489448],[34.904554,29.4874],[34.902218,29.490606],[34.903699,29.493506],[34.895437,29.512553],[34.88494,29.527605],[34.87851,29.543402],[34.872673,29.579412],[34.866386,29.597232],[34.868121,29.599782]],[[34.968,29.556614],[34.966989,29.554474],[34.972424,29.552812],[34.972523,29.555097],[34.968,29.556614]]]},"properties":{"FID":239,"Muni_Heb":"אילת","Muni_Eng":"Eilat","Sug_Muni":"עירייה","CR_PNIM":"2600","CR_LAMAS":"2600","Machoz":"דרום","Hearot":"השכבה אינה סטטוטורית באופן מלא.","Eshkol_MPn":" ","Sign_Date":1608508800000,"Tikun1":null,"Tikun2":null,"Tikun3":null,"Tikun4":null,"Tikun5":null,"Tikun6":null,"Tikun7":null,"Tikun8":null,"Tikun9":null,"Tikun10":null,"Tikun11":null,"Tikun12":null,"Tikun13":null,"Tikun14":null,"Tikun15":null,"Precision_":"מקור וקטורי חתום","FIRST_Nafa":"באר שבע","LAST_Nafa2":" ","Shape_Leng":70797.6288452,"Shape_Area":93614487.9645,"Shape__Area":124171256.12792969,"Shape__Length":81584.939531114331}},{"type":"Feature","id":240,"geometry":{"type":"Polygon","coordinates":[[[34.989573,29.626308],[34.997807,29.623918],[34.996362,29.619849],[34.989756,29.621565],[34.989573,29.626308]]]},"properties":{"FID":240,"Muni_Heb":"אילת","Muni_Eng":"Eilat","Sug_Muni":"עירייה","CR_PNIM":"2600","CR_LAMAS":"2600","Machoz":"דרום","Hearot":"השכבה אינה סטטוטורית באופן מלא.","Eshkol_MPn":" ","Sign_Date":1608508800000,"Tikun1":null,"Tikun2":null,"Tikun3":null,"Tikun4":null,"Tikun5":null,"Tikun6":null,"Tikun7":null,"Tikun8":null,"Tikun9":null,"Tikun10":null,"Tikun11":null,"Tikun12":null,"Tikun13":null,"Tikun14":null,"Tikun15":null,"Precision_":"מקור וקטורי חתום","FIRST_Nafa":"באר שבע","LAST_Nafa2":" ","Shape_Leng":2519.124259,"Shape_Area":360743.088395,"Shape__Area":479007.4228515625,"Shape__Length":2901.8931038476608}},{"type":"Feature","id":241,"geometry":{"type":"Polygon","coordinates":[[[35.310749,32.769454],[35.312459,32.768805],[35.311239,32.767371],[35.30152,32.77058],[35.302425,32.772208],[35.301751,32.77291],[35.302094,32.777014],[35.300876,32.778439],[35.299345,32.778571],[35.297715,32.780538],[35.299183,32.781195],[35.296542,32.78309],[35.29685,32.786152],[35.298096,32.7871],[35.297891,32.788947],[35.300203,32.789227],[35.301279,32.787441],[35.302666,32.788324],[35.302358,32.78589],[35.30312,32.784911],[35.307189,32.786015],[35.306021,32.789897],[35.313985,32.790596],[35.330195,32.793901],[35.343673,32.799489],[35.344571,32.797735],[35.336528,32.79456],[35.333542,32.790873],[35.32835,32.787856],[35.322728,32.78622],[35.315129,32.786583],[35.315613,32.784888],[35.310368,32.783972],[35.307551,32.782132],[35.311141,32.77904],[35.310954,32.77719],[35.310023,32.777321],[35.310724,32.774841],[35.315154,32.772278],[35.314972,32.77167],[35.313294,32.771781],[35.310749,32.769454]]]},"properties":{"FID":241,"Muni_Heb":"אל בטוף","Muni_Eng":"al Batuf","Sug_Muni":"מועצה אזורית","CR_PNIM":"5565","CR_LAMAS":" ","Machoz":"צפון","Hearot":"השכבה אינה סטטוטורית באופן מלא.","Eshkol_MPn":"אשכול רשויות הכנרת והעמקים","Sign_Date":1622419200000,"Tikun1":null,"Tikun2":null,"Tikun3":null,"Tikun4":null,"Tikun5":null,"Tikun6":null,"Tikun7":null,"Tikun8":null,"Tikun9":null,"Tikun10":null,"Tikun11":null,"Tikun12":null,"Tikun13":null,"Tikun14":null,"Tikun15":null,"Precision_":"מקור וקטורי חתום","FIRST_Nafa":"יזרעאל","LAST_Nafa2":"כנרת","Shape_Leng":16614.4407732,"Shape_Area":3799123.62386,"Shape__Area":5389887.89453125,"Shape__Length":19778.285382666367}},{"type":"Feature","id":242,"geometry":{"type":"Polygon","coordinates":[[[35.490187,32.828166],[35.482956,32.830204],[35.48341,32.831057],[35.487197,32.831867],[35.487792,32.832903],[35.489205,32.833148],[35.489536,32.832265],[35.495118,32.831185],[35.495397,32.828513],[35.50029,32.830065],[35.50099,32.831201],[35.501829,32.830869],[35.492065,32.827111],[35.493335,32.826699],[35.49187,32.826901],[35.492904,32.827605],[35.490187,32.828166]]]},"properties":{"FID":242,"Muni_Heb":"אל בטוף","Muni_Eng":"al Batuf","Sug_Muni":"מועצה אזורית","CR_PNIM":"5565","CR_LAMAS":" ","Machoz":"צפון","Hearot":"השכבה אינה סטטוטורית באופן מלא.","Eshkol_MPn":"אשכול רשויות הכנרת והעמקים","Sign_Date":1622419200000,"Tikun1":null,"Tikun2":null,"Tikun3":null,"Tikun4":null,"Tikun5":null,"Tikun6":null,"Tikun7":null,"Tikun8":null,"Tikun9":null,"Tikun10":null,"Tikun11":null,"Tikun12":null,"Tikun13":null,"Tikun14":null,"Tikun15":null,"Precision_":"מקור וקטורי חתום","FIRST_Nafa":"יזרעאל","LAST_Nafa2":"כנרת","Shape_Leng":5129.2023685,"Shape_Area":425398.536457,"Shape__Area":604135.55859375,"Shape__Length":6105.8206409959994}},{"type":"Feature","id":243,"geometry":{"type":"Polygon","coordinates":[[[34.996099,31.253401],[34.996641,31.253222],[34.995109,31.250003],[34.996791,31.248683],[34.996881,31.247597],[34.993338,31.246658],[34.987881,31.243031],[34.98246,31.241744],[34.982563,31.238431],[34.979697,31.237439],[34.9755,31.24077],[34.970566,31.240353],[34.970478,31.241499],[34.969233,31.242201],[34.968875,31.244328],[34.966892,31.246037],[34.964641,31.245682],[34.963345,31.246928],[34.962673,31.24489],[34.961213,31.245397],[34.963243,31.246988],[34.961625,31.24805],[34.959042,31.245369],[34.957154,31.244794],[34.954843,31.245361],[34.952884,31.246987],[34.952953,31.244442],[34.951378,31.244439],[34.951375,31.245521],[34.952315,31.245523],[34.952824,31.247227],[34.952239,31.251158],[34.951218,31.252029],[34.952156,31.256546],[34.950893,31.258218],[34.946811,31.260258],[34.947731,31.261852],[34.947565,31.263673],[34.947248,31.264226],[34.944364,31.264085],[34.944186,31.266067],[34.953285,31.268403],[34.95522,31.267017],[34.957685,31.266592],[34.97116,31.265987],[34.976541,31.266961],[34.992223,31.263303],[34.995253,31.261923],[34.999222,31.262219],[34.997793,31.259178],[34.999643,31.256774],[34.999036,31.254949],[34.996212,31.254427],[34.996099,31.253401]]]},"properties":{"FID":243,"Muni_Heb":"אל קסום","Muni_Eng":"al Kasum","Sug_Muni":"מועצה אזורית","CR_PNIM":"5569","CR_LAMAS":" ","Machoz":"דרום","Hearot":"השכבה אינה סטטוטורית באופן מלא.","Eshkol_MPn":"אשכול רשויות נגב מזרחי","Sign_Date":1530057600000,"Tikun1":null,"Tikun2":null,"Tikun3":null,"Tikun4":null,"Tikun5":null,"Tikun6":null,"Tikun7":null,"Tikun8":null,"Tikun9":null,"Tikun10":null,"Tikun11":null,"Tikun12":null,"Tikun13":null,"Tikun14":null,"Tikun15":null,"Precision_":"מקור וקטורי חתום","FIRST_Nafa":"באר שבע","LAST_Nafa2":" ","Shape_Leng":18199.8921729,"Shape_Area":11067611.442,"Shape__Area":15191176.966796875,"Shape__Length":21311.951733720194}},{"type":"Feature","id":244,"geometry":{"type":"Polygon","coordinates":[[[34.930149,31.28662],[34.922304,31.281874],[34.920991,31.279724],[34.918917,31.280332],[34.917651,31.277304],[34.920387,31.2759],[34.918511,31.273913],[34.915481,31.276759],[34.913612,31.274716],[34.911243,31.277024],[34.910617,31.276703],[34.910363,31.27719],[34.911597,31.277688],[34.909795,31.279637],[34.90875,31.279406],[34.904101,31.284347],[34.902761,31.283928],[34.900508,31.28483],[34.900455,31.286222],[34.903202,31.290578],[34.910037,31.289678],[34.910688,31.291236],[34.912085,31.291829],[34.920184,31.291338],[34.922525,31.292181],[34.921512,31.29338],[34.930149,31.28662]]]},"properties":{"FID":244,"Muni_Heb":"אל קסום","Muni_Eng":"al Kasum","Sug_Muni":"מועצה אזורית","CR_PNIM":"5569","CR_LAMAS":" ","Machoz":"דרום","Hearot":"השכבה אינה סטטוטורית באופן מלא.","Eshkol_MPn":"אשכול רשויות נגב מזרחי","Sign_Date":1530057600000,"Tikun1":null,"Tikun2":null,"Tikun3":null,"Tikun4":null,"Tikun5":null,"Tikun6":null,"Tikun7":null,"Tikun8":null,"Tikun9":null,"Tikun10":null,"Tikun11":null,"Tikun12":null,"Tikun13":null,"Tikun14":null,"Tikun15":null,"Precision_":"מקור וקטורי חתום","FIRST_Nafa":"באר שבע","LAST_Nafa2":" ","Shape_Leng":9372.52240423,"Shape_Area":3070992.92643,"Shape__Area":4217818.2626953125,"Shape__Length":10979.870058125814}},{"type":"Feature","id":245,"geometry":{"type":"Polygon","coordinates":[[[34.871796,31.287249],[34.877927,31.289144],[34.885922,31.295157],[34.889101,31.290083],[34.89045,31.282736],[34.892684,31.276856],[34.892061,31.272014],[34.893406,31.267399],[34.891443,31.26513],[34.889703,31.2661],[34.887253,31.265936],[34.888102,31.262007],[34.886659,31.261985],[34.885415,31.258122],[34.880407,31.258992],[34.873728,31.263915],[34.868905,31.265908],[34.867999,31.269005],[34.868274,31.27466],[34.870836,31.283088],[34.869632,31.286728],[34.871796,31.287249]]]},"properties":{"FID":245,"Muni_Heb":"אל קסום","Muni_Eng":"al Kasum","Sug_Muni":"מועצה אזורית","CR_PNIM":"5569","CR_LAMAS":" ","Machoz":"דרום","Hearot":"השכבה אינה סטטוטורית באופן מלא.","Eshkol_MPn":"אשכול רשויות נגב מזרחי","Sign_Date":1530057600000,"Tikun1":null,"Tikun2":null,"Tikun3":null,"Tikun4":null,"Tikun5":null,"Tikun6":null,"Tikun7":null,"Tikun8":null,"Tikun9":null,"Tikun10":null,"Tikun11":null,"Tikun12":null,"Tikun13":null,"Tikun14":null,"Tikun15":null,"Precision_":"מקור וקטורי חתום","FIRST_Nafa":"באר שבע","LAST_Nafa2":" ","Shape_Leng":11095.4216002,"Shape_Area":6643532.23901,"Shape__Area":9122632.3779296875,"Shape__Length":13012.129879607204}},{"type":"Feature","id":246,"geometry":{"type":"Polygon","coordinates":[[[35.056675,31.298214],[35.057935,31.297948],[35.056285,31.296715],[35.057262,31.295253],[35.064821,31.301062],[35.066229,31.301041],[35.068885,31.299441],[35.069697,31.299581],[35.070399,31.301207],[35.072963,31.301215],[35.073068,31.303631],[35.074339,31.304631],[35.075244,31.309566],[35.079451,31.314909],[35.082496,31.312955],[35.08316,31.311062],[35.082732,31.309819],[35.083515,31.308968],[35.079888,31.306439],[35.080127,31.304167],[35.083591,31.301139],[35.089009,31.299054],[35.089743,31.297104],[35.080767,31.280401],[35.078125,31.278138],[35.072713,31.275926],[35.070271,31.27611],[35.064444,31.271463],[35.062064,31.267394],[35.060869,31.259555],[35.061487,31.258845],[35.059798,31.259149],[35.061123,31.261394],[35.059924,31.261544],[35.047908,31.260714],[35.042993,31.261988],[35.041145,31.260603],[35.042361,31.260296],[35.04212,31.2596],[35.040047,31.260147],[35.042792,31.262043],[35.030124,31.265487],[35.039486,31.276568],[35.043276,31.279449],[35.042119,31.2814],[35.042197,31.286743],[35.045849,31.2924],[35.048443,31.29462],[35.048348,31.29664],[35.044699,31.298531],[35.046408,31.298835],[35.045376,31.299951],[35.047795,31.303089],[35.049066,31.301415],[35.05233,31.300709],[35.053097,31.299541],[35.0539,31.300705],[35.052024,31.301922],[35.054862,31.303941],[35.055128,31.30268],[35.056623,31.302327],[35.056675,31.298214]]]},"properties":{"FID":246,"Muni_Heb":"אל קסום","Muni_Eng":"al Kasum","Sug_Muni":"מועצה אזורית","CR_PNIM":"5569","CR_LAMAS":" ","Machoz":"דרום","Hearot":"השכבה אינה סטטוטורית באופן מלא.","Eshkol_MPn":"אשכול רשויות נגב מזרחי","Sign_Date":1530057600000,"Tikun1":null,"Tikun2":null,"Tikun3":null,"Tikun4":null,"Tikun5":null,"Tikun6":null,"Tikun7":null,"Tikun8":null,"Tikun9":null,"Tikun10":null,"Tikun11":null,"Tikun12":null,"Tikun13":null,"Tikun14":null,"Tikun15":null,"Precision_":"מקור וקטורי חתום","FIRST_Nafa":"באר שבע","LAST_Nafa2":" ","Shape_Leng":24722.5680269,"Shape_Area":15870422.5524,"Shape__Area":21796920.0703125,"Shape__Length":28978.16334759034}},{"type":"Feature","id":247,"geometry":{"type":"Polygon","coordinates":[[[34.752167,31.342348],[34.749243,31.338706],[34.747077,31.339574],[34.742596,31.334512],[34.737612,31.336567],[34.739789,31.339852],[34.735396,31.338714],[34.735285,31.339858],[34.730587,31.340007],[34.729523,31.338292],[34.730527,31.337949],[34.729165,31.337078],[34.727445,31.338313],[34.729195,31.338381],[34.731065,31.341768],[34.729355,31.341257],[34.727702,31.343465],[34.734346,31.346577],[34.732305,31.348082],[34.735098,31.349518],[34.73661,31.349723],[34.736891,31.347567],[34.743704,31.350632],[34.743612,31.347984],[34.745548,31.348809],[34.745936,31.347987],[34.744024,31.346585],[34.74545,31.343854],[34.747985,31.344577],[34.752167,31.342348]]]},"properties":{"FID":247,"Muni_Heb":"אל קסום","Muni_Eng":"al Kasum","Sug_Muni":"מועצה אזורית","CR_PNIM":"5569","CR_LAMAS":" ","Machoz":"דרום","Hearot":"השכבה אינה סטטוטורית באופן מלא.","Eshkol_MPn":"אשכול רשויות נגב מזרחי","Sign_Date":1530057600000,"Tikun1":null,"Tikun2":null,"Tikun3":null,"Tikun4":null,"Tikun5":null,"Tikun6":null,"Tikun7":null,"Tikun8":null,"Tikun9":null,"Tikun10":null,"Tikun11":null,"Tikun12":null,"Tikun13":null,"Tikun14":null,"Tikun15":null,"Precision_":"מקור וקטורי חתום","FIRST_Nafa":"באר שבע","LAST_Nafa2":" ","Shape_Leng":9729.4232684,"Shape_Area":2052831.12601,"Shape__Area":2822770.5263671875,"Shape__Length":11405.261196277403}},{"type":"Feature","id":248,"geometry":{"type":"Polygon","coordinates":[[[34.848394,31.964232],[34.846501,31.96311],[34.84576,31.964177],[34.844166,31.963064],[34.841399,31.963857],[34.837679,31.963154],[34.837526,31.964535],[34.835972,31.965009],[34.835519,31.966934],[34.844027,31.969222],[34.848394,31.964232]]]},"properties":{"FID":248,"Muni_Heb":"באר יעקב","Muni_Eng":"Be'er Ya'akov","Sug_Muni":"עירייה","CR_PNIM":"2530","CR_LAMAS":"2530","Machoz":"מרכז","Hearot":"השכבה אינה סטטוטורית באופן מלא.","Eshkol_MPn":" ","Sign_Date":1634688000000,"Tikun1":null,"Tikun2":null,"Tikun3":null,"Tikun4":null,"Tikun5":null,"Tikun6":null,"Tikun7":null,"Tikun8":null,"Tikun9":null,"Tikun10":null,"Tikun11":null,"Tikun12":null,"Tikun13":null,"Tikun14":null,"Tikun15":null,"Precision_":"מקור וקטורי חתום","FIRST_Nafa":"רמלה","LAST_Nafa2":" ","Shape_Leng":3267.381901,"Shape_Area":523385.820957,"Shape__Area":729323.3935546875,"Shape__Length":3854.6442873811525}},{"type":"Feature","id":249,"geometry":{"type":"Polygon","coordinates":[[[34.854155,31.955915],[34.858806,31.947341],[34.863915,31.941682],[34.854947,31.940173],[34.85119,31.935404],[34.846853,31.932047],[34.845379,31.929953],[34.833537,31.932179],[34.834394,31.926904],[34.829094,31.92755],[34.823292,31.926257],[34.822183,31.93059],[34.820763,31.931141],[34.821958,31.935042],[34.817844,31.935164],[34.818499,31.939933],[34.817706,31.940477],[34.81934,31.942462],[34.821298,31.944068],[34.826994,31.943819],[34.831006,31.946413],[34.834341,31.946687],[34.836639,31.959014],[34.843165,31.960304],[34.849026,31.963344],[34.854155,31.955915]]]},"properties":{"FID":249,"Muni_Heb":"באר יעקב","Muni_Eng":"Be'er Ya'akov","Sug_Muni":"עירייה","CR_PNIM":"2530","CR_LAMAS":"2530","Machoz":"מרכז","Hearot":"השכבה אינה סטטוטורית באופן מלא.","Eshkol_MPn":" ","Sign_Date":1634688000000,"Tikun1":null,"Tikun2":null,"Tikun3":null,"Tikun4":null,"Tikun5":null,"Tikun6":null,"Tikun7":null,"Tikun8":null,"Tikun9":null,"Tikun10":null,"Tikun11":null,"Tikun12":null,"Tikun13":null,"Tikun14":null,"Tikun15":null,"Precision_":"מקור וקטורי חתום","FIRST_Nafa":"רמלה","LAST_Nafa2":" ","Shape_Leng":14696.5846766,"Shape_Area":8937387.27027,"Shape__Area":12447915.200195313,"Shape__Length":17343.848846744157}},{"type":"Feature","id":250,"geometry":{"type":"Polygon","coordinates":[[[35.330325,32.613328],[35.333173,32.613532],[35.336084,32.611433],[35.336409,32.612304],[35.340211,32.611272],[35.342233,32.6121],[35.343827,32.610876],[35.343757,32.610005],[35.345563,32.61016],[35.345738,32.609171],[35.348475,32.610513],[35.348974,32.611692],[35.349335,32.609858],[35.351701,32.610574],[35.350102,32.608495],[35.350512,32.607163],[35.354384,32.607093],[35.357465,32.608325],[35.353991,32.602765],[35.335714,32.601889],[35.330784,32.603516],[35.330624,32.605946],[35.330005,32.606224],[35.332062,32.610573],[35.330325,32.613328]]]},"properties":{"FID":250,"Muni_Heb":"בוסתאן אל מרג'","Muni_Eng":"Bustan al Marj","Sug_Muni":"מועצה אזורית","CR_PNIM":"5566","CR_LAMAS":" ","Machoz":"צפון","Hearot":"השכבה אינה סטטוטורית באופן מלא.","Eshkol_MPn":"אשכול רשויות הגליל והעמקים","Sign_Date":1341705600000,"Tikun1":1447200000000,"Tikun2":null,"Tikun3":null,"Tikun4":null,"Tikun5":null,"Tikun6":null,"Tikun7":null,"Tikun8":null,"Tikun9":null,"Tikun10":null,"Tikun11":null,"Tikun12":null,"Tikun13":null,"Tikun14":null,"Tikun15":null,"Precision_":"מקור וקטורי חתום","FIRST_Nafa":"יזרעאל","LAST_Nafa2":" ","Shape_Leng":8444.23788803,"Shape_Area":2085622.34015,"Shape__Area":2947304.8583984375,"Shape__Length":10033.447869513802}},{"type":"Feature","id":251,"geometry":{"type":"Polygon","coordinates":[[[35.349008,32.618101],[35.350777,32.618242],[35.35152,32.619152],[35.347816,32.619715],[35.346777,32.61905],[35.344805,32.619351],[35.34463,32.618287],[35.342543,32.618518],[35.34239,32.619602],[35.341365,32.619967],[35.342191,32.621824],[35.340531,32.623941],[35.343121,32.622807],[35.344967,32.623654],[35.346681,32.623024],[35.34838,32.621127],[35.347928,32.619753],[35.351583,32.619164],[35.350806,32.618194],[35.34931,32.618084],[35.349621,32.61747],[35.348642,32.617509],[35.349008,32.618101]]]},"properties":{"FID":251,"Muni_Heb":"בוסתאן אל מרג'","Muni_Eng":"Bustan al Marj","Sug_Muni":"מועצה אזורית","CR_PNIM":"5566","CR_LAMAS":" ","Machoz":"צפון","Hearot":"השכבה אינה סטטוטורית באופן מלא.","Eshkol_MPn":"אשכול רשויות הגליל והעמקים","Sign_Date":1341705600000,"Tikun1":1447200000000,"Tikun2":null,"Tikun3":null,"Tikun4":null,"Tikun5":null,"Tikun6":null,"Tikun7":null,"Tikun8":null,"Tikun9":null,"Tikun10":null,"Tikun11":null,"Tikun12":null,"Tikun13":null,"Tikun14":null,"Tikun15":null,"Precision_":"מקור וקטורי חתום","FIRST_Nafa":"יזרעאל","LAST_Nafa2":" ","Shape_Leng":4297.55568833,"Shape_Area":285436.635787,"Shape__Area":403493.310546875,"Shape__Length":5106.5131344873907}},{"type":"Feature","id":252,"geometry":{"type":"Polygon","coordinates":[[[35.355212,32.645583],[35.352116,32.639398],[35.352369,32.638148],[35.359667,32.631311],[35.359295,32.629957],[35.360811,32.626858],[35.361178,32.623983],[35.359986,32.623082],[35.350834,32.6243],[35.346845,32.622576],[35.348445,32.623125],[35.346772,32.625101],[35.342656,32.627171],[35.343969,32.628125],[35.34259,32.639444],[35.355212,32.645583]]]},"properties":{"FID":252,"Muni_Heb":"בוסתאן אל מרג'","Muni_Eng":"Bustan al Marj","Sug_Muni":"מועצה אזורית","CR_PNIM":"5566","CR_LAMAS":" ","Machoz":"צפון","Hearot":"השכבה אינה סטטוטורית באופן מלא.","Eshkol_MPn":"אשכול רשויות הגליל והעמקים","Sign_Date":1341705600000,"Tikun1":1447200000000,"Tikun2":null,"Tikun3":null,"Tikun4":null,"Tikun5":null,"Tikun6":null,"Tikun7":null,"Tikun8":null,"Tikun9":null,"Tikun10":null,"Tikun11":null,"Tikun12":null,"Tikun13":null,"Tikun14":null,"Tikun15":null,"Precision_":"מקור וקטורי חתום","FIRST_Nafa":"יזרעאל","LAST_Nafa2":" ","Shape_Leng":8112.23257551,"Shape_Area":2595644.27484,"Shape__Area":3670110.8232421875,"Shape__Length":9648.1849764285362}},{"type":"Feature","id":253,"geometry":{"type":"Polygon","coordinates":[[[35.437069,32.638448],[35.433369,32.63248],[35.431143,32.633237],[35.430468,32.631003],[35.430067,32.631809],[35.424577,32.632278],[35.422714,32.630946],[35.420072,32.634072],[35.419703,32.635827],[35.420311,32.636837],[35.417081,32.637932],[35.414921,32.637718],[35.405034,32.646059],[35.41108,32.645669],[35.411971,32.648683],[35.419221,32.65118],[35.423314,32.653863],[35.424673,32.655754],[35.424151,32.654125],[35.424649,32.649899],[35.428669,32.650002],[35.429023,32.647864],[35.431233,32.647795],[35.430822,32.645994],[35.434698,32.646343],[35.433748,32.643346],[35.435136,32.644557],[35.436899,32.643449],[35.437069,32.638448]]]},"properties":{"FID":253,"Muni_Heb":"בוסתאן אל מרג'","Muni_Eng":"Bustan al Marj","Sug_Muni":"מועצה אזורית","CR_PNIM":"5566","CR_LAMAS":" ","Machoz":"צפון","Hearot":"השכבה אינה סטטוטורית באופן מלא.","Eshkol_MPn":"אשכול רשויות הגליל והעמקים","Sign_Date":1341705600000,"Tikun1":1447200000000,"Tikun2":null,"Tikun3":null,"Tikun4":null,"Tikun5":null,"Tikun6":null,"Tikun7":null,"Tikun8":null,"Tikun9":null,"Tikun10":null,"Tikun11":null,"Tikun12":null,"Tikun13":null,"Tikun14":null,"Tikun15":null,"Precision_":"מקור וקטורי חתום","FIRST_Nafa":"יזרעאל","LAST_Nafa2":" ","Shape_Leng":10517.7077786,"Shape_Area":4034833.41453,"Shape__Area":5706254.6240234375,"Shape__Length":12508.114142947841}},{"type":"Feature","id":254,"geometry":{"type":"Polygon","coordinates":[[[35.236872,32.79122],[35.234304,32.790854],[35.233964,32.789879],[35.234989,32.78987],[35.234988,32.789025],[35.233507,32.788996],[35.234108,32.786902],[35.232467,32.782914],[35.233233,32.781861],[35.232378,32.782844],[35.230353,32.782268],[35.230171,32.775615],[35.231187,32.771236],[35.226248,32.769277],[35.228137,32.767705],[35.226926,32.767468],[35.21685,32.770457],[35.216051,32.76774],[35.216679,32.766622],[35.213993,32.767972],[35.21113,32.766082],[35.210694,32.767427],[35.20951,32.767646],[35.21136,32.76768],[35.211708,32.766982],[35.213194,32.767754],[35.212806,32.768819],[35.211604,32.768661],[35.212667,32.769324],[35.215145,32.767893],[35.215568,32.770182],[35.213896,32.770937],[35.213244,32.770441],[35.213616,32.77141],[35.212707,32.772343],[35.2118,32.771415],[35.211266,32.771784],[35.21289,32.773426],[35.211072,32.776866],[35.213612,32.776002],[35.215783,32.784402],[35.214025,32.785817],[35.214558,32.788265],[35.213442,32.788583],[35.213492,32.789366],[35.21523,32.792283],[35.209081,32.793508],[35.208851,32.795272],[35.209994,32.796437],[35.215357,32.794746],[35.214521,32.798158],[35.215559,32.799432],[35.215266,32.800612],[35.217959,32.797501],[35.220056,32.79815],[35.221515,32.797351],[35.223579,32.797859],[35.226607,32.796379],[35.225427,32.79994],[35.226484,32.801271],[35.224309,32.803534],[35.224724,32.803869],[35.226538,32.801943],[35.227056,32.804564],[35.228367,32.805058],[35.227928,32.802553],[35.228967,32.800938],[35.227451,32.798942],[35.22897,32.793961],[35.23031,32.794091],[35.230688,32.793233],[35.233451,32.794767],[35.231826,32.796795],[35.232555,32.797464],[35.236641,32.797302],[35.239223,32.798684],[35.239345,32.796664],[35.236959,32.796417],[35.236872,32.79122]]]},"properties":{"FID":254,"Muni_Heb":"ביר אל מכסור","Muni_Eng":"Bir al Maksur","Sug_Muni":"מועצה מקומית","CR_PNIM":"0998","CR_LAMAS":"998","Machoz":"צפון","Hearot":"השכבה אינה סטטוטורית באופן מלא.","Eshkol_MPn":"אשכול רשויות המפרץ","Sign_Date":1594771200000,"Tikun1":null,"Tikun2":null,"Tikun3":null,"Tikun4":null,"Tikun5":null,"Tikun6":null,"Tikun7":null,"Tikun8":null,"Tikun9":null,"Tikun10":null,"Tikun11":null,"Tikun12":null,"Tikun13":null,"Tikun14":null,"Tikun15":null,"Precision_":"מקור וקטורי חתום","FIRST_Nafa":"עכו","LAST_Nafa2":" ","Shape_Leng":21405.3909739,"Shape_Area":5844982.56686,"Shape__Area":8292549.5166015625,"Shape__Length":25504.375629479076}},{"type":"Feature","id":255,"geometry":{"type":"Polygon","coordinates":[[[35.221474,32.768683],[35.221048,32.768103],[35.220446,32.768714],[35.221474,32.768683]]]},"properties":{"FID":255,"Muni_Heb":"ביר אל מכסור","Muni_Eng":"Bir al Maksur","Sug_Muni":"מועצה מקומית","CR_PNIM":"0998","CR_LAMAS":"998","Machoz":"צפון","Hearot":"השכבה אינה סטטוטורית באופן מלא.","Eshkol_MPn":"אשכול רשויות המפרץ","Sign_Date":1594771200000,"Tikun1":null,"Tikun2":null,"Tikun3":null,"Tikun4":null,"Tikun5":null,"Tikun6":null,"Tikun7":null,"Tikun8":null,"Tikun9":null,"Tikun10":null,"Tikun11":null,"Tikun12":null,"Tikun13":null,"Tikun14":null,"Tikun15":null,"Precision_":"מקור וקטורי חתום","FIRST_Nafa":"עכו","LAST_Nafa2":" ","Shape_Leng":316.945429562,"Shape_Area":4817.91227426,"Shape__Area":6832.9521484375,"Shape__Length":377.31945996461366}},{"type":"Feature","id":256,"geometry":{"type":"Polygon","coordinates":[[[34.998192,31.735226],[34.99415,31.735216],[34.993369,31.734373],[34.993374,31.732983],[34.99663,31.733014],[34.995595,31.73018],[34.997853,31.729078],[34.999267,31.729632],[35.003117,31.72741],[35.004613,31.728735],[35.005101,31.731637],[35.006922,31.726866],[35.00957,31.723049],[35.009228,31.717317],[35.006268,31.708615],[35.00846,31.705546],[35.009583,31.698017],[35.011355,31.696654],[35.00986,31.693729],[35.007571,31.694287],[35.005034,31.692964],[35.004955,31.69165],[35.001336,31.689192],[35.001645,31.688422],[34.999912,31.687286],[34.99898,31.690137],[34.998174,31.690214],[34.998428,31.691347],[34.994667,31.69272],[34.987288,31.692884],[34.983482,31.695212],[34.977731,31.694389],[34.977722,31.692418],[34.976616,31.691916],[34.966338,31.694408],[34.963036,31.693257],[34.953049,31.693562],[34.949939,31.697501],[34.948791,31.697967],[34.943117,31.695785],[34.942386,31.697571],[34.942764,31.699462],[34.945131,31.704912],[34.948301,31.706031],[34.950582,31.709161],[34.955084,31.709158],[34.95934,31.711129],[34.963327,31.71793],[34.961372,31.719583],[34.961573,31.721556],[34.960305,31.722135],[34.960553,31.7234],[34.956536,31.72608],[34.957549,31.72795],[34.956257,31.730247],[34.954415,31.732213],[34.950138,31.733557],[34.94753,31.737799],[34.946887,31.745657],[34.947404,31.751768],[34.949797,31.755567],[34.952353,31.754248],[34.956514,31.753623],[34.95863,31.750626],[34.957526,31.749274],[34.961969,31.747845],[34.967852,31.742915],[34.971711,31.746489],[34.973518,31.752458],[34.978914,31.756819],[34.981788,31.758305],[34.985799,31.758782],[34.988711,31.761173],[34.992111,31.762435],[34.991187,31.766037],[34.988487,31.769816],[34.98701,31.769194],[34.985546,31.769601],[34.987089,31.770112],[34.988516,31.773673],[34.990646,31.774719],[34.992826,31.775323],[34.993587,31.774603],[34.993311,31.773292],[34.995296,31.772291],[34.993849,31.77083],[34.991685,31.771091],[34.991444,31.769354],[34.992015,31.768384],[34.993479,31.768714],[34.994462,31.770135],[34.994968,31.769026],[34.996691,31.76832],[34.994604,31.766384],[34.99555,31.765625],[34.996551,31.765889],[34.994585,31.762897],[34.997878,31.760826],[35.005795,31.760614],[35.009578,31.762789],[35.010265,31.765877],[35.014806,31.767759],[35.022091,31.767637],[35.024276,31.768736],[35.031896,31.768412],[35.031314,31.766092],[35.029233,31.765707],[35.020337,31.761161],[35.020577,31.760712],[35.0184,31.76074],[35.020522,31.759576],[35.019551,31.75804],[35.019488,31.752912],[35.015036,31.750983],[35.012971,31.750938],[35.010097,31.751868],[35.008622,31.754479],[35.003944,31.753185],[35.002506,31.751361],[35.003215,31.747643],[35.001659,31.744819],[35.001581,31.742071],[35.00513,31.736426],[35.004792,31.733044],[35.003287,31.733026],[35.001791,31.734958],[34.998192,31.735226]]]},"properties":{"FID":256,"Muni_Heb":"בית שמש","Muni_Eng":"Beit Shemesh","Sug_Muni":"עירייה","CR_PNIM":"2610","CR_LAMAS":"2610","Machoz":"ירושלים","Hearot":"השכבה אינה סטטוטורית באופן מלא.","Eshkol_MPn":" ","Sign_Date":1392163200000,"Tikun1":null,"Tikun2":null,"Tikun3":null,"Tikun4":null,"Tikun5":null,"Tikun6":null,"Tikun7":null,"Tikun8":null,"Tikun9":null,"Tikun10":null,"Tikun11":null,"Tikun12":null,"Tikun13":null,"Tikun14":null,"Tikun15":null,"Precision_":"מקור וקטורי חתום","FIRST_Nafa":"ירושלים","LAST_Nafa2":" ","Shape_Leng":47714.7685875,"Shape_Area":38149108.8976,"Shape__Area":52888523.012695313,"Shape__Length":56189.034174947163}},{"type":"Feature","id":257,"geometry":{"type":"Polygon","coordinates":[[[34.947062,31.761166],[34.950964,31.760599],[34.950808,31.759802],[34.952187,31.759271],[34.950955,31.757619],[34.948272,31.757986],[34.946196,31.759368],[34.947062,31.761166]]]},"properties":{"FID":257,"Muni_Heb":"בית שמש","Muni_Eng":"Beit Shemesh","Sug_Muni":"עירייה","CR_PNIM":"2610","CR_LAMAS":"2610","Machoz":"ירושלים","Hearot":"השכבה אינה סטטוטורית באופן מלא.","Eshkol_MPn":" ","Sign_Date":1392163200000,"Tikun1":null,"Tikun2":null,"Tikun3":null,"Tikun4":null,"Tikun5":null,"Tikun6":null,"Tikun7":null,"Tikun8":null,"Tikun9":null,"Tikun10":null,"Tikun11":null,"Tikun12":null,"Tikun13":null,"Tikun14":null,"Tikun15":null,"Precision_":"מקור וקטורי חתום","FIRST_Nafa":"ירושלים","LAST_Nafa2":" ","Shape_Leng":1603.3594558,"Shape_Area":140821.159762,"Shape__Area":195364.7685546875,"Shape__Length":1887.1928628476392}},{"type":"Feature","id":258,"geometry":{"type":"Polygon","coordinates":[[[34.84375,31.243264],[34.844403,31.241303],[34.848918,31.240745],[34.851563,31.238736],[34.852633,31.236723],[34.856563,31.238457],[34.861683,31.235226],[34.862839,31.235669],[34.864871,31.23848],[34.867156,31.238975],[34.86848,31.239029],[34.86931,31.23715],[34.873544,31.237922],[34.876282,31.236334],[34.881263,31.236719],[34.884404,31.238772],[34.888203,31.239796],[34.887113,31.242039],[34.88627,31.249323],[34.884865,31.252694],[34.884731,31.25811],[34.885415,31.258122],[34.886659,31.261985],[34.888102,31.262007],[34.887253,31.265936],[34.891792,31.26542],[34.899277,31.259701],[34.903451,31.2527],[34.905752,31.233812],[34.905986,31.223203],[34.906677,31.220192],[34.908787,31.217048],[34.90922,31.214216],[34.908073,31.206326],[34.906254,31.204269],[34.900429,31.204998],[34.896631,31.20654],[34.892702,31.210728],[34.890351,31.207048],[34.887168,31.204111],[34.877193,31.198347],[34.87261,31.203869],[34.866013,31.207616],[34.863487,31.207482],[34.862686,31.205396],[34.852437,31.207518],[34.846353,31.207282],[34.843328,31.210769],[34.846647,31.221021],[34.849717,31.220358],[34.851261,31.226714],[34.839444,31.243525],[34.84375,31.243264]]]},"properties":{"FID":258,"Muni_Heb":"בני שמעון","Muni_Eng":"Bnei Shim'on","Sug_Muni":"מועצה אזורית","CR_PNIM":"5541","CR_LAMAS":" ","Machoz":"דרום","Hearot":"השכבה אינה סטטוטורית באופן מלא.","Eshkol_MPn":"אשכול רשויות נגב מערבי","Sign_Date":1602547200000,"Tikun1":null,"Tikun2":null,"Tikun3":null,"Tikun4":null,"Tikun5":null,"Tikun6":null,"Tikun7":null,"Tikun8":null,"Tikun9":null,"Tikun10":null,"Tikun11":null,"Tikun12":null,"Tikun13":null,"Tikun14":null,"Tikun15":null,"Precision_":"מקור וקטורי חתום","FIRST_Nafa":"באר שבע","LAST_Nafa2":" ","Shape_Leng":28955.726185,"Shape_Area":25391590.6347,"Shape__Area":34830669.508789063,"Shape__Length":33929.602889112211}},{"type":"Feature","id":259,"geometry":{"type":"Polygon","coordinates":[[[34.874145,31.412862],[34.871149,31.422542],[34.869809,31.430077],[34.867593,31.430724],[34.865463,31.435998],[34.866544,31.436941],[34.86594,31.438224],[34.872827,31.438979],[34.874419,31.437572],[34.901264,31.437854],[34.89742,31.433931],[34.893017,31.422834],[34.887519,31.413472],[34.880052,31.392327],[34.886351,31.382524],[34.889595,31.372697],[34.892325,31.368665],[34.894967,31.368063],[34.895567,31.36541],[34.898133,31.363208],[34.909713,31.356496],[34.910936,31.352533],[34.909915,31.350596],[34.919315,31.343597],[34.922667,31.343206],[34.924653,31.342107],[34.932443,31.343264],[34.933151,31.344431],[34.933103,31.343627],[34.931834,31.3402],[34.928496,31.337621],[34.924295,31.328559],[34.922066,31.327081],[34.916966,31.320356],[34.911275,31.315569],[34.908297,31.31769],[34.906416,31.322612],[34.907221,31.325089],[34.91259,31.33284],[34.913603,31.335873],[34.904685,31.34065],[34.900245,31.338889],[34.897356,31.339233],[34.894257,31.336252],[34.892039,31.336284],[34.891669,31.332804],[34.890455,31.334496],[34.888916,31.33438],[34.888087,31.330788],[34.88611,31.328123],[34.890699,31.323936],[34.892828,31.320686],[34.894517,31.315795],[34.902656,31.308524],[34.901666,31.307889],[34.902737,31.306775],[34.910191,31.301074],[34.915841,31.299425],[34.918131,31.297723],[34.904865,31.292595],[34.901551,31.292587],[34.899458,31.291411],[34.891762,31.289844],[34.889174,31.289887],[34.885922,31.295157],[34.877927,31.289144],[34.871796,31.287249],[34.867895,31.291688],[34.860993,31.293199],[34.86158,31.298729],[34.867932,31.29799],[34.868114,31.30211],[34.853691,31.302651],[34.854826,31.30367],[34.822286,31.323426],[34.802654,31.313998],[34.788673,31.310924],[34.787608,31.32083],[34.779133,31.32111],[34.774672,31.319325],[34.770764,31.319479],[34.765752,31.3168],[34.763274,31.316513],[34.763055,31.314608],[34.75797,31.314898],[34.759032,31.313411],[34.757767,31.312949],[34.758077,31.311433],[34.754756,31.308583],[34.757787,31.308393],[34.758471,31.306637],[34.761928,31.304549],[34.761731,31.303425],[34.763563,31.300671],[34.743819,31.292673],[34.736429,31.264535],[34.733996,31.244196],[34.734686,31.240594],[34.737173,31.23826],[34.73501,31.227523],[34.734878,31.220968],[34.736512,31.213323],[34.741539,31.206307],[34.742052,31.199164],[34.700719,31.178303],[34.68724,31.185543],[34.686783,31.188261],[34.685519,31.189355],[34.682893,31.189141],[34.678109,31.19325],[34.673252,31.194151],[34.670892,31.197064],[34.668319,31.197409],[34.665605,31.199264],[34.662691,31.199529],[34.664342,31.201378],[34.667123,31.20203],[34.667049,31.203749],[34.668429,31.206701],[34.680862,31.212331],[34.680482,31.21467],[34.681507,31.215995],[34.682158,31.21296],[34.68858,31.217266],[34.691666,31.218156],[34.693473,31.219631],[34.694118,31.221795],[34.698885,31.227311],[34.697774,31.229576],[34.699261,31.232792],[34.698525,31.235391],[34.691863,31.235288],[34.691203,31.238312],[34.693737,31.239009],[34.694236,31.241775],[34.6988,31.240415],[34.70063,31.246199],[34.700854,31.256443],[34.693812,31.256312],[34.693772,31.264081],[34.69236,31.271088],[34.698774,31.275512],[34.695721,31.288453],[34.69617,31.290073],[34.698344,31.291729],[34.698617,31.292904],[34.700022,31.292995],[34.698525,31.294731],[34.698564,31.296062],[34.701694,31.298893],[34.706361,31.297803],[34.70964,31.300306],[34.709354,31.303953],[34.704697,31.309758],[34.702345,31.315103],[34.701954,31.317396],[34.702878,31.323892],[34.700362,31.328481],[34.698313,31.330386],[34.695906,31.331226],[34.69005,31.331017],[34.683534,31.333412],[34.67229,31.331043],[34.662709,31.33166],[34.654709,31.336145],[34.65127,31.342051],[34.642179,31.345793],[34.621292,31.368812],[34.615829,31.379315],[34.618366,31.381159],[34.619561,31.383508],[34.629012,31.388214],[34.630825,31.388136],[34.63212,31.386012],[34.635098,31.386205],[34.637291,31.389026],[34.639189,31.390046],[34.640323,31.39222],[34.642933,31.393086],[34.645669,31.392627],[34.647751,31.389755],[34.649572,31.3889],[34.651836,31.389023],[34.654414,31.390292],[34.660214,31.388147],[34.662317,31.389459],[34.665983,31.387985],[34.668174,31.390079],[34.66995,31.389502],[34.674343,31.390282],[34.67415,31.389136],[34.675555,31.388463],[34.680153,31.389011],[34.681778,31.390885],[34.682503,31.39416],[34.687994,31.402058],[34.685645,31.408093],[34.686374,31.407954],[34.688318,31.413094],[34.691421,31.41475],[34.693503,31.418217],[34.692413,31.419385],[34.692872,31.420665],[34.689384,31.424108],[34.693393,31.426938],[34.69078,31.429993],[34.692247,31.431095],[34.693305,31.430312],[34.697454,31.433047],[34.698917,31.432296],[34.702258,31.434542],[34.701039,31.435346],[34.703464,31.43888],[34.710434,31.443916],[34.716794,31.442456],[34.732838,31.442116],[34.732791,31.445621],[34.730066,31.451254],[34.733887,31.451541],[34.736299,31.454685],[34.735742,31.454979],[34.735879,31.459723],[34.734151,31.460877],[34.735238,31.461573],[34.734819,31.463003],[34.736342,31.463578],[34.736279,31.464465],[34.735107,31.464789],[34.73575,31.466699],[34.733411,31.46571],[34.734173,31.468174],[34.733119,31.471458],[34.735644,31.473613],[34.733592,31.47441],[34.731817,31.473793],[34.733657,31.475675],[34.733476,31.477699],[34.73081,31.478908],[34.730541,31.480079],[34.741569,31.482019],[34.747081,31.481719],[34.765209,31.483089],[34.766778,31.47989],[34.767077,31.476929],[34.766555,31.476697],[34.767943,31.473843],[34.770967,31.472904],[34.770631,31.471646],[34.771994,31.471549],[34.777781,31.468125],[34.778773,31.465969],[34.778756,31.462201],[34.779631,31.461013],[34.796946,31.452605],[34.823935,31.445203],[34.842146,31.425085],[34.869285,31.412771],[34.871975,31.413614],[34.874145,31.412862]],[[34.808307,31.385491],[34.793674,31.391191],[34.790318,31.393486],[34.789551,31.39046],[34.789842,31.387885],[34.796214,31.363365],[34.795818,31.360041],[34.791809,31.348901],[34.801259,31.348648],[34.800902,31.356891],[34.802251,31.357143],[34.804242,31.35559],[34.810096,31.353553],[34.815619,31.354054],[34.81562,31.348365],[34.829472,31.348145],[34.821472,31.358958],[34.821556,31.362045],[34.824956,31.366707],[34.827267,31.367452],[34.82912,31.369293],[34.81831,31.380549],[34.808307,31.385491]],[[34.752167,31.342348],[34.752523,31.343008],[34.748099,31.345353],[34.74545,31.343854],[34.744024,31.346585],[34.745936,31.347987],[34.745548,31.348809],[34.743612,31.347984],[34.743704,31.350632],[34.736891,31.347567],[34.73661,31.349723],[34.735098,31.349518],[34.732305,31.348082],[34.734346,31.346577],[34.727702,31.343465],[34.729355,31.341257],[34.731065,31.341768],[34.729195,31.338381],[34.727445,31.338313],[34.729165,31.337078],[34.730527,31.337949],[34.729523,31.338292],[34.730587,31.340007],[34.735285,31.339858],[34.735396,31.338714],[34.739789,31.339852],[34.737612,31.336567],[34.742596,31.334512],[34.747077,31.339574],[34.749243,31.338706],[34.752167,31.342348]],[[34.888164,31.319406],[34.872641,31.334303],[34.870036,31.332091],[34.866077,31.335983],[34.863707,31.337129],[34.860365,31.336734],[34.857929,31.335205],[34.85316,31.324593],[34.853217,31.321523],[34.854666,31.317642],[34.856562,31.314501],[34.858436,31.313429],[34.86456,31.314048],[34.867775,31.311284],[34.869759,31.311283],[34.878585,31.316485],[34.879795,31.310113],[34.874708,31.309945],[34.875829,31.306581],[34.882113,31.307208],[34.885876,31.30949],[34.8883,31.314878],[34.888164,31.319406]],[[34.735564,31.361377],[34.735404,31.360351],[34.738875,31.359083],[34.739719,31.357788],[34.736163,31.353516],[34.737497,31.353268],[34.736507,31.349755],[34.743593,31.352755],[34.754696,31.361425],[34.759855,31.364099],[34.783466,31.371568],[34.793293,31.372727],[34.788746,31.389184],[34.788603,31.405409],[34.784249,31.423858],[34.780745,31.423028],[34.779188,31.423733],[34.777131,31.42132],[34.766168,31.423483],[34.764368,31.421098],[34.755542,31.424635],[34.753173,31.420103],[34.751673,31.41388],[34.742227,31.408255],[34.73613,31.40125],[34.731215,31.397212],[34.727316,31.39085],[34.721801,31.394296],[34.717484,31.389578],[34.71244,31.389173],[34.711263,31.385135],[34.715608,31.383342],[34.717313,31.383336],[34.71884,31.384667],[34.720619,31.383674],[34.720394,31.382923],[34.727728,31.382092],[34.730526,31.379316],[34.731226,31.374704],[34.734458,31.372414],[34.735649,31.366921],[34.743702,31.364933],[34.742308,31.361735],[34.739193,31.363699],[34.735564,31.361377]]]},"properties":{"FID":259,"Muni_Heb":"בני שמעון","Muni_Eng":"Bnei Shim'on","Sug_Muni":"מועצה אזורית","CR_PNIM":"5541","CR_LAMAS":" ","Machoz":"דרום","Hearot":"השכבה אינה סטטוטורית באופן מלא.","Eshkol_MPn":"אשכול רשויות נגב מערבי","Sign_Date":1602547200000,"Tikun1":null,"Tikun2":null,"Tikun3":null,"Tikun4":null,"Tikun5":null,"Tikun6":null,"Tikun7":null,"Tikun8":null,"Tikun9":null,"Tikun10":null,"Tikun11":null,"Tikun12":null,"Tikun13":null,"Tikun14":null,"Tikun15":null,"Precision_":"מקור וקטורי חתום","FIRST_Nafa":"באר שבע","LAST_Nafa2":" ","Shape_Leng":227237.747136,"Shape_Area":344692927.572,"Shape__Area":474083375.2265625,"Shape__Length":266488.83097811928}},{"type":"Feature","id":260,"geometry":{"type":"Polygon","coordinates":[[[35.090852,32.531531],[35.091627,32.535005],[35.094114,32.536309],[35.096319,32.536414],[35.10015,32.542563],[35.106165,32.54319],[35.108904,32.542145],[35.108436,32.539192],[35.109659,32.539538],[35.111682,32.538667],[35.112726,32.539335],[35.1162,32.537019],[35.115061,32.536378],[35.114474,32.534386],[35.114369,32.533129],[35.115127,32.533222],[35.114912,32.529282],[35.112273,32.526717],[35.111606,32.527136],[35.110707,32.525536],[35.109037,32.525853],[35.106685,32.52361],[35.106779,32.522494],[35.10511,32.521742],[35.10441,32.522711],[35.103069,32.522617],[35.103349,32.521782],[35.102742,32.521631],[35.09755,32.521517],[35.095131,32.526724],[35.096556,32.527734],[35.096681,32.528867],[35.096198,32.529599],[35.094916,32.529413],[35.094405,32.532885],[35.090852,32.531531]]]},"properties":{"FID":260,"Muni_Heb":"בסמ\"ה","Muni_Eng":"Basma","Sug_Muni":"מועצה מקומית","CR_PNIM":"1326","CR_LAMAS":"1326","Machoz":"חיפה","Hearot":"השכבה אינה סטטוטורית באופן מלא.","Eshkol_MPn":" ","Sign_Date":1539129600000,"Tikun1":null,"Tikun2":null,"Tikun3":null,"Tikun4":null,"Tikun5":null,"Tikun6":null,"Tikun7":null,"Tikun8":null,"Tikun9":null,"Tikun10":null,"Tikun11":null,"Tikun12":null,"Tikun13":null,"Tikun14":null,"Tikun15":null,"Precision_":"מקור וקטורי חתום","FIRST_Nafa":"חדרה","LAST_Nafa2":" ","Shape_Leng":9240.40894272,"Shape_Area":3533776.01604,"Shape__Area":4985578.8291015625,"Shape__Length":10977.042888093853}},{"type":"Feature","id":261,"geometry":{"type":"Polygon","coordinates":[[[35.113471,32.494138],[35.116312,32.494218],[35.118481,32.492598],[35.118059,32.49199],[35.120929,32.490865],[35.121311,32.489812],[35.1235,32.489869],[35.123127,32.489472],[35.12426,32.488398],[35.123302,32.487004],[35.124502,32.485692],[35.123534,32.485722],[35.123965,32.486148],[35.123255,32.486841],[35.121786,32.487244],[35.121561,32.486655],[35.115093,32.488529],[35.114831,32.487404],[35.114832,32.488979],[35.111415,32.489556],[35.112835,32.491337],[35.108669,32.492935],[35.112485,32.493217],[35.113471,32.494138]]]},"properties":{"FID":261,"Muni_Heb":"בסמ\"ה","Muni_Eng":"Basma","Sug_Muni":"מועצה מקומית","CR_PNIM":"1326","CR_LAMAS":"1326","Machoz":"חיפה","Hearot":"השכבה אינה סטטוטורית באופן מלא.","Eshkol_MPn":" ","Sign_Date":1539129600000,"Tikun1":null,"Tikun2":null,"Tikun3":null,"Tikun4":null,"Tikun5":null,"Tikun6":null,"Tikun7":null,"Tikun8":null,"Tikun9":null,"Tikun10":null,"Tikun11":null,"Tikun12":null,"Tikun13":null,"Tikun14":null,"Tikun15":null,"Precision_":"מקור וקטורי חתום","FIRST_Nafa":"חדרה","LAST_Nafa2":" ","Shape_Leng":5137.69108257,"Shape_Area":576741.429769,"Shape__Area":812937.15625,"Shape__Length":6094.9004639785935}},{"type":"Feature","id":262,"geometry":{"type":"MultiPolygon","coordinates":[[[[35.083198,32.468062],[35.082401,32.470898],[35.079645,32.470083],[35.076928,32.470579],[35.076926,32.471603],[35.078698,32.471615],[35.07851,32.47691],[35.079439,32.479223],[35.083819,32.478739],[35.084753,32.479707],[35.082879,32.481624],[35.087305,32.481054],[35.087083,32.481997],[35.087762,32.481795],[35.088366,32.482906],[35.090376,32.483015],[35.091707,32.478245],[35.097119,32.480143],[35.098236,32.479755],[35.099128,32.477858],[35.092124,32.476074],[35.085933,32.469222],[35.083198,32.468062]]]]},"properties":{"FID":262,"Muni_Heb":"בסמ\"ה","Muni_Eng":"Basma","Sug_Muni":"מועצה מקומית","CR_PNIM":"1326","CR_LAMAS":"1326","Machoz":"חיפה","Hearot":"השכבה אינה סטטוטורית באופן מלא.","Eshkol_MPn":" ","Sign_Date":1539129600000,"Tikun1":null,"Tikun2":null,"Tikun3":null,"Tikun4":null,"Tikun5":null,"Tikun6":null,"Tikun7":null,"Tikun8":null,"Tikun9":null,"Tikun10":null,"Tikun11":null,"Tikun12":null,"Tikun13":null,"Tikun14":null,"Tikun15":null,"Precision_":"מקור וקטורי חתום","FIRST_Nafa":"חדרה","LAST_Nafa2":" ","Shape_Leng":7430.03672126,"Shape_Area":1492967.90174,"Shape__Area":2103709.9111328125,"Shape__Length":8818.54974928502}},{"type":"Feature","id":263,"geometry":{"type":"Polygon","coordinates":[[[34.798681,31.881841],[34.798616,31.881217],[34.802564,31.881792],[34.802579,31.880722],[34.798913,31.875883],[34.798614,31.873089],[34.806152,31.871356],[34.814518,31.866359],[34.81264,31.863951],[34.80709,31.859736],[34.816062,31.858695],[34.817819,31.856995],[34.821772,31.855375],[34.822002,31.852964],[34.824358,31.851375],[34.824971,31.849884],[34.823537,31.848811],[34.82333,31.846426],[34.822687,31.846261],[34.823068,31.844954],[34.824405,31.84358],[34.825525,31.843581],[34.825327,31.842742],[34.826418,31.843017],[34.82694,31.839669],[34.830638,31.838413],[34.830225,31.831641],[34.829207,31.8319],[34.828541,31.82566],[34.822833,31.826119],[34.82247,31.821057],[34.815773,31.822951],[34.815493,31.821369],[34.814301,31.821129],[34.81435,31.818624],[34.811776,31.818826],[34.813696,31.81835],[34.812959,31.814366],[34.813798,31.811632],[34.811968,31.81187],[34.811991,31.811004],[34.813692,31.809756],[34.808581,31.804355],[34.80316,31.805426],[34.801292,31.803839],[34.800093,31.800698],[34.793751,31.801815],[34.794348,31.806449],[34.787457,31.81111],[34.789263,31.812822],[34.788476,31.81454],[34.789349,31.818538],[34.788762,31.819542],[34.78339,31.820768],[34.783769,31.821808],[34.782981,31.82248],[34.775881,31.824917],[34.778247,31.827542],[34.781093,31.827028],[34.781781,31.827916],[34.783669,31.826436],[34.784066,31.827988],[34.789358,31.824982],[34.791058,31.82496],[34.792856,31.826191],[34.798964,31.824824],[34.801009,31.830193],[34.784034,31.835936],[34.777558,31.833684],[34.776302,31.836348],[34.767239,31.835866],[34.767039,31.833639],[34.763339,31.837299],[34.758161,31.836859],[34.747379,31.839377],[34.734928,31.838858],[34.735154,31.842512],[34.738877,31.848723],[34.739452,31.851836],[34.746866,31.85119],[34.746772,31.85244],[34.758361,31.851404],[34.760813,31.848231],[34.761389,31.845879],[34.77243,31.852685],[34.769535,31.858567],[34.767,31.859759],[34.765765,31.861997],[34.763705,31.870243],[34.764282,31.871301],[34.760784,31.874549],[34.764192,31.87757],[34.768616,31.875324],[34.770946,31.879437],[34.773393,31.879889],[34.774974,31.882469],[34.780585,31.880443],[34.789179,31.875717],[34.79149,31.87609],[34.791662,31.88001],[34.796206,31.881017],[34.795605,31.883159],[34.796505,31.883963],[34.7989,31.88447],[34.798681,31.881841]]]},"properties":{"FID":263,"Muni_Heb":"ברנר","Muni_Eng":"Brener","Sug_Muni":"מועצה אזורית","CR_PNIM":"5528","CR_LAMAS":" ","Machoz":"מרכז","Hearot":"השכבה אינה סטטוטורית באופן מלא.","Eshkol_MPn":"אשכול רשויות שורק דרומי","Sign_Date":1478563200000,"Tikun1":null,"Tikun2":null,"Tikun3":null,"Tikun4":null,"Tikun5":null,"Tikun6":null,"Tikun7":null,"Tikun8":null,"Tikun9":null,"Tikun10":null,"Tikun11":null,"Tikun12":null,"Tikun13":null,"Tikun14":null,"Tikun15":null,"Precision_":"מקור וקטורי חתום","FIRST_Nafa":"רחובות","LAST_Nafa2":" ","Shape_Leng":46320.0188582,"Shape_Area":36647576.0149,"Shape__Area":50934533.04296875,"Shape__Length":54593.795218144194}},{"type":"Feature","id":264,"geometry":{"type":"Polygon","coordinates":[[[34.798345,31.891632],[34.804028,31.890569],[34.800558,31.885828],[34.796667,31.88674],[34.798345,31.891632]]]},"properties":{"FID":264,"Muni_Heb":"ברנר","Muni_Eng":"Brener","Sug_Muni":"מועצה אזורית","CR_PNIM":"5528","CR_LAMAS":" ","Machoz":"מרכז","Hearot":"השכבה אינה סטטוטורית באופן מלא.","Eshkol_MPn":"אשכול רשויות שורק דרומי","Sign_Date":1478563200000,"Tikun1":null,"Tikun2":null,"Tikun3":null,"Tikun4":null,"Tikun5":null,"Tikun6":null,"Tikun7":null,"Tikun8":null,"Tikun9":null,"Tikun10":null,"Tikun11":null,"Tikun12":null,"Tikun13":null,"Tikun14":null,"Tikun15":null,"Precision_":"מקור וקטורי חתום","FIRST_Nafa":"רחובות","LAST_Nafa2":" ","Shape_Leng":2124.32372572,"Shape_Area":271261.308451,"Shape__Area":377365.8818359375,"Shape__Length":2505.3796780712019}},{"type":"Feature","id":265,"geometry":{"type":"Polygon","coordinates":[[[34.708655,31.81078],[34.707262,31.811243],[34.7069,31.810561],[34.708782,31.809311],[34.708684,31.804127],[34.707909,31.804012],[34.708969,31.800792],[34.703158,31.800162],[34.697694,31.797852],[34.696601,31.79844],[34.696515,31.799518],[34.694418,31.799586],[34.690592,31.801756],[34.702687,31.818821],[34.705693,31.813583],[34.708655,31.81078]]]},"properties":{"FID":265,"Muni_Heb":"גדרות","Muni_Eng":"Gderot","Sug_Muni":"מועצה אזורית","CR_PNIM":"5532","CR_LAMAS":" ","Machoz":"מרכז","Hearot":"השכבה אינה סטטוטורית באופן מלא.","Eshkol_MPn":" ","Sign_Date":1248307200000,"Tikun1":null,"Tikun2":null,"Tikun3":null,"Tikun4":null,"Tikun5":null,"Tikun6":null,"Tikun7":null,"Tikun8":null,"Tikun9":null,"Tikun10":null,"Tikun11":null,"Tikun12":null,"Tikun13":null,"Tikun14":null,"Tikun15":null,"Precision_":"מקור וקטורי חתום","FIRST_Nafa":"רחובות","LAST_Nafa2":" ","Shape_Leng":6872.21300401,"Shape_Area":2176454.95811,"Shape__Area":3022373.6982421875,"Shape__Length":8101.8005515869472}},{"type":"Feature","id":266,"geometry":{"type":"Polygon","coordinates":[[[34.719085,31.825346],[34.710928,31.828588],[34.719144,31.839457],[34.72592,31.836118],[34.72909,31.836039],[34.731198,31.83938],[34.735154,31.842512],[34.734928,31.838858],[34.747379,31.839377],[34.758161,31.836859],[34.763339,31.837299],[34.76656,31.834037],[34.759649,31.806294],[34.750921,31.810218],[34.741905,31.81217],[34.72837,31.821625],[34.719085,31.825346]]]},"properties":{"FID":266,"Muni_Heb":"גדרות","Muni_Eng":"Gderot","Sug_Muni":"מועצה אזורית","CR_PNIM":"5532","CR_LAMAS":" ","Machoz":"מרכז","Hearot":"השכבה אינה סטטוטורית באופן מלא.","Eshkol_MPn":" ","Sign_Date":1248307200000,"Tikun1":null,"Tikun2":null,"Tikun3":null,"Tikun4":null,"Tikun5":null,"Tikun6":null,"Tikun7":null,"Tikun8":null,"Tikun9":null,"Tikun10":null,"Tikun11":null,"Tikun12":null,"Tikun13":null,"Tikun14":null,"Tikun15":null,"Precision_":"מקור וקטורי חתום","FIRST_Nafa":"רחובות","LAST_Nafa2":" ","Shape_Leng":15554.8106447,"Shape_Area":11542932.1436,"Shape__Area":16036297.663085938,"Shape__Length":18328.799900291775}},{"type":"Feature","id":267,"geometry":{"type":"Polygon","coordinates":[[[34.809686,31.920857],[34.810118,31.921761],[34.810187,31.920799],[34.809686,31.920857]]]},"properties":{"FID":267,"Muni_Heb":"גזר","Muni_Eng":"Gezer","Sug_Muni":"מועצה אזורית","CR_PNIM":"5530","CR_LAMAS":" ","Machoz":"מרכז","Hearot":"השכבה אינה סטטוטורית באופן מלא.","Eshkol_MPn":" ","Sign_Date":1635120000000,"Tikun1":null,"Tikun2":null,"Tikun3":null,"Tikun4":null,"Tikun5":null,"Tikun6":null,"Tikun7":null,"Tikun8":null,"Tikun9":null,"Tikun10":null,"Tikun11":null,"Tikun12":null,"Tikun13":null,"Tikun14":null,"Tikun15":null,"Precision_":"מקור וקטורי חתום","FIRST_Nafa":"רמלה","LAST_Nafa2":"רחובות","Shape_Leng":280.114502148,"Shape_Area":3746.63824293,"Shape__Area":5215.7890625,"Shape__Length":330.88429892114777}},{"type":"Feature","id":268,"geometry":{"type":"Polygon","coordinates":[[[35.036192,31.867229],[35.033684,31.858982],[35.030535,31.856353],[35.016605,31.856759],[34.999019,31.85423],[34.992478,31.85498],[34.961588,31.854451],[34.956872,31.853333],[34.956926,31.8518],[34.954705,31.851937],[34.953898,31.850872],[34.951,31.851339],[34.951365,31.850286],[34.947277,31.848542],[34.946036,31.849269],[34.945603,31.848015],[34.94174,31.847213],[34.93813,31.848831],[34.936685,31.844137],[34.9341,31.842035],[34.933575,31.840595],[34.931158,31.840761],[34.929571,31.839795],[34.927626,31.841649],[34.924638,31.842707],[34.922075,31.84171],[34.921684,31.840013],[34.916377,31.836507],[34.916381,31.835595],[34.910091,31.831811],[34.91253,31.818546],[34.913964,31.816743],[34.916898,31.815082],[34.911089,31.812573],[34.90011,31.810661],[34.888309,31.810766],[34.871789,31.808755],[34.869866,31.816373],[34.865634,31.825461],[34.861757,31.827548],[34.853411,31.827098],[34.852105,31.825825],[34.849498,31.826853],[34.854383,31.838413],[34.86007,31.849181],[34.851489,31.851565],[34.853327,31.852448],[34.854132,31.853467],[34.853703,31.854032],[34.854726,31.854595],[34.840417,31.857519],[34.840828,31.858778],[34.83962,31.858821],[34.839314,31.857657],[34.836236,31.857922],[34.834338,31.852077],[34.831688,31.851732],[34.831039,31.850856],[34.830499,31.843381],[34.833837,31.84344],[34.838117,31.836963],[34.82694,31.839669],[34.826558,31.842818],[34.825327,31.842742],[34.825525,31.843581],[34.823703,31.844062],[34.822692,31.846193],[34.82333,31.846426],[34.823537,31.848811],[34.824971,31.849884],[34.824358,31.851375],[34.822002,31.852964],[34.821772,31.855375],[34.829591,31.85201],[34.82842,31.852709],[34.830633,31.859626],[34.832822,31.860956],[34.837594,31.861114],[34.838084,31.862347],[34.837241,31.866431],[34.836478,31.866753],[34.833253,31.867528],[34.830982,31.866723],[34.831296,31.866147],[34.829637,31.866169],[34.825702,31.867736],[34.821296,31.86825],[34.819587,31.86954],[34.818474,31.878964],[34.824692,31.881093],[34.828182,31.879954],[34.83833,31.891952],[34.845092,31.901572],[34.851156,31.907067],[34.846928,31.907387],[34.846796,31.908753],[34.84294,31.908272],[34.842896,31.909337],[34.841371,31.909257],[34.841264,31.910351],[34.839159,31.910337],[34.838953,31.911587],[34.835304,31.910501],[34.835534,31.912231],[34.833251,31.912802],[34.834437,31.915784],[34.833138,31.916041],[34.833302,31.917545],[34.830816,31.916312],[34.830125,31.918211],[34.823445,31.914609],[34.818978,31.920271],[34.813913,31.920466],[34.815182,31.924673],[34.816015,31.92508],[34.829094,31.92755],[34.834394,31.926904],[34.833385,31.931773],[34.835802,31.932128],[34.844854,31.929949],[34.842131,31.925113],[34.837517,31.921769],[34.860668,31.917624],[34.878269,31.909483],[34.887454,31.909122],[34.88916,31.909955],[34.891845,31.909408],[34.891922,31.910347],[34.89372,31.910498],[34.896445,31.909353],[34.898561,31.916898],[34.897015,31.917559],[34.898146,31.921073],[34.896186,31.921214],[34.895314,31.923051],[34.897204,31.922817],[34.89882,31.92677],[34.905422,31.924676],[34.906278,31.923878],[34.906099,31.922968],[34.913376,31.922875],[34.918662,31.924161],[34.91874,31.919787],[34.920158,31.916467],[34.923786,31.915646],[34.925241,31.91846],[34.928387,31.917487],[34.929999,31.914524],[34.930676,31.914462],[34.930498,31.912688],[34.931642,31.911339],[34.931356,31.909563],[34.935456,31.909033],[34.940869,31.89259],[34.95563,31.876333],[34.970284,31.879917],[34.977467,31.878147],[34.978565,31.879061],[34.983889,31.878103],[34.989724,31.876034],[34.994362,31.873802],[35.001083,31.868065],[35.002107,31.863982],[34.999177,31.858982],[35.001473,31.858072],[35.006067,31.860555],[35.007877,31.859927],[35.011904,31.860147],[35.018038,31.86176],[35.025754,31.868555],[35.02964,31.870941],[35.036192,31.867229]]]},"properties":{"FID":268,"Muni_Heb":"גזר","Muni_Eng":"Gezer","Sug_Muni":"מועצה אזורית","CR_PNIM":"5530","CR_LAMAS":" ","Machoz":"מרכז","Hearot":"השכבה אינה סטטוטורית באופן מלא.","Eshkol_MPn":" ","Sign_Date":1635120000000,"Tikun1":null,"Tikun2":null,"Tikun3":null,"Tikun4":null,"Tikun5":null,"Tikun6":null,"Tikun7":null,"Tikun8":null,"Tikun9":null,"Tikun10":null,"Tikun11":null,"Tikun12":null,"Tikun13":null,"Tikun14":null,"Tikun15":null,"Precision_":"מקור וקטורי חתום","FIRST_Nafa":"רמלה","LAST_Nafa2":"רחובות","Shape_Leng":89203.2813888,"Shape_Area":119484299.476,"Shape__Area":166158555.66113281,"Shape__Length":105150.68910411639}},{"type":"Feature","id":269,"geometry":{"type":"Polygon","coordinates":[[[35.004282,31.174997],[34.989535,31.17576],[34.988002,31.177336],[34.982474,31.177414],[34.981733,31.18771],[34.979786,31.188675],[34.979262,31.193603],[34.981916,31.196952],[34.980955,31.21376],[35.004315,31.222279],[35.05362,31.224177],[35.081449,31.222594],[35.075719,31.184142],[35.052698,31.176284],[35.046664,31.173086],[35.03254,31.171946],[35.014218,31.171832],[35.004282,31.174997]]]},"properties":{"FID":269,"Muni_Heb":"דימונה","Muni_Eng":"Dimona","Sug_Muni":"עירייה","CR_PNIM":"2200","CR_LAMAS":"2200","Machoz":"דרום","Hearot":"השכבה אינה סטטוטורית באופן מלא.","Eshkol_MPn":"אשכול רשויות נגב מזרחי","Sign_Date":1658707200000,"Tikun1":null,"Tikun2":null,"Tikun3":null,"Tikun4":null,"Tikun5":null,"Tikun6":null,"Tikun7":null,"Tikun8":null,"Tikun9":null,"Tikun10":null,"Tikun11":null,"Tikun12":null,"Tikun13":null,"Tikun14":null,"Tikun15":null,"Precision_":"מקור וקטורי חתום","FIRST_Nafa":"באר שבע","LAST_Nafa2":" ","Shape_Leng":27616.2011375,"Shape_Area":47740563.449,"Shape__Area":65451079.361328125,"Shape__Length":32309.830249681298}},{"type":"Feature","id":270,"geometry":{"type":"Polygon","coordinates":[[[35.072862,31.067837],[35.071808,31.065277],[35.073127,31.059304],[35.072823,31.056663],[35.071644,31.054672],[35.068693,31.052401],[35.067727,31.048236],[35.063617,31.039209],[35.06611,31.038483],[35.073183,31.037242],[35.088133,31.037877],[35.092845,31.036417],[35.102921,31.036383],[35.158887,31.038326],[35.188955,31.041106],[35.187449,31.036749],[35.188673,31.030342],[35.184113,31.023985],[35.184242,31.022493],[35.191886,31.012784],[35.194012,31.013706],[35.195324,31.010446],[35.197292,31.010069],[35.199332,31.005931],[35.201226,31.004488],[35.196129,30.998897],[35.194447,30.998589],[35.193332,30.994708],[35.191871,30.993444],[35.185029,30.993003],[35.183878,30.989943],[35.179907,30.984182],[35.163279,30.978708],[35.168367,30.970718],[35.170934,30.968424],[35.165854,30.964262],[35.164975,30.962644],[35.165184,30.960917],[35.163042,30.958276],[35.157505,30.953772],[35.157287,30.952706],[35.160713,30.94399],[35.158091,30.942823],[35.158165,30.939374],[35.152342,30.935798],[35.142508,30.93271],[35.140163,30.934578],[35.134209,30.935167],[35.129447,30.931901],[35.108835,30.941461],[35.105847,30.943703],[35.099556,30.952185],[35.089263,30.9504],[35.087178,30.950688],[35.056259,30.96311],[35.055662,30.965279],[35.056054,30.973028],[35.057799,30.983853],[35.065445,30.991674],[35.081855,31.017362],[35.073275,31.017215],[35.071769,31.018149],[35.071171,31.018002],[35.072117,31.017489],[35.071582,31.016327],[35.069412,31.015814],[35.065634,31.017223],[35.064406,31.0201],[35.06226,31.018807],[35.055659,31.017375],[35.051602,31.017674],[35.046972,31.019422],[35.039135,31.019611],[35.038836,31.020903],[35.040132,31.022073],[35.019819,31.027804],[35.008069,31.027182],[35.006397,31.028337],[35.006343,31.031612],[35.003642,31.032512],[34.985931,31.034503],[35.000236,31.044865],[34.997391,31.048268],[34.998411,31.053438],[34.999645,31.055553],[34.998881,31.055854],[34.995646,31.052351],[34.982639,31.045804],[34.975181,31.038133],[34.974307,31.035737],[34.972009,31.035989],[34.96898,31.037672],[34.972386,31.042957],[34.98347,31.053968],[34.987442,31.050488],[34.990134,31.050493],[34.990054,31.086055],[35.022534,31.086104],[35.045082,31.102253],[35.050957,31.10201],[35.054921,31.102716],[35.056871,31.103962],[35.058105,31.106544],[35.066358,31.109481],[35.073593,31.109441],[35.078953,31.106132],[35.080598,31.10312],[35.080106,31.100536],[35.077355,31.097603],[35.076729,31.094617],[35.072882,31.092205],[35.072928,31.088708],[35.071767,31.08738],[35.073048,31.08546],[35.072048,31.081227],[35.072517,31.077715],[35.071847,31.074084],[35.072862,31.067837]]]},"properties":{"FID":270,"Muni_Heb":"דימונה","Muni_Eng":"Dimona","Sug_Muni":"עירייה","CR_PNIM":"2200","CR_LAMAS":"2200","Machoz":"דרום","Hearot":"השכבה אינה סטטוטורית באופן מלא.","Eshkol_MPn":"אשכול רשויות נגב מזרחי","Sign_Date":1658707200000,"Tikun1":null,"Tikun2":null,"Tikun3":null,"Tikun4":null,"Tikun5":null,"Tikun6":null,"Tikun7":null,"Tikun8":null,"Tikun9":null,"Tikun10":null,"Tikun11":null,"Tikun12":null,"Tikun13":null,"Tikun14":null,"Tikun15":null,"Precision_":"מקור וקטורי חתום","FIRST_Nafa":"באר שבע","LAST_Nafa2":" ","Shape_Leng":88717.7161291,"Shape_Area":174373059.611,"Shape__Area":238152934.91113281,"Shape__Length":103652.77504193394}},{"type":"Feature","id":271,"geometry":{"type":"Polygon","coordinates":[[[34.90658,32.039221],[34.898752,32.038584],[34.895785,32.041112],[34.89153,32.041074],[34.89116,32.04983],[34.884332,32.049418],[34.88272,32.058914],[34.883871,32.058981],[34.883744,32.060431],[34.884428,32.060475],[34.883805,32.063919],[34.881907,32.063282],[34.880869,32.065784],[34.879336,32.065577],[34.879122,32.066738],[34.875478,32.066252],[34.874818,32.06991],[34.875913,32.070049],[34.875845,32.070889],[34.88455,32.07074],[34.893262,32.069022],[34.894944,32.06765],[34.893823,32.056898],[34.896915,32.056951],[34.896903,32.054527],[34.900804,32.054128],[34.899371,32.067518],[34.903156,32.066611],[34.90658,32.039221]]]},"properties":{"FID":271,"Muni_Heb":"דרום השרון","Muni_Eng":"Drom Hasharon","Sug_Muni":"מועצה אזורית","CR_PNIM":"5520","CR_LAMAS":" ","Machoz":"מרכז","Hearot":"השכבה אינה סטטוטורית באופן מלא.","Eshkol_MPn":" ","Sign_Date":1668470400000,"Tikun1":null,"Tikun2":null,"Tikun3":null,"Tikun4":null,"Tikun5":null,"Tikun6":null,"Tikun7":null,"Tikun8":null,"Tikun9":null,"Tikun10":null,"Tikun11":null,"Tikun12":null,"Tikun13":null,"Tikun14":null,"Tikun15":null,"Precision_":"מקור וקטורי חתום","FIRST_Nafa":"פתח תקווה","LAST_Nafa2":" ","Shape_Leng":15722.8751074,"Shape_Area":5305244.86886,"Shape__Area":7407096.8505859375,"Shape__Length":18590.229153631204}},{"type":"Feature","id":272,"geometry":{"type":"Polygon","coordinates":[[[34.89752,32.162108],[34.896259,32.162147],[34.89627,32.162841],[34.897531,32.162788],[34.89752,32.162108]]]},"properties":{"FID":272,"Muni_Heb":"דרום השרון","Muni_Eng":"Drom Hasharon","Sug_Muni":"מועצה אזורית","CR_PNIM":"5520","CR_LAMAS":" ","Machoz":"מרכז","Hearot":"השכבה אינה סטטוטורית באופן מלא.","Eshkol_MPn":" ","Sign_Date":1668470400000,"Tikun1":null,"Tikun2":null,"Tikun3":null,"Tikun4":null,"Tikun5":null,"Tikun6":null,"Tikun7":null,"Tikun8":null,"Tikun9":null,"Tikun10":null,"Tikun11":null,"Tikun12":null,"Tikun13":null,"Tikun14":null,"Tikun15":null,"Precision_":"מקור וקטורי חתום","FIRST_Nafa":"פתח תקווה","LAST_Nafa2":" ","Shape_Leng":390.444470381,"Shape_Area":9068.3693961,"Shape__Area":12690.5654296875,"Shape__Length":461.64485029469881}},{"type":"Feature","id":273,"geometry":{"type":"Polygon","coordinates":[[[34.889134,32.173075],[34.889573,32.171835],[34.891124,32.172432],[34.891408,32.171644],[34.897166,32.171943],[34.897534,32.162898],[34.896231,32.162928],[34.896248,32.163563],[34.891558,32.1628],[34.891355,32.1671],[34.889783,32.167048],[34.889917,32.164207],[34.88881,32.163825],[34.889102,32.162695],[34.874752,32.162294],[34.874883,32.158396],[34.872484,32.157438],[34.872227,32.15345],[34.869907,32.153621],[34.870033,32.152989],[34.872299,32.153037],[34.872907,32.149671],[34.86886,32.150158],[34.867799,32.153787],[34.868529,32.155199],[34.865384,32.155349],[34.862949,32.16475],[34.864431,32.170941],[34.872197,32.169667],[34.873063,32.172521],[34.878599,32.172657],[34.885001,32.171307],[34.889134,32.173075]]]},"properties":{"FID":273,"Muni_Heb":"דרום השרון","Muni_Eng":"Drom Hasharon","Sug_Muni":"מועצה אזורית","CR_PNIM":"5520","CR_LAMAS":" ","Machoz":"מרכז","Hearot":"השכבה אינה סטטוטורית באופן מלא.","Eshkol_MPn":" ","Sign_Date":1668470400000,"Tikun1":null,"Tikun2":null,"Tikun3":null,"Tikun4":null,"Tikun5":null,"Tikun6":null,"Tikun7":null,"Tikun8":null,"Tikun9":null,"Tikun10":null,"Tikun11":null,"Tikun12":null,"Tikun13":null,"Tikun14":null,"Tikun15":null,"Precision_":"מקור וקטורי חתום","FIRST_Nafa":"פתח תקווה","LAST_Nafa2":" ","Shape_Leng":13239.0041473,"Shape_Area":4052209.93544,"Shape__Area":5671084.6337890625,"Shape__Length":15661.18099337348}},{"type":"Feature","id":274,"geometry":{"type":"Polygon","coordinates":[[[34.968026,32.073903],[34.97014,32.068653],[34.970286,32.062466],[34.96801,32.060507],[34.965212,32.060459],[34.96348,32.058136],[34.95902,32.060775],[34.957593,32.05905],[34.955337,32.058359],[34.952591,32.054945],[34.952252,32.05601],[34.945784,32.057962],[34.944951,32.05932],[34.944316,32.057946],[34.940915,32.059398],[34.939436,32.059369],[34.93948,32.058346],[34.926553,32.059039],[34.924288,32.062308],[34.923434,32.062419],[34.923534,32.063392],[34.921951,32.06454],[34.921854,32.06546],[34.918194,32.067671],[34.920543,32.067843],[34.919846,32.072065],[34.914748,32.073712],[34.915086,32.077376],[34.918819,32.075693],[34.920577,32.082894],[34.926594,32.080958],[34.927468,32.084439],[34.929101,32.085329],[34.925763,32.088563],[34.924006,32.08579],[34.921281,32.087025],[34.921499,32.088909],[34.922211,32.088941],[34.922084,32.090929],[34.919697,32.091475],[34.919355,32.092849],[34.91667,32.095081],[34.910681,32.096826],[34.911107,32.097286],[34.910419,32.098206],[34.911169,32.098395],[34.909336,32.100474],[34.908413,32.100437],[34.907333,32.104297],[34.904116,32.107149],[34.907795,32.107804],[34.907997,32.111181],[34.919033,32.111009],[34.917672,32.111818],[34.918097,32.112709],[34.916375,32.114548],[34.914661,32.114431],[34.91349,32.115509],[34.913053,32.116673],[34.914895,32.117335],[34.914299,32.11782],[34.91479,32.118905],[34.913432,32.118547],[34.912095,32.119921],[34.911198,32.119622],[34.912179,32.120728],[34.911015,32.121283],[34.912427,32.121562],[34.912434,32.122479],[34.913727,32.123019],[34.912749,32.125326],[34.911648,32.125667],[34.911751,32.126986],[34.909724,32.125836],[34.909036,32.126923],[34.907608,32.126308],[34.908569,32.124255],[34.907236,32.124116],[34.906922,32.122923],[34.905815,32.124427],[34.903198,32.124902],[34.902962,32.123898],[34.900754,32.123534],[34.900651,32.122116],[34.899564,32.122747],[34.899208,32.122177],[34.89311,32.12275],[34.893698,32.117283],[34.892613,32.117207],[34.891791,32.122652],[34.890464,32.123396],[34.890626,32.124222],[34.889515,32.123595],[34.88868,32.127398],[34.890132,32.128411],[34.892397,32.128585],[34.89268,32.125393],[34.895395,32.126897],[34.898787,32.130352],[34.90226,32.131113],[34.904732,32.13325],[34.904184,32.134392],[34.902261,32.134729],[34.903253,32.140803],[34.899674,32.142694],[34.894364,32.138035],[34.892661,32.138765],[34.894726,32.141517],[34.894774,32.147513],[34.898573,32.146497],[34.898454,32.148845],[34.897672,32.149114],[34.897058,32.150949],[34.898099,32.151229],[34.898127,32.153267],[34.899796,32.153322],[34.899537,32.153913],[34.901835,32.15496],[34.907131,32.149067],[34.90631,32.148497],[34.910303,32.148268],[34.909898,32.146108],[34.907237,32.146197],[34.906905,32.145279],[34.911549,32.143064],[34.918713,32.154204],[34.923037,32.154578],[34.926064,32.157383],[34.925026,32.161417],[34.928115,32.164048],[34.933343,32.161043],[34.938271,32.159293],[34.939658,32.160798],[34.930318,32.164802],[34.929082,32.170249],[34.934315,32.174783],[34.945423,32.179226],[34.948903,32.181532],[34.953446,32.181149],[34.953902,32.179326],[34.956886,32.18483],[34.956356,32.190452],[34.95264,32.191909],[34.951575,32.189625],[34.9437,32.193007],[34.934375,32.194864],[34.931412,32.186323],[34.919227,32.189627],[34.920109,32.192268],[34.914249,32.194418],[34.914126,32.195396],[34.912257,32.196107],[34.907115,32.190552],[34.905223,32.191738],[34.903779,32.190781],[34.900311,32.192329],[34.897656,32.192553],[34.897639,32.193901],[34.900709,32.194049],[34.901074,32.197729],[34.892553,32.198309],[34.892761,32.200517],[34.8866,32.20094],[34.887322,32.204058],[34.883422,32.208002],[34.884265,32.207893],[34.885628,32.209495],[34.889117,32.209234],[34.889267,32.215891],[34.883022,32.218835],[34.882863,32.227677],[34.898063,32.225463],[34.897917,32.222761],[34.902042,32.222065],[34.901682,32.221222],[34.905981,32.2198],[34.906427,32.22057],[34.910187,32.219496],[34.909499,32.216137],[34.9101,32.214853],[34.917804,32.21703],[34.917604,32.219279],[34.918593,32.219181],[34.920283,32.221105],[34.919223,32.221852],[34.92043,32.222788],[34.922271,32.220972],[34.923361,32.220927],[34.923496,32.222073],[34.92506,32.22201],[34.925609,32.226952],[34.927438,32.226598],[34.92797,32.227764],[34.930468,32.227016],[34.936092,32.227099],[34.935736,32.228878],[34.936988,32.228724],[34.937874,32.227819],[34.937047,32.227367],[34.937916,32.227769],[34.943441,32.224898],[34.946449,32.224661],[34.946466,32.224063],[34.951087,32.224086],[34.952315,32.222678],[34.952502,32.21896],[34.953802,32.216998],[34.958367,32.216174],[34.957874,32.213497],[34.962169,32.213256],[34.963676,32.213643],[34.964376,32.216996],[34.968708,32.216755],[34.970997,32.219466],[34.97377,32.218659],[34.975987,32.222766],[34.980829,32.221368],[34.981741,32.226156],[34.984388,32.232309],[34.978401,32.232479],[34.982991,32.242569],[34.983877,32.242248],[34.983642,32.244388],[34.985392,32.244276],[34.985732,32.245738],[34.98592,32.244193],[34.990304,32.242437],[34.991629,32.244388],[34.99526,32.243052],[34.998608,32.244402],[35.000383,32.24348],[35.001881,32.244811],[35.003173,32.244745],[35.005405,32.24344],[35.005569,32.246567],[35.006558,32.247407],[35.009587,32.246552],[35.018175,32.248431],[35.024078,32.248651],[35.019252,32.242057],[35.020164,32.239685],[35.020283,32.234361],[35.017864,32.233348],[35.014186,32.235328],[35.010435,32.231726],[35.008396,32.23313],[35.005441,32.233122],[35.005046,32.232521],[35.006194,32.23094],[35.005591,32.230633],[35.004501,32.230583],[35.00221,32.232322],[34.996754,32.232542],[34.996719,32.231641],[34.999583,32.228935],[34.998283,32.228325],[34.995718,32.229359],[34.993275,32.228661],[34.993244,32.227647],[34.995841,32.226222],[34.992418,32.225446],[34.991301,32.224459],[34.992822,32.222582],[34.987609,32.222367],[34.987338,32.221619],[34.988845,32.219537],[34.983051,32.21964],[34.981054,32.220496],[34.979527,32.218316],[34.982232,32.217192],[34.981254,32.21508],[34.983922,32.214076],[34.984882,32.212916],[34.984049,32.210585],[34.982593,32.209192],[34.987959,32.206811],[34.984435,32.206233],[34.982194,32.203628],[34.978336,32.20302],[34.975418,32.200551],[34.973505,32.200087],[34.970276,32.200987],[34.963035,32.199749],[34.960425,32.196191],[34.960429,32.193475],[34.957209,32.190191],[34.959596,32.175595],[34.961608,32.173562],[34.964469,32.17319],[34.964013,32.168907],[34.967379,32.169063],[34.970951,32.166303],[34.970537,32.164607],[34.974131,32.162437],[34.9773,32.158883],[34.974285,32.152305],[34.979154,32.148612],[34.986336,32.148586],[34.990498,32.14324],[34.989073,32.138613],[34.987522,32.138609],[34.988715,32.134142],[34.975883,32.135842],[34.973143,32.135196],[34.974029,32.133969],[34.972862,32.133062],[34.972027,32.133716],[34.966505,32.133757],[34.958059,32.135596],[34.956954,32.135329],[34.957284,32.130077],[34.952768,32.1302],[34.951939,32.129607],[34.951703,32.131802],[34.950946,32.131603],[34.950891,32.130281],[34.947142,32.130565],[34.943593,32.12234],[34.947289,32.114154],[34.941132,32.115656],[34.937837,32.112293],[34.936429,32.106192],[34.935212,32.106373],[34.934426,32.097844],[34.947091,32.087058],[34.952776,32.084396],[34.949235,32.076684],[34.95028,32.075288],[34.955636,32.07548],[34.957872,32.073327],[34.958848,32.069996],[34.961308,32.069173],[34.964566,32.07309],[34.968026,32.073903]],[[34.949032,32.156098],[34.947927,32.155985],[34.947242,32.154683],[34.946461,32.155205],[34.946156,32.153814],[34.940958,32.15049],[34.937588,32.149234],[34.93733,32.153083],[34.936108,32.151983],[34.934111,32.140603],[34.937273,32.144073],[34.937596,32.142935],[34.941633,32.142958],[34.941583,32.146366],[34.946371,32.148893],[34.948733,32.148393],[34.950971,32.145459],[34.95586,32.144506],[34.957037,32.145577],[34.959664,32.144416],[34.961721,32.146338],[34.96226,32.149156],[34.96028,32.149505],[34.961484,32.149546],[34.961593,32.151398],[34.960482,32.158161],[34.952654,32.156192],[34.949032,32.156098]]]},"properties":{"FID":274,"Muni_Heb":"דרום השרון","Muni_Eng":"Drom Hasharon","Sug_Muni":"מועצה אזורית","CR_PNIM":"5520","CR_LAMAS":" ","Machoz":"מרכז","Hearot":"השכבה אינה סטטוטורית באופן מלא.","Eshkol_MPn":" ","Sign_Date":1668470400000,"Tikun1":null,"Tikun2":null,"Tikun3":null,"Tikun4":null,"Tikun5":null,"Tikun6":null,"Tikun7":null,"Tikun8":null,"Tikun9":null,"Tikun10":null,"Tikun11":null,"Tikun12":null,"Tikun13":null,"Tikun14":null,"Tikun15":null,"Precision_":"מקור וקטורי חתום","FIRST_Nafa":"פתח תקווה","LAST_Nafa2":" ","Shape_Leng":136261.752409,"Shape_Area":86403977.0503,"Shape__Area":120906935.69433594,"Shape__Length":161187.40722507934}},{"type":"Feature","id":275,"geometry":{"type":"Polygon","coordinates":[[[35.476419,32.917303],[35.478032,32.918358],[35.477444,32.919337],[35.480254,32.922701],[35.483381,32.920573],[35.484509,32.923696],[35.483471,32.925863],[35.484389,32.926459],[35.4858,32.93103],[35.489289,32.930827],[35.490936,32.929938],[35.492687,32.930535],[35.493711,32.927752],[35.495191,32.927499],[35.497621,32.928577],[35.498473,32.930169],[35.500689,32.930474],[35.499983,32.927735],[35.502525,32.929849],[35.508971,32.929533],[35.51333,32.930361],[35.530783,32.930105],[35.533499,32.928951],[35.536725,32.931698],[35.537952,32.93561],[35.540817,32.93709],[35.541979,32.933634],[35.544071,32.931543],[35.551094,32.932069],[35.554263,32.930439],[35.554042,32.93431],[35.555893,32.936833],[35.555381,32.940762],[35.554193,32.942253],[35.554446,32.944515],[35.555417,32.943118],[35.558255,32.942483],[35.566983,32.943795],[35.581412,32.941468],[35.583763,32.946914],[35.593583,32.946955],[35.596162,32.947954],[35.597978,32.947261],[35.598536,32.948615],[35.602591,32.95037],[35.609257,32.9551],[35.610103,32.956574],[35.609036,32.959221],[35.605403,32.9602],[35.603834,32.959528],[35.604846,32.961134],[35.602369,32.964759],[35.604784,32.96626],[35.60302,32.968443],[35.594669,32.974164],[35.592203,32.974819],[35.590743,32.976616],[35.588977,32.976916],[35.589801,32.978786],[35.586783,32.978539],[35.586278,32.977316],[35.580671,32.979082],[35.586798,32.972442],[35.584161,32.97102],[35.579625,32.97333],[35.571994,32.974408],[35.573059,32.975778],[35.569765,32.975478],[35.571013,32.980655],[35.572031,32.980673],[35.572462,32.983136],[35.570767,32.983166],[35.570888,32.984932],[35.566084,32.984496],[35.565801,32.98349],[35.562073,32.983498],[35.561823,32.981461],[35.557787,32.981807],[35.565284,32.999469],[35.568976,32.99985],[35.569016,32.994158],[35.570562,32.994534],[35.570231,32.995893],[35.573121,32.996848],[35.571574,32.998043],[35.575718,32.999697],[35.578491,32.998811],[35.580461,32.999534],[35.580993,33.001068],[35.582016,33.000607],[35.581037,32.999127],[35.583671,32.997627],[35.584309,32.996375],[35.588136,32.99733],[35.588653,32.99563],[35.59033,32.99594],[35.590925,32.992484],[35.59038,32.989527],[35.591971,32.989486],[35.591954,32.986824],[35.59452,32.988453],[35.595147,32.991037],[35.598244,32.990739],[35.598119,32.992274],[35.599821,32.992736],[35.601298,32.990848],[35.611703,32.996639],[35.611407,32.987043],[35.614789,32.975545],[35.618558,32.971013],[35.618882,32.968921],[35.617775,32.968291],[35.623787,32.966321],[35.624507,32.965361],[35.62472,32.957484],[35.625119,32.954523],[35.62617,32.953523],[35.625499,32.951654],[35.626338,32.947549],[35.625267,32.946029],[35.624357,32.940302],[35.622434,32.94096],[35.619788,32.939968],[35.618324,32.94069],[35.616166,32.940457],[35.612151,32.94268],[35.606113,32.944193],[35.607818,32.938132],[35.604595,32.930097],[35.603094,32.928382],[35.596527,32.924257],[35.596273,32.918169],[35.589944,32.918677],[35.586364,32.91694],[35.585981,32.914963],[35.587892,32.913908],[35.583037,32.910365],[35.576678,32.910206],[35.565139,32.912477],[35.563498,32.913825],[35.563468,32.91255],[35.561646,32.911539],[35.562255,32.907977],[35.565047,32.90445],[35.565889,32.901707],[35.569049,32.899512],[35.565132,32.899938],[35.560956,32.899088],[35.559392,32.896942],[35.553102,32.895636],[35.552414,32.894489],[35.548472,32.893392],[35.545032,32.89823],[35.541058,32.901278],[35.541766,32.902104],[35.540914,32.903843],[35.543565,32.90305],[35.54319,32.904157],[35.54707,32.904508],[35.549293,32.906024],[35.55149,32.905474],[35.553026,32.900938],[35.555479,32.902818],[35.556958,32.902834],[35.557225,32.916086],[35.555894,32.918546],[35.55377,32.919515],[35.542058,32.911771],[35.528428,32.909892],[35.521089,32.905979],[35.522752,32.902569],[35.521619,32.900891],[35.51208,32.901016],[35.509935,32.900034],[35.506044,32.896254],[35.504905,32.895781],[35.5029,32.896399],[35.499517,32.894388],[35.499164,32.893339],[35.495977,32.892087],[35.489933,32.893067],[35.4859,32.895697],[35.485456,32.89677],[35.478936,32.898917],[35.480415,32.890901],[35.480259,32.889373],[35.479464,32.889099],[35.477956,32.890188],[35.478513,32.891638],[35.476101,32.891742],[35.475556,32.893713],[35.472091,32.892926],[35.467097,32.89478],[35.467199,32.903121],[35.471563,32.904412],[35.476185,32.911666],[35.47897,32.912993],[35.477782,32.913695],[35.476419,32.917303]],[[35.58329,32.98291],[35.583066,32.985635],[35.5745,32.985278],[35.574289,32.98086],[35.577488,32.980335],[35.577858,32.982955],[35.58329,32.98291]]]},"properties":{"FID":275,"Muni_Heb":"הגליל העליון","Muni_Eng":"Hagalil Ha'elyon","Sug_Muni":"מועצה אזורית","CR_PNIM":"5501","CR_LAMAS":" ","Machoz":"צפון","Hearot":"השכבה אינה סטטוטורית באופן מלא.","Eshkol_MPn":"אשכול רשויות גליל מזרחי","Sign_Date":1360713600000,"Tikun1":1447200000000,"Tikun2":null,"Tikun3":null,"Tikun4":null,"Tikun5":null,"Tikun6":null,"Tikun7":null,"Tikun8":null,"Tikun9":null,"Tikun10":null,"Tikun11":null,"Tikun12":null,"Tikun13":null,"Tikun14":null,"Tikun15":null,"Precision_":"מקור וקטורי חתום","FIRST_Nafa":"צפת","LAST_Nafa2":"עכו","Shape_Leng":84545.8939412,"Shape_Area":56827879.2691,"Shape__Area":80894383.65234375,"Shape__Length":100868.83872798232}},{"type":"Feature","id":276,"geometry":{"type":"Polygon","coordinates":[[[35.565424,33.031185],[35.564052,33.030419],[35.564576,33.030155],[35.563438,33.027503],[35.560391,33.02857],[35.557921,33.025815],[35.557747,33.022105],[35.552542,33.02294],[35.550725,33.025041],[35.54829,33.025774],[35.550838,33.029818],[35.549434,33.030349],[35.550007,33.034395],[35.546755,33.037044],[35.548095,33.039103],[35.551438,33.036789],[35.562163,33.032462],[35.562673,33.03741],[35.565625,33.037059],[35.566232,33.03557],[35.565707,33.034276],[35.567524,33.032552],[35.565424,33.031185]]]},"properties":{"FID":276,"Muni_Heb":"הגליל העליון","Muni_Eng":"Hagalil Ha'elyon","Sug_Muni":"מועצה אזורית","CR_PNIM":"5501","CR_LAMAS":" ","Machoz":"צפון","Hearot":"השכבה אינה סטטוטורית באופן מלא.","Eshkol_MPn":"אשכול רשויות גליל מזרחי","Sign_Date":1360713600000,"Tikun1":1447200000000,"Tikun2":null,"Tikun3":null,"Tikun4":null,"Tikun5":null,"Tikun6":null,"Tikun7":null,"Tikun8":null,"Tikun9":null,"Tikun10":null,"Tikun11":null,"Tikun12":null,"Tikun13":null,"Tikun14":null,"Tikun15":null,"Precision_":"מקור וקטורי חתום","FIRST_Nafa":"צפת","LAST_Nafa2":"עכו","Shape_Leng":7677.17437191,"Shape_Area":1735901.88531,"Shape__Area":2476334.279296875,"Shape__Length":9170.4769690891771}},{"type":"Feature","id":277,"geometry":{"type":"Polygon","coordinates":[[[35.483372,33.076332],[35.480419,33.074757],[35.478536,33.069911],[35.470607,33.062924],[35.469735,33.061745],[35.469717,33.05904],[35.467443,33.056579],[35.463277,33.054252],[35.45682,33.054938],[35.455633,33.053357],[35.447146,33.047976],[35.446543,33.046307],[35.443371,33.046137],[35.443087,33.044014],[35.438727,33.043044],[35.441735,33.041419],[35.440369,33.039093],[35.44133,33.037319],[35.441323,33.034325],[35.435572,33.037631],[35.434773,33.035767],[35.431808,33.036194],[35.431416,33.032355],[35.432816,33.02891],[35.430188,33.027959],[35.430233,33.026798],[35.428165,33.027199],[35.427476,33.023701],[35.425198,33.020239],[35.426124,33.019147],[35.419636,33.020124],[35.416111,33.019669],[35.410714,33.021625],[35.406775,33.018141],[35.404618,33.017478],[35.404183,33.016069],[35.405302,33.015188],[35.40692,33.011163],[35.407371,33.006671],[35.40967,33.005814],[35.407364,33.005898],[35.404163,33.00779],[35.401471,33.007822],[35.399706,33.009168],[35.396343,33.010101],[35.395288,33.009191],[35.396696,33.005223],[35.394931,33.006967],[35.394249,33.005643],[35.394556,33.006919],[35.392823,33.006859],[35.392917,33.005536],[35.392308,33.006517],[35.388464,33.005993],[35.386306,33.004151],[35.379691,33.003236],[35.375629,33.004746],[35.380689,33.008535],[35.386001,33.009294],[35.391978,33.012],[35.39321,33.011824],[35.393822,33.013707],[35.391011,33.016542],[35.385016,33.01891],[35.378224,33.017477],[35.371612,33.017561],[35.371673,33.020038],[35.372935,33.020306],[35.371908,33.021512],[35.371593,33.032517],[35.365096,33.036312],[35.364578,33.037521],[35.364804,33.038899],[35.371112,33.043376],[35.378284,33.043452],[35.379759,33.044457],[35.380252,33.047428],[35.377955,33.049807],[35.377348,33.053562],[35.382309,33.061381],[35.386019,33.060037],[35.386745,33.056369],[35.388747,33.054513],[35.392137,33.053617],[35.396154,33.051245],[35.395562,33.049269],[35.39464,33.048723],[35.395244,33.047767],[35.393705,33.046566],[35.393691,33.045634],[35.394592,33.044734],[35.397154,33.044524],[35.401809,33.039643],[35.401944,33.035365],[35.403018,33.035213],[35.404397,33.037721],[35.40399,33.031565],[35.405344,33.03091],[35.406116,33.03118],[35.406133,33.036424],[35.408496,33.037612],[35.409585,33.037121],[35.408643,33.035155],[35.411108,33.032976],[35.415951,33.039384],[35.41606,33.040454],[35.413008,33.042577],[35.412483,33.044044],[35.414344,33.045947],[35.415132,33.054828],[35.418182,33.05661],[35.419996,33.058706],[35.418705,33.064222],[35.43102,33.06585],[35.442619,33.084955],[35.445275,33.085121],[35.450494,33.082551],[35.460432,33.082534],[35.46426,33.078748],[35.476748,33.080399],[35.48123,33.07782],[35.482465,33.076181],[35.483372,33.076332]]]},"properties":{"FID":277,"Muni_Heb":"הגליל העליון","Muni_Eng":"Hagalil Ha'elyon","Sug_Muni":"מועצה אזורית","CR_PNIM":"5501","CR_LAMAS":" ","Machoz":"צפון","Hearot":"השכבה אינה סטטוטורית באופן מלא.","Eshkol_MPn":"אשכול רשויות גליל מזרחי","Sign_Date":1360713600000,"Tikun1":1447200000000,"Tikun2":null,"Tikun3":null,"Tikun4":null,"Tikun5":null,"Tikun6":null,"Tikun7":null,"Tikun8":null,"Tikun9":null,"Tikun10":null,"Tikun11":null,"Tikun12":null,"Tikun13":null,"Tikun14":null,"Tikun15":null,"Precision_":"מקור וקטורי חתום","FIRST_Nafa":"צפת","LAST_Nafa2":"עכו","Shape_Leng":50683.7094155,"Shape_Area":36262647.9046,"Shape__Area":51749135.525390625,"Shape__Length":60544.592699100132}},{"type":"Feature","id":278,"geometry":{"type":"Polygon","coordinates":[[[35.536697,33.112373],[35.536615,33.109494],[35.535114,33.108216],[35.532748,33.107204],[35.531144,33.108217],[35.53073,33.107776],[35.530264,33.103307],[35.527147,33.099825],[35.524231,33.0929],[35.519992,33.086641],[35.511905,33.09166],[35.508688,33.083884],[35.505143,33.081437],[35.497701,33.08137],[35.498795,33.085254],[35.495599,33.087112],[35.494951,33.091457],[35.503614,33.08949],[35.502638,33.114457],[35.505488,33.115856],[35.51985,33.116171],[35.524118,33.122135],[35.526707,33.121928],[35.529803,33.117375],[35.535153,33.117137],[35.536767,33.11512],[35.536697,33.112373]]]},"properties":{"FID":278,"Muni_Heb":"הגליל העליון","Muni_Eng":"Hagalil Ha'elyon","Sug_Muni":"מועצה אזורית","CR_PNIM":"5501","CR_LAMAS":" ","Machoz":"צפון","Hearot":"השכבה אינה סטטוטורית באופן מלא.","Eshkol_MPn":"אשכול רשויות גליל מזרחי","Sign_Date":1360713600000,"Tikun1":1447200000000,"Tikun2":null,"Tikun3":null,"Tikun4":null,"Tikun5":null,"Tikun6":null,"Tikun7":null,"Tikun8":null,"Tikun9":null,"Tikun10":null,"Tikun11":null,"Tikun12":null,"Tikun13":null,"Tikun14":null,"Tikun15":null,"Precision_":"מקור וקטורי חתום","FIRST_Nafa":"צפת","LAST_Nafa2":"עכו","Shape_Leng":15954.09696,"Shape_Area":8914590.35021,"Shape__Area":12737764.784179688,"Shape__Length":19079.241990356153}},{"type":"Feature","id":279,"geometry":{"type":"Polygon","coordinates":[[[35.62527,33.242],[35.631372,33.24294],[35.635849,33.244757],[35.641799,33.244922],[35.65067,33.250294],[35.657712,33.249279],[35.661255,33.247453],[35.669768,33.247292],[35.673577,33.246313],[35.676271,33.247486],[35.681075,33.247717],[35.684308,33.244563],[35.684358,33.24271],[35.682132,33.241283],[35.68389,33.239119],[35.683086,33.237067],[35.677236,33.232878],[35.672805,33.232245],[35.666936,33.225512],[35.667534,33.221083],[35.662906,33.190065],[35.670592,33.153474],[35.652831,33.122971],[35.650183,33.087108],[35.645464,33.077712],[35.646644,33.06337],[35.640488,33.040589],[35.631721,33.024026],[35.630048,33.014523],[35.628985,33.0136],[35.63088,33.012225],[35.632977,33.008861],[35.631016,32.997919],[35.625423,33.000758],[35.62645,33.002735],[35.628425,33.002347],[35.628415,33.00382],[35.627527,33.002744],[35.626513,33.00358],[35.625587,33.002955],[35.617825,33.003459],[35.617874,33.008177],[35.619737,33.009035],[35.619025,33.013978],[35.618334,33.014401],[35.603857,33.0167],[35.600959,33.015189],[35.598444,33.015004],[35.596154,33.01277],[35.595369,33.01044],[35.594194,33.011207],[35.592755,33.009845],[35.588155,33.009333],[35.588385,33.010212],[35.586555,33.011083],[35.588736,33.014796],[35.585764,33.018727],[35.58159,33.015761],[35.579934,33.019817],[35.575988,33.018698],[35.577011,33.015095],[35.574007,33.016409],[35.573338,33.015679],[35.572965,33.016227],[35.573943,33.017541],[35.572988,33.018458],[35.568471,33.015758],[35.570903,33.017772],[35.571312,33.020682],[35.571495,33.020075],[35.573723,33.020508],[35.571427,33.019532],[35.571438,33.018476],[35.575351,33.02024],[35.5721,33.022356],[35.573004,33.027173],[35.57305,33.034856],[35.571691,33.040933],[35.571995,33.04271],[35.577818,33.043008],[35.578307,33.043769],[35.580798,33.04337],[35.581423,33.042505],[35.58573,33.042601],[35.613458,33.055349],[35.624067,33.057909],[35.622883,33.061962],[35.635078,33.064549],[35.634665,33.066264],[35.63774,33.066516],[35.638297,33.069576],[35.634335,33.07019],[35.621821,33.067603],[35.620644,33.0723],[35.625259,33.109609],[35.604256,33.123369],[35.596243,33.123291],[35.595661,33.110407],[35.592559,33.110371],[35.592448,33.106212],[35.596392,33.10133],[35.604202,33.101007],[35.603749,33.102105],[35.612115,33.102014],[35.611392,33.077475],[35.617001,33.074102],[35.610348,33.068862],[35.60783,33.071327],[35.604422,33.06842],[35.604824,33.066784],[35.603962,33.06641],[35.600599,33.067471],[35.596324,33.067085],[35.594086,33.067727],[35.592138,33.070217],[35.587835,33.07296],[35.588237,33.07484],[35.58655,33.07995],[35.583248,33.078688],[35.582405,33.075211],[35.580078,33.074299],[35.580073,33.072358],[35.576477,33.072173],[35.57573,33.074753],[35.569073,33.076094],[35.568017,33.077554],[35.572908,33.080447],[35.57197,33.086835],[35.573458,33.090677],[35.573495,33.094766],[35.574231,33.094822],[35.571278,33.099955],[35.569335,33.101904],[35.567711,33.102298],[35.56946,33.109449],[35.572747,33.109475],[35.571072,33.124085],[35.568577,33.132193],[35.570446,33.139156],[35.570627,33.150607],[35.572242,33.155669],[35.569914,33.162729],[35.57035,33.16786],[35.569463,33.170261],[35.566832,33.173647],[35.564222,33.172822],[35.560427,33.175918],[35.549208,33.172734],[35.551825,33.170289],[35.552406,33.166037],[35.553302,33.164349],[35.554787,33.164069],[35.554242,33.16249],[35.555191,33.162089],[35.554164,33.161599],[35.554194,33.160042],[35.552547,33.160357],[35.552946,33.157032],[35.550714,33.153771],[35.549466,33.149623],[35.547794,33.149075],[35.545423,33.145622],[35.542067,33.143627],[35.541695,33.144824],[35.54011,33.145309],[35.539217,33.145483],[35.538905,33.14479],[35.535377,33.146277],[35.534039,33.145636],[35.540251,33.14215],[35.541247,33.143034],[35.544163,33.142027],[35.548826,33.144079],[35.549028,33.144723],[35.547912,33.145385],[35.54864,33.147999],[35.549845,33.148106],[35.551058,33.145175],[35.555497,33.144189],[35.556251,33.134213],[35.559142,33.121961],[35.558753,33.121045],[35.554911,33.119155],[35.553759,33.117446],[35.55031,33.117615],[35.544675,33.119414],[35.543013,33.122476],[35.53996,33.11828],[35.533381,33.127659],[35.535445,33.133882],[35.534752,33.135097],[35.533164,33.135049],[35.532115,33.133655],[35.526344,33.138985],[35.530226,33.154727],[35.535161,33.169261],[35.542386,33.19848],[35.539399,33.204163],[35.541606,33.204308],[35.544873,33.201966],[35.54844,33.201569],[35.549988,33.198196],[35.550035,33.192924],[35.554726,33.192724],[35.559501,33.19068],[35.565598,33.195716],[35.568754,33.194871],[35.57029,33.195501],[35.570401,33.196343],[35.571797,33.19584],[35.571864,33.196342],[35.573088,33.196217],[35.572931,33.195176],[35.575908,33.194675],[35.576007,33.19561],[35.576931,33.195632],[35.577279,33.19389],[35.579617,33.199278],[35.586205,33.197929],[35.588532,33.203089],[35.596792,33.212554],[35.596583,33.203566],[35.600133,33.196514],[35.6085,33.194915],[35.609287,33.192857],[35.611711,33.192951],[35.613216,33.191975],[35.61362,33.192919],[35.612148,33.19554],[35.612497,33.197957],[35.609832,33.199981],[35.611044,33.200682],[35.611313,33.201987],[35.609958,33.203742],[35.611936,33.204724],[35.612088,33.205403],[35.610795,33.206177],[35.612592,33.207649],[35.613069,33.209642],[35.61196,33.210516],[35.611333,33.214171],[35.611463,33.21585],[35.613034,33.216935],[35.611719,33.218429],[35.612885,33.219757],[35.613119,33.221817],[35.612469,33.222591],[35.614836,33.224266],[35.602329,33.224856],[35.603413,33.227342],[35.604815,33.227765],[35.60518,33.228663],[35.609254,33.229854],[35.604702,33.2332],[35.602652,33.236997],[35.600917,33.244749],[35.601875,33.248111],[35.600768,33.252285],[35.60121,33.252845],[35.60872,33.250179],[35.618057,33.244886],[35.62527,33.242]],[[35.579719,33.107335],[35.580872,33.107483],[35.581293,33.104326],[35.583314,33.104469],[35.583145,33.110515],[35.577694,33.110596],[35.579719,33.107335]],[[35.665563,33.230576],[35.664709,33.231669],[35.659511,33.230603],[35.660446,33.232172],[35.660237,33.233445],[35.649125,33.232116],[35.648348,33.232677],[35.64267,33.228658],[35.643198,33.224569],[35.640011,33.220366],[35.638648,33.215878],[35.640741,33.217271],[35.64278,33.216774],[35.642092,33.216334],[35.642897,33.214799],[35.641396,33.212765],[35.641216,33.209695],[35.642258,33.206913],[35.643156,33.209044],[35.645269,33.208675],[35.645427,33.209372],[35.645668,33.20659],[35.646329,33.206287],[35.649794,33.205379],[35.653306,33.2062],[35.656138,33.212849],[35.6595,33.217173],[35.659234,33.219526],[35.6606,33.219461],[35.660338,33.223115],[35.662188,33.228771],[35.663626,33.23075],[35.665563,33.230576]]]},"properties":{"FID":279,"Muni_Heb":"הגליל העליון","Muni_Eng":"Hagalil Ha'elyon","Sug_Muni":"מועצה אזורית","CR_PNIM":"5501","CR_LAMAS":" ","Machoz":"צפון","Hearot":"השכבה אינה סטטוטורית באופן מלא.","Eshkol_MPn":"אשכול רשויות גליל מזרחי","Sign_Date":1360713600000,"Tikun1":1447200000000,"Tikun2":null,"Tikun3":null,"Tikun4":null,"Tikun5":null,"Tikun6":null,"Tikun7":null,"Tikun8":null,"Tikun9":null,"Tikun10":null,"Tikun11":null,"Tikun12":null,"Tikun13":null,"Tikun14":null,"Tikun15":null,"Precision_":"מקור וקטורי חתום","FIRST_Nafa":"צפת","LAST_Nafa2":"עכו","Shape_Leng":160912.876701,"Shape_Area":181616798.007,"Shape__Area":259716944.99121094,"Shape__Length":192534.0804548967}},{"type":"Feature","id":280,"geometry":{"type":"Polygon","coordinates":[[[35.589875,33.238058],[35.58926,33.234258],[35.590409,33.230116],[35.586473,33.230215],[35.580074,33.226632],[35.580014,33.227723],[35.578312,33.229419],[35.576958,33.224894],[35.57409,33.22624],[35.574141,33.227807],[35.572005,33.230222],[35.569235,33.229894],[35.5662,33.228425],[35.562418,33.232436],[35.559836,33.228761],[35.557939,33.230702],[35.556229,33.229103],[35.555504,33.230561],[35.551719,33.229695],[35.552295,33.231428],[35.551459,33.231718],[35.547078,33.230337],[35.548492,33.236428],[35.546017,33.235174],[35.542379,33.235381],[35.546852,33.237934],[35.547726,33.24252],[35.547469,33.244831],[35.546281,33.246719],[35.546385,33.25453],[35.551248,33.255383],[35.555814,33.258205],[35.557421,33.264657],[35.556948,33.261693],[35.557679,33.256172],[35.558501,33.256155],[35.557718,33.251839],[35.558748,33.25167],[35.559936,33.253419],[35.563459,33.254217],[35.567135,33.258069],[35.570908,33.257819],[35.572091,33.254762],[35.571203,33.253447],[35.575345,33.252922],[35.574904,33.249975],[35.57616,33.249214],[35.581121,33.24921],[35.58191,33.248273],[35.583161,33.248694],[35.584041,33.247984],[35.585571,33.248523],[35.589133,33.248069],[35.589383,33.246649],[35.590745,33.245993],[35.590488,33.242327],[35.589354,33.239855],[35.589875,33.238058]]]},"properties":{"FID":280,"Muni_Heb":"הגליל העליון","Muni_Eng":"Hagalil Ha'elyon","Sug_Muni":"מועצה אזורית","CR_PNIM":"5501","CR_LAMAS":" ","Machoz":"צפון","Hearot":"השכבה אינה סטטוטורית באופן מלא.","Eshkol_MPn":"אשכול רשויות גליל מזרחי","Sign_Date":1360713600000,"Tikun1":1447200000000,"Tikun2":null,"Tikun3":null,"Tikun4":null,"Tikun5":null,"Tikun6":null,"Tikun7":null,"Tikun8":null,"Tikun9":null,"Tikun10":null,"Tikun11":null,"Tikun12":null,"Tikun13":null,"Tikun14":null,"Tikun15":null,"Precision_":"מקור וקטורי חתום","FIRST_Nafa":"צפת","LAST_Nafa2":"עכו","Shape_Leng":20230.6703738,"Shape_Area":10730826.1037,"Shape__Area":15381052.865234375,"Shape__Length":24230.307149666645}},{"type":"Feature","id":281,"geometry":{"type":"Polygon","coordinates":[[[35.383407,32.702506],[35.382064,32.704604],[35.377355,32.708019],[35.379399,32.710748],[35.377033,32.713602],[35.376278,32.718623],[35.383007,32.724507],[35.384166,32.724557],[35.385766,32.727639],[35.405671,32.72586],[35.408726,32.724318],[35.412321,32.724751],[35.409275,32.722099],[35.410057,32.721067],[35.408565,32.721265],[35.407216,32.71954],[35.408459,32.718141],[35.408584,32.714881],[35.410908,32.713143],[35.412343,32.710646],[35.412745,32.704797],[35.41895,32.704839],[35.426458,32.703514],[35.426377,32.700292],[35.425143,32.698941],[35.419775,32.701442],[35.413254,32.700613],[35.41368,32.698004],[35.415034,32.697033],[35.414472,32.696067],[35.416002,32.694992],[35.414389,32.69329],[35.415993,32.68881],[35.414725,32.689151],[35.410929,32.688099],[35.408343,32.689646],[35.408089,32.692985],[35.389411,32.696293],[35.390348,32.699594],[35.389581,32.701324],[35.388069,32.701283],[35.387821,32.702664],[35.38531,32.701111],[35.383407,32.702506]]]},"properties":{"FID":281,"Muni_Heb":"הגליל התחתון","Muni_Eng":"Hagalil Hatahton","Sug_Muni":"מועצה אזורית","CR_PNIM":"5503","CR_LAMAS":" ","Machoz":"צפון","Hearot":"השכבה אינה סטטוטורית באופן מלא.","Eshkol_MPn":"אשכול רשויות הכנרת והעמקים","Sign_Date":1658707200000,"Tikun1":null,"Tikun2":null,"Tikun3":null,"Tikun4":null,"Tikun5":null,"Tikun6":null,"Tikun7":null,"Tikun8":null,"Tikun9":null,"Tikun10":null,"Tikun11":null,"Tikun12":null,"Tikun13":null,"Tikun14":null,"Tikun15":null,"Precision_":"מקור וקטורי חתום","FIRST_Nafa":"כנרת","LAST_Nafa2":"יזרעאל","Shape_Leng":18174.7647399,"Shape_Area":10714806.9296,"Shape__Area":15176127.453125,"Shape__Length":21622.7862414473}},{"type":"Feature","id":282,"geometry":{"type":"Polygon","coordinates":[[[35.531442,32.766516],[35.531945,32.767333],[35.532545,32.766914],[35.533605,32.764678],[35.533139,32.759554],[35.529361,32.762067],[35.531442,32.766516]]]},"properties":{"FID":282,"Muni_Heb":"הגליל התחתון","Muni_Eng":"Hagalil Hatahton","Sug_Muni":"מועצה אזורית","CR_PNIM":"5503","CR_LAMAS":" ","Machoz":"צפון","Hearot":"השכבה אינה סטטוטורית באופן מלא.","Eshkol_MPn":"אשכול רשויות הכנרת והעמקים","Sign_Date":1658707200000,"Tikun1":null,"Tikun2":null,"Tikun3":null,"Tikun4":null,"Tikun5":null,"Tikun6":null,"Tikun7":null,"Tikun8":null,"Tikun9":null,"Tikun10":null,"Tikun11":null,"Tikun12":null,"Tikun13":null,"Tikun14":null,"Tikun15":null,"Precision_":"מקור וקטורי חתום","FIRST_Nafa":"כנרת","LAST_Nafa2":"יזרעאל","Shape_Leng":2025.72611025,"Shape_Area":216607.332286,"Shape__Area":307158.10546875,"Shape__Length":2415.1408535536425}},{"type":"Feature","id":283,"geometry":{"type":"Polygon","coordinates":[[[35.446196,32.651518],[35.443889,32.653321],[35.439969,32.653693],[35.437807,32.655198],[35.435273,32.658335],[35.43658,32.658498],[35.436912,32.659533],[35.434662,32.661538],[35.434963,32.662719],[35.437783,32.663689],[35.440437,32.671854],[35.443094,32.671131],[35.444238,32.67203],[35.444524,32.676334],[35.445893,32.678701],[35.444653,32.681541],[35.446598,32.683573],[35.447362,32.68576],[35.441068,32.687943],[35.439388,32.690446],[35.43227,32.687751],[35.427875,32.691234],[35.431582,32.70126],[35.432019,32.706758],[35.435349,32.711968],[35.442214,32.71171],[35.453203,32.716956],[35.454651,32.715721],[35.454934,32.718062],[35.459448,32.725712],[35.454005,32.729191],[35.453534,32.728456],[35.448489,32.730623],[35.444344,32.731508],[35.437317,32.731184],[35.431349,32.732262],[35.430495,32.730194],[35.424377,32.731344],[35.420844,32.729189],[35.419165,32.729536],[35.413554,32.724701],[35.412321,32.724751],[35.411506,32.735603],[35.401737,32.736393],[35.398293,32.739399],[35.395785,32.740011],[35.396651,32.743064],[35.394317,32.743998],[35.388941,32.74212],[35.383088,32.741756],[35.381503,32.742657],[35.380198,32.745138],[35.382299,32.748643],[35.382251,32.750789],[35.384827,32.752895],[35.386038,32.752939],[35.386131,32.755159],[35.386968,32.755599],[35.386022,32.756389],[35.386061,32.760973],[35.384387,32.764083],[35.382606,32.764596],[35.381086,32.76683],[35.378761,32.765893],[35.396397,32.773837],[35.403355,32.776264],[35.40709,32.776239],[35.405653,32.787242],[35.400614,32.787099],[35.398754,32.785844],[35.400258,32.788711],[35.401099,32.794312],[35.400032,32.795035],[35.39971,32.796539],[35.396899,32.797662],[35.397003,32.799844],[35.395503,32.801784],[35.394702,32.80189],[35.395576,32.800002],[35.394418,32.79693],[35.389944,32.796728],[35.38908,32.797986],[35.388058,32.794963],[35.386792,32.79462],[35.389958,32.792785],[35.392161,32.79002],[35.387475,32.789603],[35.384108,32.787194],[35.384348,32.785082],[35.385545,32.784001],[35.38306,32.783508],[35.381758,32.784068],[35.382629,32.786008],[35.377057,32.787219],[35.382783,32.795452],[35.378238,32.797006],[35.376924,32.796889],[35.377976,32.794627],[35.375018,32.790528],[35.375999,32.790073],[35.375798,32.788544],[35.373737,32.78836],[35.373063,32.787277],[35.370953,32.790824],[35.362339,32.789109],[35.361779,32.786695],[35.36231,32.785121],[35.366268,32.781621],[35.36475,32.781027],[35.366929,32.777195],[35.365091,32.775144],[35.353908,32.77302],[35.344724,32.773244],[35.324878,32.770366],[35.321343,32.771221],[35.322325,32.774447],[35.32349,32.774508],[35.324231,32.776199],[35.322619,32.775761],[35.321392,32.777516],[35.319368,32.776781],[35.313811,32.777326],[35.313195,32.778081],[35.315309,32.782647],[35.314328,32.784854],[35.315613,32.784888],[35.315129,32.786583],[35.322728,32.78622],[35.328278,32.787822],[35.333542,32.790873],[35.336528,32.79456],[35.344514,32.797853],[35.347982,32.797415],[35.35306,32.799125],[35.362027,32.797622],[35.367076,32.798833],[35.375142,32.797291],[35.376731,32.801605],[35.378817,32.803596],[35.375329,32.805926],[35.374769,32.807421],[35.375349,32.809854],[35.377936,32.811714],[35.382613,32.812456],[35.388639,32.81225],[35.38978,32.810255],[35.394819,32.809981],[35.395474,32.810245],[35.395052,32.811107],[35.399897,32.809157],[35.407187,32.812284],[35.408061,32.814474],[35.407197,32.822767],[35.40557,32.825431],[35.40558,32.827357],[35.411396,32.833361],[35.409716,32.833498],[35.411841,32.835894],[35.411481,32.836448],[35.413321,32.839825],[35.412005,32.838938],[35.410651,32.841067],[35.411252,32.841621],[35.408533,32.843992],[35.412934,32.842871],[35.414664,32.843962],[35.415843,32.846556],[35.417431,32.847757],[35.426137,32.849165],[35.431201,32.849021],[35.434533,32.846562],[35.437493,32.842025],[35.441793,32.841056],[35.446102,32.841824],[35.446318,32.840212],[35.450384,32.838969],[35.453524,32.840512],[35.456058,32.839938],[35.456468,32.840882],[35.454965,32.841722],[35.45992,32.843626],[35.463925,32.844075],[35.468698,32.842299],[35.469979,32.840459],[35.475239,32.837016],[35.476869,32.838565],[35.476519,32.841249],[35.478888,32.840584],[35.479642,32.842755],[35.485232,32.840395],[35.491565,32.839469],[35.496071,32.836013],[35.495609,32.83517],[35.487792,32.832903],[35.487197,32.831867],[35.48341,32.831057],[35.482956,32.830204],[35.490143,32.828288],[35.490041,32.825745],[35.491511,32.827259],[35.492904,32.827605],[35.49187,32.826901],[35.493335,32.826699],[35.492028,32.827092],[35.496162,32.828633],[35.49857,32.824196],[35.500535,32.824625],[35.50254,32.822649],[35.510818,32.820282],[35.515913,32.815149],[35.520361,32.818282],[35.523622,32.811799],[35.517323,32.804597],[35.505803,32.795895],[35.506549,32.79577],[35.506001,32.794761],[35.50654,32.79464],[35.514499,32.797365],[35.517175,32.797038],[35.518365,32.79473],[35.516847,32.790861],[35.508139,32.787216],[35.502873,32.787997],[35.497591,32.786899],[35.495287,32.785482],[35.507432,32.765263],[35.513055,32.770508],[35.521464,32.768631],[35.524102,32.7671],[35.522675,32.765632],[35.518372,32.766901],[35.51725,32.764556],[35.518965,32.76408],[35.521604,32.764647],[35.524185,32.767039],[35.528018,32.76424],[35.520902,32.758961],[35.518706,32.760548],[35.516656,32.759061],[35.515669,32.760722],[35.513436,32.760188],[35.511584,32.758482],[35.518259,32.753151],[35.526566,32.747927],[35.52358,32.744131],[35.522445,32.745513],[35.519843,32.74377],[35.512332,32.741073],[35.511634,32.742917],[35.503452,32.73539],[35.498486,32.736617],[35.494302,32.740963],[35.485805,32.731933],[35.48066,32.737164],[35.477896,32.735803],[35.476171,32.733636],[35.48349,32.729201],[35.481871,32.729305],[35.478431,32.725621],[35.478275,32.72385],[35.481248,32.720304],[35.48273,32.716076],[35.486816,32.713433],[35.483425,32.712586],[35.477648,32.714647],[35.478855,32.706277],[35.478042,32.706461],[35.479211,32.705594],[35.481896,32.705935],[35.486178,32.702598],[35.485954,32.702096],[35.492671,32.701432],[35.491268,32.699047],[35.492323,32.695623],[35.492211,32.692787],[35.493596,32.691989],[35.49361,32.69476],[35.498398,32.692022],[35.497988,32.690974],[35.501094,32.690032],[35.500089,32.688823],[35.505681,32.688195],[35.505705,32.687173],[35.50695,32.687095],[35.50975,32.684654],[35.509239,32.683311],[35.510246,32.681614],[35.50857,32.680192],[35.506853,32.679897],[35.50427,32.676064],[35.501728,32.676059],[35.500138,32.674659],[35.500677,32.671265],[35.49914,32.669655],[35.496475,32.6691],[35.497136,32.667202],[35.495893,32.666635],[35.495802,32.665756],[35.492248,32.665694],[35.479807,32.656863],[35.476049,32.658826],[35.474812,32.658753],[35.472723,32.658275],[35.468041,32.654493],[35.465948,32.654673],[35.463772,32.653616],[35.463381,32.654496],[35.461377,32.654142],[35.458762,32.655295],[35.456687,32.653026],[35.455303,32.654218],[35.453901,32.653178],[35.452289,32.655696],[35.45245,32.657438],[35.450848,32.657791],[35.448441,32.654843],[35.448545,32.653218],[35.446196,32.651518]]]},"properties":{"FID":283,"Muni_Heb":"הגליל התחתון","Muni_Eng":"Hagalil Hatahton","Sug_Muni":"מועצה אזורית","CR_PNIM":"5503","CR_LAMAS":" ","Machoz":"צפון","Hearot":"השכבה אינה סטטוטורית באופן מלא.","Eshkol_MPn":"אשכול רשויות הכנרת והעמקים","Sign_Date":1658707200000,"Tikun1":null,"Tikun2":null,"Tikun3":null,"Tikun4":null,"Tikun5":null,"Tikun6":null,"Tikun7":null,"Tikun8":null,"Tikun9":null,"Tikun10":null,"Tikun11":null,"Tikun12":null,"Tikun13":null,"Tikun14":null,"Tikun15":null,"Precision_":"מקור וקטורי חתום","FIRST_Nafa":"כנרת","LAST_Nafa2":"יזרעאל","Shape_Leng":133422.414934,"Shape_Area":181400949.862,"Shape__Area":257242403.83691406,"Shape__Length":158840.07804378151}},{"type":"Feature","id":284,"geometry":{"type":"Polygon","coordinates":[[[35.064332,32.77993],[35.054805,32.769816],[35.043598,32.777967],[35.046354,32.776557],[35.050715,32.783388],[35.055041,32.780684],[35.057711,32.783697],[35.053355,32.786404],[35.055136,32.78847],[35.057799,32.78596],[35.060328,32.781322],[35.064332,32.77993]]]},"properties":{"FID":284,"Muni_Heb":"זבולון","Muni_Eng":"Zevulun","Sug_Muni":"מועצה אזורית","CR_PNIM":"5512","CR_LAMAS":" ","Machoz":"חיפה","Hearot":"השכבה אינה סטטוטורית באופן מלא.","Eshkol_MPn":" ","Sign_Date":1658707200000,"Tikun1":null,"Tikun2":null,"Tikun3":null,"Tikun4":null,"Tikun5":null,"Tikun6":null,"Tikun7":null,"Tikun8":null,"Tikun9":null,"Tikun10":null,"Tikun11":null,"Tikun12":null,"Tikun13":null,"Tikun14":null,"Tikun15":null,"Precision_":"מקור וקטורי חתום","FIRST_Nafa":"חיפה","LAST_Nafa2":" ","Shape_Leng":7110.85318919,"Shape_Area":1543098.5325,"Shape__Area":2188935.3310546875,"Shape__Length":8471.0586188490142}},{"type":"Feature","id":285,"geometry":{"type":"Polygon","coordinates":[[[35.153045,32.76896],[35.153307,32.765318],[35.154441,32.764089],[35.154873,32.758776],[35.152571,32.752722],[35.151452,32.752503],[35.151936,32.751654],[35.150869,32.750406],[35.148552,32.751787],[35.148641,32.753078],[35.144198,32.752816],[35.143643,32.751631],[35.144705,32.750538],[35.143817,32.750403],[35.143545,32.748414],[35.142084,32.747887],[35.142647,32.74715],[35.141811,32.745067],[35.142617,32.744383],[35.142103,32.742815],[35.143066,32.740351],[35.138495,32.73967],[35.132062,32.739758],[35.127474,32.744059],[35.125751,32.74719],[35.12019,32.750623],[35.115725,32.756136],[35.113685,32.756299],[35.111757,32.754891],[35.11033,32.756317],[35.110793,32.754868],[35.109701,32.753692],[35.108531,32.757504],[35.109904,32.757844],[35.110276,32.759053],[35.104488,32.761938],[35.105472,32.763903],[35.103002,32.762176],[35.101445,32.762634],[35.10134,32.762051],[35.099873,32.762086],[35.09933,32.763481],[35.096659,32.762029],[35.09614,32.759531],[35.094563,32.757863],[35.094871,32.755685],[35.096213,32.754253],[35.0993,32.753149],[35.096354,32.751888],[35.09574,32.749024],[35.09831,32.748622],[35.097118,32.748117],[35.09643,32.74619],[35.099039,32.744343],[35.102385,32.746053],[35.105776,32.743262],[35.106849,32.743771],[35.109244,32.742225],[35.111114,32.742353],[35.112012,32.741182],[35.112005,32.738281],[35.113934,32.734968],[35.116134,32.732173],[35.11674,32.732574],[35.1169,32.730977],[35.119717,32.72921],[35.119962,32.727524],[35.122743,32.726311],[35.119799,32.724062],[35.11898,32.720168],[35.117839,32.719661],[35.116132,32.721324],[35.115594,32.720745],[35.114302,32.717043],[35.116736,32.714508],[35.11365,32.71318],[35.112641,32.711193],[35.107693,32.710697],[35.105437,32.711593],[35.104872,32.712202],[35.105843,32.714181],[35.108625,32.715079],[35.108452,32.715913],[35.106631,32.716365],[35.106328,32.717137],[35.10716,32.719997],[35.10556,32.721948],[35.096488,32.725437],[35.09698,32.721475],[35.095915,32.721345],[35.097127,32.715713],[35.09378,32.714932],[35.09103,32.717878],[35.092332,32.719463],[35.091156,32.721811],[35.089682,32.722971],[35.087636,32.723279],[35.084591,32.729352],[35.080074,32.735692],[35.078897,32.736642],[35.078129,32.736241],[35.077814,32.737738],[35.074479,32.738643],[35.073924,32.739297],[35.074488,32.740992],[35.072605,32.741818],[35.072542,32.743084],[35.068134,32.746247],[35.064266,32.751232],[35.058011,32.756663],[35.056202,32.757374],[35.056666,32.758858],[35.058797,32.756551],[35.064214,32.761883],[35.064272,32.763071],[35.066597,32.76452],[35.066227,32.767804],[35.064406,32.76924],[35.068852,32.770782],[35.070722,32.772677],[35.070693,32.774008],[35.076401,32.774947],[35.07687,32.773973],[35.076854,32.774846],[35.080639,32.776684],[35.080312,32.793632],[35.083684,32.802759],[35.083692,32.798442],[35.085371,32.798432],[35.085312,32.786398],[35.088049,32.786474],[35.090317,32.790039],[35.097708,32.790051],[35.097703,32.793988],[35.098492,32.794255],[35.107851,32.793883],[35.111371,32.798586],[35.116479,32.801295],[35.119042,32.801687],[35.11975,32.801033],[35.119742,32.801839],[35.124012,32.802231],[35.125343,32.801058],[35.128612,32.800382],[35.142208,32.794687],[35.145991,32.806428],[35.153911,32.804339],[35.151476,32.80253],[35.151504,32.800432],[35.159138,32.795804],[35.157096,32.792569],[35.155156,32.791487],[35.153308,32.787878],[35.151876,32.790046],[35.150993,32.789452],[35.148565,32.784732],[35.148964,32.782202],[35.156948,32.781085],[35.161293,32.778897],[35.159746,32.775831],[35.159717,32.773669],[35.16089,32.772689],[35.153045,32.76896]]]},"properties":{"FID":285,"Muni_Heb":"זבולון","Muni_Eng":"Zevulun","Sug_Muni":"מועצה אזורית","CR_PNIM":"5512","CR_LAMAS":" ","Machoz":"חיפה","Hearot":"השכבה אינה סטטוטורית באופן מלא.","Eshkol_MPn":" ","Sign_Date":1658707200000,"Tikun1":null,"Tikun2":null,"Tikun3":null,"Tikun4":null,"Tikun5":null,"Tikun6":null,"Tikun7":null,"Tikun8":null,"Tikun9":null,"Tikun10":null,"Tikun11":null,"Tikun12":null,"Tikun13":null,"Tikun14":null,"Tikun15":null,"Precision_":"מקור וקטורי חתום","FIRST_Nafa":"חיפה","LAST_Nafa2":" ","Shape_Leng":58858.6061319,"Shape_Area":51209662.8141,"Shape__Area":72620629.333007813,"Shape__Length":70105.464903789485}},{"type":"Feature","id":286,"geometry":{"type":"Polygon","coordinates":[[[34.968,29.556614],[34.972523,29.555097],[34.972424,29.552812],[34.966989,29.554474],[34.968,29.556614]]]},"properties":{"FID":286,"Muni_Heb":"חבל אילות","Muni_Eng":"Hevel Eielot","Sug_Muni":"מועצה אזורית","CR_PNIM":"5553","CR_LAMAS":" ","Machoz":"דרום","Hearot":"השכבה אינה סטטוטורית באופן מלא.","Eshkol_MPn":" ","Sign_Date":1530057600000,"Tikun1":null,"Tikun2":null,"Tikun3":null,"Tikun4":null,"Tikun5":null,"Tikun6":null,"Tikun7":null,"Tikun8":null,"Tikun9":null,"Tikun10":null,"Tikun11":null,"Tikun12":null,"Tikun13":null,"Tikun14":null,"Tikun15":null,"Precision_":"מקור וקטורי חתום","FIRST_Nafa":"באר שבע","LAST_Nafa2":" ","Shape_Leng":1538.03609934,"Shape_Area":128370.58096,"Shape__Area":170226.1806640625,"Shape__Length":1770.0938302443737}},{"type":"Feature","id":287,"geometry":{"type":"Polygon","coordinates":[[[34.978656,29.576823],[34.976304,29.575417],[34.976188,29.573851],[34.975529,29.573892],[34.9755,29.570314],[34.974416,29.569671],[34.972361,29.572196],[34.972519,29.57433],[34.974179,29.576573],[34.972647,29.577896],[34.973638,29.579793],[34.971211,29.580642],[34.969291,29.580105],[34.969826,29.580142],[34.968699,29.577586],[34.969926,29.575874],[34.968352,29.574371],[34.966286,29.574525],[34.962306,29.577256],[34.958439,29.576834],[34.954234,29.584613],[34.956888,29.588723],[34.974361,29.581092],[34.980564,29.592855],[34.983022,29.601485],[34.986366,29.605903],[34.991537,29.603714],[34.987031,29.593039],[34.982295,29.585746],[34.978656,29.576823]]]},"properties":{"FID":287,"Muni_Heb":"חבל אילות","Muni_Eng":"Hevel Eielot","Sug_Muni":"מועצה אזורית","CR_PNIM":"5553","CR_LAMAS":" ","Machoz":"דרום","Hearot":"השכבה אינה סטטוטורית באופן מלא.","Eshkol_MPn":" ","Sign_Date":1530057600000,"Tikun1":null,"Tikun2":null,"Tikun3":null,"Tikun4":null,"Tikun5":null,"Tikun6":null,"Tikun7":null,"Tikun8":null,"Tikun9":null,"Tikun10":null,"Tikun11":null,"Tikun12":null,"Tikun13":null,"Tikun14":null,"Tikun15":null,"Precision_":"מקור וקטורי חתום","FIRST_Nafa":"באר שבע","LAST_Nafa2":" ","Shape_Leng":15046.9733827,"Shape_Area":3685022.1637,"Shape__Area":4889550.3408203125,"Shape__Length":17343.939762294322}},{"type":"Feature","id":288,"geometry":{"type":"Polygon","coordinates":[[[34.962795,30.366444],[34.963328,30.36383],[34.959531,30.354268],[34.94918,30.342756],[34.948109,30.336376],[34.950954,30.332589],[34.955647,30.321139],[34.957128,30.320225],[34.966288,30.319204],[34.966361,30.311794],[34.967857,30.309044],[34.9646,30.303316],[34.966117,30.297517],[35.002028,30.278384],[35.007906,30.277167],[35.020213,30.276797],[35.020851,30.273134],[35.026475,30.274692],[35.048943,30.274465],[35.060333,30.276638],[35.071909,30.280351],[35.081468,30.285677],[35.098265,30.286565],[35.101111,30.282897],[35.112158,30.285627],[35.111859,30.289965],[35.129408,30.296323],[35.134172,30.295988],[35.134636,30.299255],[35.151306,30.297396],[35.145821,30.282127],[35.148298,30.270596],[35.14968,30.253574],[35.144774,30.241647],[35.151003,30.214457],[35.151123,30.203731],[35.146497,30.184059],[35.144342,30.162617],[35.154792,30.154953],[35.150647,30.143634],[35.160831,30.13466],[35.157528,30.128653],[35.161849,30.122624],[35.157498,30.114756],[35.153071,30.094008],[35.148224,30.087096],[35.151521,30.084379],[35.146139,30.063241],[35.130586,30.061977],[35.112578,30.039697],[35.100362,30.012342],[35.109836,30.00965],[35.11005,30.003377],[35.116515,30.001357],[35.115486,29.99531],[35.098719,29.991616],[35.094528,29.981933],[35.088552,29.972397],[35.092022,29.969861],[35.088733,29.963615],[35.07804,29.956976],[35.07535,29.950331],[35.083593,29.947208],[35.08441,29.940149],[35.078067,29.930352],[35.077306,29.925078],[35.081628,29.922555],[35.084509,29.88919],[35.084257,29.885689],[35.078764,29.877818],[35.078712,29.871932],[35.069344,29.863891],[35.066556,29.856051],[35.061794,29.848781],[35.049815,29.819112],[35.050704,29.811051],[35.045524,29.802323],[35.043968,29.788162],[35.031183,29.776019],[35.012994,29.711131],[35.011436,29.696414],[35.020612,29.672196],[35.019161,29.655419],[35.013987,29.638835],[35.000503,29.621936],[34.995223,29.61054],[34.984903,29.612218],[34.988612,29.633774],[34.94832,29.633708],[34.920721,29.615628],[34.920726,29.577286],[34.907719,29.566871],[34.905154,29.571557],[34.908212,29.573672],[34.90502,29.573005],[34.903826,29.570302],[34.902564,29.571225],[34.902413,29.572671],[34.901939,29.571374],[34.899472,29.573213],[34.899651,29.572159],[34.902515,29.570335],[34.903356,29.568127],[34.902458,29.567394],[34.893112,29.568182],[34.89258,29.570112],[34.889653,29.571349],[34.888999,29.573476],[34.883929,29.575223],[34.884192,29.576523],[34.886306,29.576254],[34.887089,29.579425],[34.886156,29.581463],[34.885987,29.585967],[34.88384,29.587589],[34.879407,29.588112],[34.877169,29.591742],[34.872944,29.5954],[34.869966,29.596425],[34.868023,29.599808],[34.876969,29.613273],[34.878656,29.643589],[34.856628,29.687918],[34.84864,29.758735],[34.826054,29.807201],[34.814327,29.84196],[34.802578,29.869136],[34.783029,29.91916],[34.775349,29.942384],[34.75529,29.99715],[34.747904,30.020165],[34.706921,30.117552],[34.611534,30.371031],[34.623731,30.378168],[34.626526,30.378455],[34.629172,30.38126],[34.631686,30.382112],[34.637533,30.389394],[34.640865,30.396186],[34.647199,30.398517],[34.650471,30.400666],[34.66526,30.397547],[34.669809,30.398814],[34.672605,30.398219],[34.676005,30.395409],[34.677366,30.392805],[34.685532,30.390339],[34.686358,30.386763],[34.694053,30.387884],[34.69836,30.38649],[34.698514,30.382672],[34.703684,30.382884],[34.70689,30.381191],[34.708411,30.379172],[34.70709,30.376223],[34.710008,30.376571],[34.706214,30.375247],[34.708278,30.37052],[34.720199,30.370338],[34.725317,30.368386],[34.731128,30.370237],[34.734791,30.372823],[34.741152,30.373967],[34.746196,30.379045],[34.74891,30.380417],[34.753004,30.379096],[34.754462,30.376891],[34.760885,30.377264],[34.764268,30.3742],[34.766095,30.37453],[34.768463,30.376427],[34.780728,30.372011],[34.786039,30.372521],[34.787492,30.371759],[34.787604,30.369633],[34.791448,30.3682],[34.792365,30.369636],[34.794542,30.370399],[34.798856,30.369496],[34.804445,30.369544],[34.813427,30.373338],[34.816695,30.373871],[34.818412,30.373116],[34.818498,30.374645],[34.822241,30.378808],[34.821532,30.381076],[34.816879,30.383248],[34.81668,30.388705],[34.817429,30.392109],[34.818838,30.394393],[34.828654,30.398258],[34.829197,30.396581],[34.832467,30.394642],[34.834066,30.395098],[34.837162,30.394173],[34.84329,30.389394],[34.845026,30.389289],[34.849111,30.390688],[34.853854,30.393671],[34.856751,30.393595],[34.859908,30.396669],[34.862373,30.396684],[34.866498,30.398408],[34.87222,30.395483],[34.873712,30.393754],[34.879167,30.395121],[34.883627,30.394936],[34.887505,30.392095],[34.890061,30.391852],[34.895196,30.394983],[34.89729,30.393742],[34.901901,30.393342],[34.905348,30.391991],[34.909755,30.387167],[34.908671,30.379597],[34.910346,30.374895],[34.912747,30.374921],[34.915582,30.370176],[34.920223,30.368541],[34.926728,30.362856],[34.933449,30.35954],[34.942748,30.345225],[34.940364,30.350689],[34.941044,30.355044],[34.94823,30.359559],[34.950125,30.362702],[34.951599,30.362972],[34.95277,30.362106],[34.955138,30.362598],[34.957601,30.36527],[34.958206,30.363461],[34.959803,30.363171],[34.960979,30.364395],[34.960877,30.365606],[34.962795,30.366444]],[[34.989573,29.626308],[34.989756,29.621565],[34.996362,29.619849],[34.997807,29.623918],[34.989573,29.626308]],[[34.966927,29.743769],[34.96583,29.743266],[34.966081,29.742526],[34.967357,29.742833],[34.966927,29.743769]],[[34.977679,29.763117],[34.974775,29.762503],[34.973976,29.761269],[34.975315,29.76018],[34.978089,29.760637],[34.97845,29.762929],[34.977679,29.763117]],[[35.020599,29.754661],[35.019213,29.74971],[35.014961,29.750617],[35.014008,29.737796],[35.005325,29.738153],[34.998746,29.715942],[34.992555,29.709444],[34.991239,29.709118],[34.996105,29.707263],[34.993974,29.700038],[34.991534,29.695432],[34.993023,29.694819],[34.994917,29.697163],[34.994259,29.691302],[35.007399,29.700642],[35.009275,29.707346],[35.010379,29.707111],[35.022125,29.749089],[35.021422,29.749239],[35.022808,29.75419],[35.020599,29.754661]]]},"properties":{"FID":288,"Muni_Heb":"חבל אילות","Muni_Eng":"Hevel Eielot","Sug_Muni":"מועצה אזורית","CR_PNIM":"5553","CR_LAMAS":" ","Machoz":"דרום","Hearot":"השכבה אינה סטטוטורית באופן מלא.","Eshkol_MPn":" ","Sign_Date":1530057600000,"Tikun1":null,"Tikun2":null,"Tikun3":null,"Tikun4":null,"Tikun5":null,"Tikun6":null,"Tikun7":null,"Tikun8":null,"Tikun9":null,"Tikun10":null,"Tikun11":null,"Tikun12":null,"Tikun13":null,"Tikun14":null,"Tikun15":null,"Precision_":"מקור וקטורי חתום","FIRST_Nafa":"באר שבע","LAST_Nafa2":" ","Shape_Leng":305687.110716,"Shape_Area":2627334983.58,"Shape__Area":3519303260.3505859,"Shape__Length":353974.63331038819}},{"type":"Feature","id":289,"geometry":{"type":"Polygon","coordinates":[[[34.761054,31.845931],[34.760813,31.848231],[34.753865,31.85693],[34.753985,31.864371],[34.752752,31.86761],[34.760773,31.874597],[34.764282,31.871301],[34.763705,31.870243],[34.764583,31.868438],[34.764364,31.866811],[34.766691,31.860154],[34.769535,31.858567],[34.77243,31.852685],[34.761054,31.845931]]]},"properties":{"FID":289,"Muni_Heb":"חבל יבנה","Muni_Eng":"Hevel Yavne","Sug_Muni":"מועצה אזורית","CR_PNIM":"5529","CR_LAMAS":" ","Machoz":"מרכז","Hearot":"השכבה אינה סטטוטורית באופן מלא.","Eshkol_MPn":"אשכול רשויות שורק דרומי","Sign_Date":1541548800000,"Tikun1":null,"Tikun2":null,"Tikun3":null,"Tikun4":null,"Tikun5":null,"Tikun6":null,"Tikun7":null,"Tikun8":null,"Tikun9":null,"Tikun10":null,"Tikun11":null,"Tikun12":null,"Tikun13":null,"Tikun14":null,"Tikun15":null,"Precision_":"מקור וקטורי חתום","FIRST_Nafa":"רחובות","LAST_Nafa2":" ","Shape_Leng":8090.51876211,"Shape_Area":3125714.51842,"Shape__Area":4345595.544921875,"Shape__Length":9546.9884378934876}},{"type":"Feature","id":290,"geometry":{"type":"Polygon","coordinates":[[[34.715563,31.866465],[34.712788,31.858608],[34.71609,31.857532],[34.714822,31.853721],[34.717767,31.852184],[34.719256,31.851806],[34.723038,31.858521],[34.723477,31.857658],[34.724699,31.859456],[34.725275,31.858965],[34.725873,31.860739],[34.726735,31.859991],[34.728175,31.860368],[34.728475,31.862629],[34.730254,31.861887],[34.730677,31.862684],[34.732147,31.86222],[34.731955,31.86065],[34.735757,31.860556],[34.73544,31.858783],[34.737995,31.858628],[34.739893,31.857461],[34.739275,31.854999],[34.736448,31.855702],[34.725914,31.84809],[34.735617,31.843483],[34.734858,31.842068],[34.731198,31.83938],[34.72909,31.836039],[34.72592,31.836118],[34.719144,31.839457],[34.710928,31.828588],[34.72837,31.821625],[34.737254,31.815312],[34.733174,31.809975],[34.733114,31.807945],[34.729333,31.804668],[34.726586,31.804398],[34.715011,31.80722],[34.707101,31.811967],[34.702687,31.818821],[34.690777,31.802031],[34.689815,31.802568],[34.689188,31.801561],[34.683917,31.807668],[34.683595,31.807067],[34.681544,31.809301],[34.680862,31.808032],[34.677339,31.810635],[34.676739,31.808477],[34.672347,31.805454],[34.672555,31.802976],[34.671677,31.80185],[34.672399,31.799576],[34.669782,31.800815],[34.669829,31.806754],[34.668649,31.807242],[34.669901,31.810076],[34.669753,31.819589],[34.671595,31.828395],[34.678391,31.828165],[34.692757,31.831509],[34.694501,31.83331],[34.693007,31.840826],[34.706515,31.841356],[34.706364,31.844258],[34.709667,31.845032],[34.708879,31.845693],[34.710279,31.848228],[34.709807,31.854839],[34.704893,31.853486],[34.704963,31.852515],[34.703181,31.851615],[34.701311,31.853596],[34.700861,31.859047],[34.694179,31.862383],[34.683054,31.861877],[34.681164,31.854202],[34.67574,31.849518],[34.674391,31.850926],[34.6764,31.852342],[34.677791,31.855401],[34.666361,31.861064],[34.660127,31.863256],[34.671987,31.887721],[34.686488,31.882115],[34.6954,31.88177],[34.701853,31.878925],[34.708338,31.878198],[34.720043,31.874577],[34.715563,31.866465]]]},"properties":{"FID":290,"Muni_Heb":"חבל יבנה","Muni_Eng":"Hevel Yavne","Sug_Muni":"מועצה אזורית","CR_PNIM":"5529","CR_LAMAS":" ","Machoz":"מרכז","Hearot":"השכבה אינה סטטוטורית באופן מלא.","Eshkol_MPn":"אשכול רשויות שורק דרומי","Sign_Date":1541548800000,"Tikun1":null,"Tikun2":null,"Tikun3":null,"Tikun4":null,"Tikun5":null,"Tikun6":null,"Tikun7":null,"Tikun8":null,"Tikun9":null,"Tikun10":null,"Tikun11":null,"Tikun12":null,"Tikun13":null,"Tikun14":null,"Tikun15":null,"Precision_":"מקור וקטורי חתום","FIRST_Nafa":"רחובות","LAST_Nafa2":" ","Shape_Leng":52332.8367033,"Shape_Area":33419649.4028,"Shape__Area":46445395.120117188,"Shape__Length":61693.9943171481}},{"type":"Feature","id":291,"geometry":{"type":"Polygon","coordinates":[[[34.938554,31.990527],[34.938248,31.991183],[34.941876,31.993251],[34.943168,31.991173],[34.944651,31.990426],[34.941701,31.989141],[34.941849,31.988476],[34.939648,31.987977],[34.938554,31.990527]]]},"properties":{"FID":291,"Muni_Heb":"חבל מודיעין","Muni_Eng":"Hevel Modi'in","Sug_Muni":"מועצה אזורית","CR_PNIM":"5525","CR_LAMAS":" ","Machoz":"מרכז","Hearot":"השכבה אינה סטטוטורית באופן מלא.","Eshkol_MPn":" ","Sign_Date":1622419200000,"Tikun1":null,"Tikun2":null,"Tikun3":null,"Tikun4":null,"Tikun5":null,"Tikun6":null,"Tikun7":null,"Tikun8":null,"Tikun9":null,"Tikun10":null,"Tikun11":null,"Tikun12":null,"Tikun13":null,"Tikun14":null,"Tikun15":null,"Precision_":"מקור וקטורי חתום","FIRST_Nafa":"פתח תקווה","LAST_Nafa2":"רמלה","Shape_Leng":1860.06937966,"Shape_Area":181147.291778,"Shape__Area":252561.2822265625,"Shape__Length":2196.0116629793561}},{"type":"Feature","id":292,"geometry":{"type":"Polygon","coordinates":[[[34.944316,32.057946],[34.944951,32.05932],[34.946609,32.0575],[34.952252,32.05601],[34.952591,32.054945],[34.953107,32.055584],[34.954513,32.05411],[34.950831,32.053407],[34.947173,32.053892],[34.943087,32.055811],[34.942773,32.058851],[34.944316,32.057946]]]},"properties":{"FID":292,"Muni_Heb":"חבל מודיעין","Muni_Eng":"Hevel Modi'in","Sug_Muni":"מועצה אזורית","CR_PNIM":"5525","CR_LAMAS":" ","Machoz":"מרכז","Hearot":"השכבה אינה סטטוטורית באופן מלא.","Eshkol_MPn":" ","Sign_Date":1622419200000,"Tikun1":null,"Tikun2":null,"Tikun3":null,"Tikun4":null,"Tikun5":null,"Tikun6":null,"Tikun7":null,"Tikun8":null,"Tikun9":null,"Tikun10":null,"Tikun11":null,"Tikun12":null,"Tikun13":null,"Tikun14":null,"Tikun15":null,"Precision_":"מקור וקטורי חתום","FIRST_Nafa":"פתח תקווה","LAST_Nafa2":"רמלה","Shape_Leng":3151.6504163,"Shape_Area":336080.569452,"Shape__Area":469236.0908203125,"Shape__Length":3721.9749792668449}},{"type":"Feature","id":293,"geometry":{"type":"Polygon","coordinates":[[[34.920049,32.066498],[34.922996,32.064174],[34.923434,32.062419],[34.924288,32.062308],[34.926553,32.059039],[34.939273,32.05835],[34.941636,32.052395],[34.945513,32.046927],[34.949017,32.044402],[34.951574,32.041272],[34.954147,32.041232],[34.953399,32.041885],[34.953406,32.043839],[34.955045,32.044777],[34.956135,32.044433],[34.957167,32.045412],[34.959037,32.044878],[34.961411,32.045947],[34.961822,32.044909],[34.963273,32.044847],[34.964254,32.045639],[34.965839,32.045257],[34.96655,32.044224],[34.968069,32.050906],[34.996052,32.05077],[34.999637,32.051855],[35.002805,32.040453],[35.0052,32.021844],[35.002349,32.018652],[34.999555,32.017482],[34.999159,31.993545],[34.994074,31.972777],[34.986844,31.970594],[34.987367,31.968512],[34.98835,31.967696],[34.990322,31.960994],[34.994947,31.956292],[34.994639,31.955568],[35.000816,31.950163],[35.005231,31.949043],[35.005786,31.946879],[35.008795,31.943643],[35.00284,31.939169],[35.002349,31.937487],[35.003174,31.934834],[35.00943,31.929208],[35.01371,31.927146],[35.027535,31.92543],[35.031063,31.923465],[35.034468,31.91946],[35.038077,31.910674],[35.038877,31.902798],[35.03541,31.902008],[35.025902,31.902838],[35.020852,31.905575],[35.018108,31.908355],[35.01606,31.913718],[35.013893,31.916503],[35.002063,31.924882],[34.993781,31.927993],[34.990537,31.932134],[34.984793,31.931778],[34.983294,31.930657],[34.981761,31.930614],[34.974089,31.93276],[34.969438,31.930317],[34.96664,31.931915],[34.96383,31.931746],[34.964357,31.928196],[34.963013,31.928052],[34.960658,31.923689],[34.958855,31.922815],[34.956523,31.918062],[34.953418,31.916863],[34.950928,31.914452],[34.95041,31.911262],[34.947737,31.910486],[34.947304,31.911203],[34.94458,31.911639],[34.941685,31.914322],[34.940869,31.913559],[34.936718,31.912921],[34.935806,31.90897],[34.931356,31.909563],[34.931642,31.911339],[34.930498,31.912688],[34.930676,31.914462],[34.929999,31.914524],[34.928387,31.917487],[34.925241,31.91846],[34.923786,31.915646],[34.920158,31.916467],[34.91874,31.919787],[34.918662,31.924161],[34.913376,31.922875],[34.906099,31.922968],[34.906278,31.923878],[34.905422,31.924676],[34.89882,31.92677],[34.897204,31.922817],[34.895732,31.923376],[34.895963,31.924402],[34.8904,31.925176],[34.890528,31.926407],[34.892229,31.926534],[34.892479,31.928145],[34.893523,31.928403],[34.893628,31.927849],[34.895434,31.92874],[34.896512,31.931521],[34.891625,31.932811],[34.892094,31.934347],[34.893344,31.934633],[34.898665,31.932423],[34.900403,31.934344],[34.899943,31.935245],[34.900801,31.937092],[34.902429,31.938773],[34.904456,31.939316],[34.904342,31.940794],[34.902958,31.940402],[34.902862,31.941548],[34.904381,31.9434],[34.912349,31.945113],[34.912833,31.942319],[34.914727,31.943667],[34.915562,31.947967],[34.907351,31.956981],[34.911468,31.956819],[34.907042,31.960546],[34.909638,31.963774],[34.908024,31.964996],[34.91278,31.969395],[34.919052,31.966437],[34.920831,31.966425],[34.921088,31.967051],[34.908874,31.974218],[34.905343,31.974752],[34.902842,31.971665],[34.901222,31.97146],[34.901647,31.979793],[34.904767,31.979519],[34.904392,31.983772],[34.906551,31.989898],[34.905508,31.990482],[34.906549,31.990832],[34.908734,31.99561],[34.905148,31.996618],[34.905771,31.999726],[34.909751,31.999855],[34.912688,32.008673],[34.906968,32.00902],[34.906942,32.01108],[34.900461,32.010119],[34.900381,32.011728],[34.900539,32.01379],[34.906732,32.013892],[34.905558,32.021569],[34.908053,32.02354],[34.903156,32.066611],[34.918194,32.067671],[34.920049,32.066498]],[[34.958676,32.013436],[34.966018,32.014554],[34.965871,32.018295],[34.96416,32.022469],[34.962942,32.021758],[34.961391,32.022122],[34.953977,32.020887],[34.953821,32.013789],[34.958676,32.013436]],[[34.932277,31.987014],[34.931715,31.984166],[34.93685,31.982634],[34.941611,31.98257],[34.95102,31.984494],[34.950194,31.986776],[34.953054,31.988809],[34.956889,31.988082],[34.966613,31.991534],[34.967993,31.995282],[34.967085,31.998249],[34.967787,32.001366],[34.96486,32.004169],[34.958947,32.003702],[34.952678,32.004816],[34.95306,32.012668],[34.950218,32.012642],[34.939995,32.007536],[34.939109,32.000958],[34.939716,31.99956],[34.941239,31.999506],[34.940486,31.994574],[34.937084,31.993311],[34.936762,31.991509],[34.938554,31.990527],[34.934267,31.988301],[34.932621,31.988972],[34.932277,31.987014]]]},"properties":{"FID":293,"Muni_Heb":"חבל מודיעין","Muni_Eng":"Hevel Modi'in","Sug_Muni":"מועצה אזורית","CR_PNIM":"5525","CR_LAMAS":" ","Machoz":"מרכז","Hearot":"השכבה אינה סטטוטורית באופן מלא.","Eshkol_MPn":" ","Sign_Date":1622419200000,"Tikun1":null,"Tikun2":null,"Tikun3":null,"Tikun4":null,"Tikun5":null,"Tikun6":null,"Tikun7":null,"Tikun8":null,"Tikun9":null,"Tikun10":null,"Tikun11":null,"Tikun12":null,"Tikun13":null,"Tikun14":null,"Tikun15":null,"Precision_":"מקור וקטורי חתום","FIRST_Nafa":"פתח תקווה","LAST_Nafa2":"רמלה","Shape_Leng":97980.9935284,"Shape_Area":127412141.691,"Shape__Area":177618737.72070313,"Shape__Length":115695.60175247944}},{"type":"Feature","id":294,"geometry":{"type":"Polygon","coordinates":[[[34.889196,32.248647],[34.888541,32.246416],[34.884296,32.246014],[34.887124,32.251129],[34.889774,32.250614],[34.889196,32.248647]]]},"properties":{"FID":294,"Muni_Heb":"חוף השרון","Muni_Eng":"Hof Hasharon","Sug_Muni":"מועצה אזורית","CR_PNIM":"5519","CR_LAMAS":" ","Machoz":"מרכז","Hearot":"השכבה אינה סטטוטורית באופן מלא.","Eshkol_MPn":" ","Sign_Date":1666483200000,"Tikun1":null,"Tikun2":null,"Tikun3":null,"Tikun4":null,"Tikun5":null,"Tikun6":null,"Tikun7":null,"Tikun8":null,"Tikun9":null,"Tikun10":null,"Tikun11":null,"Tikun12":null,"Tikun13":null,"Tikun14":null,"Tikun15":null,"Precision_":"מקור וקטורי חתום","FIRST_Nafa":"השרון","LAST_Nafa2":" ","Shape_Leng":1834.78445203,"Shape_Area":182022.143579,"Shape__Area":255204.0244140625,"Shape__Length":2173.1766751185155}},{"type":"Feature","id":295,"geometry":{"type":"Polygon","coordinates":[[[34.883767,32.292683],[34.88266,32.286491],[34.878696,32.286928],[34.878706,32.282496],[34.877824,32.281182],[34.879447,32.28018],[34.879346,32.278367],[34.877888,32.278429],[34.877984,32.277835],[34.876097,32.277166],[34.87698,32.276291],[34.876014,32.276006],[34.876476,32.275106],[34.870591,32.268305],[34.868356,32.267016],[34.867139,32.267487],[34.865921,32.266365],[34.869725,32.265012],[34.869745,32.26339],[34.872235,32.262919],[34.869574,32.259217],[34.874312,32.258201],[34.873103,32.252634],[34.875566,32.252172],[34.875526,32.250998],[34.878107,32.250936],[34.877991,32.247284],[34.880119,32.247194],[34.879199,32.246227],[34.887348,32.242062],[34.882571,32.225378],[34.883022,32.218835],[34.889261,32.215916],[34.889117,32.209234],[34.885628,32.209495],[34.884265,32.207893],[34.88319,32.207862],[34.881512,32.209676],[34.879657,32.209505],[34.880655,32.199457],[34.872248,32.198887],[34.871339,32.207772],[34.866962,32.207215],[34.866874,32.208628],[34.865707,32.208815],[34.86275,32.208183],[34.862743,32.207015],[34.850058,32.20705],[34.850134,32.205431],[34.84619,32.205271],[34.846314,32.199041],[34.841658,32.19901],[34.840718,32.197788],[34.8437,32.19766],[34.843569,32.191851],[34.836894,32.190999],[34.823864,32.193094],[34.82082,32.19448],[34.818089,32.193345],[34.818458,32.195992],[34.811018,32.198513],[34.812278,32.201207],[34.805596,32.202905],[34.824755,32.260721],[34.832137,32.25912],[34.832084,32.257602],[34.830224,32.256458],[34.836048,32.254891],[34.840187,32.265636],[34.839146,32.266326],[34.837651,32.265249],[34.837034,32.265814],[34.837526,32.266725],[34.840323,32.268083],[34.84146,32.267639],[34.843653,32.268895],[34.850322,32.270411],[34.854685,32.273667],[34.859495,32.271999],[34.863123,32.273212],[34.866738,32.275277],[34.86618,32.275901],[34.867972,32.277492],[34.870504,32.281983],[34.87259,32.281399],[34.872477,32.285323],[34.871307,32.286633],[34.881285,32.292984],[34.883767,32.292683]]]},"properties":{"FID":295,"Muni_Heb":"חוף השרון","Muni_Eng":"Hof Hasharon","Sug_Muni":"מועצה אזורית","CR_PNIM":"5519","CR_LAMAS":" ","Machoz":"מרכז","Hearot":"השכבה אינה סטטוטורית באופן מלא.","Eshkol_MPn":" ","Sign_Date":1666483200000,"Tikun1":null,"Tikun2":null,"Tikun3":null,"Tikun4":null,"Tikun5":null,"Tikun6":null,"Tikun7":null,"Tikun8":null,"Tikun9":null,"Tikun10":null,"Tikun11":null,"Tikun12":null,"Tikun13":null,"Tikun14":null,"Tikun15":null,"Precision_":"מקור וקטורי חתום","FIRST_Nafa":"השרון","LAST_Nafa2":" ","Shape_Leng":43653.0634642,"Shape_Area":47781758.3203,"Shape__Area":66967960.209960938,"Shape__Length":51695.9245701315}},{"type":"Feature","id":296,"geometry":{"type":"Polygon","coordinates":[[[34.696438,31.636055],[34.687008,31.636189],[34.684113,31.630564],[34.676967,31.631566],[34.678363,31.635406],[34.676268,31.635458],[34.675342,31.634621],[34.663253,31.638408],[34.663985,31.643777],[34.663254,31.648512],[34.655301,31.648956],[34.657458,31.65586],[34.66301,31.653823],[34.6648,31.659397],[34.664297,31.66151],[34.661978,31.66261],[34.660824,31.666294],[34.662559,31.66628],[34.660986,31.66764],[34.661216,31.668452],[34.66447,31.667874],[34.664597,31.668792],[34.66233,31.669736],[34.662013,31.670709],[34.671174,31.667259],[34.679689,31.683912],[34.684995,31.684027],[34.699213,31.680492],[34.72333,31.67738],[34.724034,31.676434],[34.720111,31.67135],[34.719948,31.66593],[34.717185,31.666024],[34.716949,31.664524],[34.715662,31.663399],[34.708661,31.664543],[34.707838,31.662921],[34.708356,31.660818],[34.705578,31.659522],[34.70391,31.660228],[34.705234,31.661927],[34.700323,31.662635],[34.699345,31.661097],[34.697115,31.661421],[34.692317,31.652711],[34.693837,31.649259],[34.695366,31.649706],[34.696184,31.646849],[34.700336,31.646263],[34.696591,31.637952],[34.696438,31.636055]]]},"properties":{"FID":296,"Muni_Heb":"יואב","Muni_Eng":"Yoav","Sug_Muni":"מועצה אזורית","CR_PNIM":"5535","CR_LAMAS":" ","Machoz":"דרום","Hearot":"השכבה אינה סטטוטורית באופן מלא.","Eshkol_MPn":"אשכול רשויות שורק דרומי","Sign_Date":1624147200000,"Tikun1":null,"Tikun2":null,"Tikun3":null,"Tikun4":null,"Tikun5":null,"Tikun6":null,"Tikun7":null,"Tikun8":null,"Tikun9":null,"Tikun10":null,"Tikun11":null,"Tikun12":null,"Tikun13":null,"Tikun14":null,"Tikun15":null,"Precision_":"מקור וקטורי חתום","FIRST_Nafa":"אשקלון","LAST_Nafa2":" ","Shape_Leng":26381.0315623,"Shape_Area":19441218.8249,"Shape__Area":26912717.657226563,"Shape__Length":31033.180597408627}},{"type":"Feature","id":297,"geometry":{"type":"Polygon","coordinates":[[[34.783627,31.649061],[34.783752,31.649795],[34.785965,31.650137],[34.787413,31.651636],[34.787912,31.653493],[34.786959,31.654311],[34.786193,31.657513],[34.786505,31.658941],[34.788649,31.659009],[34.787967,31.660773],[34.786951,31.661144],[34.787703,31.662027],[34.785837,31.662161],[34.786431,31.663025],[34.785428,31.663402],[34.783915,31.661132],[34.779478,31.662616],[34.779971,31.662941],[34.778674,31.665649],[34.771253,31.666647],[34.762783,31.683944],[34.760315,31.690779],[34.758799,31.698238],[34.7543,31.705777],[34.763455,31.705621],[34.770179,31.709288],[34.769648,31.709817],[34.77099,31.710742],[34.774311,31.711353],[34.777482,31.716567],[34.780902,31.714831],[34.782693,31.715329],[34.783151,31.714003],[34.784702,31.713148],[34.788408,31.712653],[34.798799,31.726127],[34.798022,31.730217],[34.794706,31.733447],[34.797412,31.736632],[34.794478,31.73907],[34.79195,31.739587],[34.790373,31.74267],[34.787296,31.743323],[34.786503,31.744225],[34.788059,31.745664],[34.785863,31.747176],[34.784931,31.749003],[34.777035,31.752899],[34.78369,31.759253],[34.784481,31.760962],[34.787306,31.7602],[34.791825,31.761727],[34.796475,31.757355],[34.799597,31.759898],[34.794802,31.764148],[34.813354,31.778654],[34.820251,31.788506],[34.825448,31.786126],[34.82801,31.783805],[34.830936,31.784443],[34.836371,31.78337],[34.838782,31.780667],[34.83984,31.777516],[34.839325,31.77704],[34.841768,31.772918],[34.84013,31.772638],[34.840825,31.771482],[34.838573,31.770598],[34.843869,31.761603],[34.841617,31.759649],[34.839742,31.756147],[34.854835,31.7519],[34.854687,31.753261],[34.8637,31.753463],[34.864131,31.752726],[34.875389,31.749002],[34.871892,31.743785],[34.868324,31.742778],[34.866189,31.741219],[34.8649,31.737831],[34.8644,31.738088],[34.864323,31.736452],[34.863328,31.735858],[34.863782,31.734048],[34.861476,31.733713],[34.859359,31.731873],[34.861494,31.731243],[34.863685,31.728919],[34.863562,31.727955],[34.865688,31.726041],[34.866263,31.724313],[34.86976,31.723033],[34.868474,31.717997],[34.871651,31.714831],[34.866097,31.702468],[34.868508,31.701165],[34.869009,31.699366],[34.865579,31.698234],[34.864165,31.696016],[34.864673,31.69506],[34.863779,31.694671],[34.864408,31.69326],[34.86893,31.692551],[34.872362,31.689619],[34.869816,31.686685],[34.866092,31.684131],[34.866664,31.68159],[34.868572,31.681466],[34.867632,31.677448],[34.868516,31.676767],[34.865596,31.67495],[34.865983,31.668189],[34.868638,31.667514],[34.872686,31.669349],[34.8755,31.66913],[34.880197,31.667323],[34.876896,31.659829],[34.877682,31.654449],[34.909442,31.634321],[34.921062,31.622466],[34.925686,31.619958],[34.9276,31.61721],[34.923381,31.614024],[34.916972,31.61112],[34.900706,31.607581],[34.886064,31.603121],[34.885553,31.603739],[34.884043,31.602219],[34.874012,31.597072],[34.869635,31.596108],[34.867321,31.593734],[34.862121,31.591061],[34.860734,31.588704],[34.856897,31.586239],[34.846527,31.585596],[34.8439,31.587277],[34.839349,31.58516],[34.836024,31.584918],[34.834783,31.585293],[34.832981,31.589213],[34.831303,31.590766],[34.823074,31.592618],[34.820437,31.595988],[34.815178,31.598056],[34.8154,31.598705],[34.819997,31.598543],[34.820896,31.600877],[34.822297,31.601699],[34.824385,31.601441],[34.824581,31.602058],[34.823102,31.602134],[34.822526,31.603484],[34.824863,31.603514],[34.826923,31.605401],[34.826365,31.605846],[34.826895,31.606969],[34.830268,31.608689],[34.830988,31.609819],[34.829564,31.611098],[34.832263,31.616041],[34.832228,31.61777],[34.830911,31.61996],[34.83015,31.61944],[34.829745,31.620217],[34.830471,31.622089],[34.829934,31.623163],[34.813693,31.62236],[34.809149,31.619457],[34.80257,31.619771],[34.798158,31.618195],[34.797162,31.617078],[34.79336,31.618169],[34.78896,31.611746],[34.789656,31.610511],[34.79112,31.610837],[34.795847,31.608177],[34.794064,31.605306],[34.80055,31.602565],[34.811548,31.599891],[34.810034,31.595376],[34.812693,31.586551],[34.814045,31.58552],[34.813019,31.583915],[34.813467,31.583456],[34.811461,31.581936],[34.807126,31.582592],[34.806612,31.58137],[34.804661,31.581514],[34.804431,31.582434],[34.802209,31.582763],[34.801303,31.584149],[34.800139,31.58312],[34.798461,31.583803],[34.799568,31.583879],[34.799869,31.584731],[34.801242,31.58428],[34.80392,31.597259],[34.802886,31.598698],[34.79954,31.597762],[34.798187,31.600089],[34.794231,31.602364],[34.79535,31.60399],[34.794237,31.604439],[34.793374,31.60289],[34.788629,31.604743],[34.789612,31.606625],[34.786358,31.608239],[34.787455,31.610787],[34.786718,31.613244],[34.783112,31.613065],[34.783059,31.610903],[34.781081,31.612915],[34.777722,31.625182],[34.777438,31.646842],[34.778445,31.649948],[34.781622,31.648355],[34.783627,31.649061]]]},"properties":{"FID":297,"Muni_Heb":"יואב","Muni_Eng":"Yoav","Sug_Muni":"מועצה אזורית","CR_PNIM":"5535","CR_LAMAS":" ","Machoz":"דרום","Hearot":"השכבה אינה סטטוטורית באופן מלא.","Eshkol_MPn":"אשכול רשויות שורק דרומי","Sign_Date":1624147200000,"Tikun1":null,"Tikun2":null,"Tikun3":null,"Tikun4":null,"Tikun5":null,"Tikun6":null,"Tikun7":null,"Tikun8":null,"Tikun9":null,"Tikun10":null,"Tikun11":null,"Tikun12":null,"Tikun13":null,"Tikun14":null,"Tikun15":null,"Precision_":"מקור וקטורי חתום","FIRST_Nafa":"אשקלון","LAST_Nafa2":" ","Shape_Leng":99152.8694571,"Shape_Area":179214701.858,"Shape__Area":248181516.76953125,"Shape__Length":116670.44693529174}},{"type":"Feature","id":298,"geometry":{"type":"Polygon","coordinates":[[[34.843148,31.066706],[34.848077,31.065548],[34.85179,31.062572],[34.853685,31.059624],[34.854395,31.052055],[34.844354,31.049411],[34.843226,31.050316],[34.843214,31.05173],[34.829343,31.051174],[34.828651,31.052162],[34.834414,31.05665],[34.832441,31.057019],[34.833737,31.058426],[34.834634,31.056852],[34.843148,31.066706]]]},"properties":{"FID":298,"Muni_Heb":"ירוחם","Muni_Eng":"Yeroham","Sug_Muni":"מועצה מקומית","CR_PNIM":"0831","CR_LAMAS":"831","Machoz":"דרום","Hearot":"השכבה אינה סטטוטורית באופן מלא.","Eshkol_MPn":"אשכול רשויות נגב מזרחי","Sign_Date":1414454400000,"Tikun1":null,"Tikun2":null,"Tikun3":null,"Tikun4":null,"Tikun5":null,"Tikun6":null,"Tikun7":null,"Tikun8":null,"Tikun9":null,"Tikun10":null,"Tikun11":null,"Tikun12":null,"Tikun13":null,"Tikun14":null,"Tikun15":null,"Precision_":"מקור וקטורי חתום","FIRST_Nafa":"באר שבע","LAST_Nafa2":" ","Shape_Leng":7860.66900618,"Shape_Area":2675103.36031,"Shape__Area":3656581.2685546875,"Shape__Length":9187.0509131429317}},{"type":"Feature","id":299,"geometry":{"type":"Polygon","coordinates":[[[34.873505,31.014209],[34.876375,31.012883],[34.959015,31.013418],[34.95906,30.98891],[34.964847,30.990394],[34.970491,30.990404],[34.982324,30.987416],[34.987437,30.984879],[34.992545,30.984077],[34.996318,30.982743],[34.994253,30.980819],[34.994174,30.979579],[34.99512,30.979004],[34.99474,30.976753],[34.992449,30.97608],[34.991356,30.976632],[34.990615,30.975415],[34.982446,30.970941],[34.977752,30.970257],[34.97368,30.971587],[34.970382,30.966058],[34.965082,30.963676],[34.964822,30.962944],[34.966173,30.960802],[34.963599,30.958807],[34.962137,30.959203],[34.956115,30.965658],[34.948016,30.958851],[34.885982,30.959721],[34.875253,30.96897],[34.87512,30.989638],[34.872032,30.989035],[34.86947,30.993045],[34.868883,30.996234],[34.867158,30.99726],[34.866293,31.000443],[34.867892,31.002041],[34.866449,31.003886],[34.866355,31.005766],[34.867909,31.011148],[34.871484,31.013761],[34.873505,31.014209]]]},"properties":{"FID":299,"Muni_Heb":"ירוחם","Muni_Eng":"Yeroham","Sug_Muni":"מועצה מקומית","CR_PNIM":"0831","CR_LAMAS":"831","Machoz":"דרום","Hearot":"השכבה אינה סטטוטורית באופן מלא.","Eshkol_MPn":"אשכול רשויות נגב מזרחי","Sign_Date":1414454400000,"Tikun1":null,"Tikun2":null,"Tikun3":null,"Tikun4":null,"Tikun5":null,"Tikun6":null,"Tikun7":null,"Tikun8":null,"Tikun9":null,"Tikun10":null,"Tikun11":null,"Tikun12":null,"Tikun13":null,"Tikun14":null,"Tikun15":null,"Precision_":"מקור וקטורי חתום","FIRST_Nafa":"באר שבע","LAST_Nafa2":" ","Shape_Leng":35509.405063,"Shape_Area":55923278.0973,"Shape__Area":76328452.567382813,"Shape__Length":41453.054223433595}},{"type":"Feature","id":300,"geometry":{"type":"Polygon","coordinates":[[[35.131099,31.790259],[35.13211,31.79051],[35.133255,31.793363],[35.135647,31.79376],[35.136649,31.792353],[35.134064,31.790427],[35.133801,31.788026],[35.136534,31.785258],[35.138356,31.786406],[35.137476,31.784997],[35.137997,31.782303],[35.139897,31.781347],[35.140971,31.781603],[35.140986,31.78294],[35.146599,31.785397],[35.14717,31.786798],[35.1518,31.786634],[35.15292,31.788823],[35.154843,31.790151],[35.164246,31.791935],[35.162873,31.79358],[35.163378,31.794888],[35.16167,31.794697],[35.165766,31.796834],[35.168854,31.799713],[35.169244,31.801041],[35.167971,31.803418],[35.170487,31.803288],[35.17171,31.805082],[35.169442,31.808411],[35.178079,31.807874],[35.187631,31.809366],[35.187137,31.81196],[35.184302,31.814017],[35.18468,31.816087],[35.181811,31.820806],[35.182442,31.824068],[35.184145,31.825935],[35.19474,31.826576],[35.19978,31.825319],[35.203175,31.823513],[35.207112,31.823188],[35.207633,31.820581],[35.209587,31.82047],[35.210103,31.819759],[35.209834,31.817131],[35.214982,31.818873],[35.215949,31.820957],[35.215157,31.826082],[35.216217,31.839016],[35.21381,31.84711],[35.214535,31.850751],[35.2118,31.858422],[35.211464,31.862985],[35.20648,31.865348],[35.204219,31.870358],[35.204175,31.872572],[35.207075,31.879133],[35.206844,31.881529],[35.209629,31.881441],[35.210122,31.882304],[35.212719,31.881518],[35.213732,31.88242],[35.220214,31.88266],[35.223014,31.878822],[35.225613,31.867445],[35.227945,31.863691],[35.225699,31.859526],[35.224837,31.853479],[35.228427,31.847932],[35.230076,31.842642],[35.233372,31.841949],[35.242244,31.845289],[35.248638,31.845071],[35.251043,31.843899],[35.256925,31.839455],[35.257065,31.838289],[35.253224,31.834686],[35.251166,31.830461],[35.258867,31.829006],[35.265048,31.825542],[35.264042,31.825456],[35.261382,31.822991],[35.260744,31.819488],[35.258341,31.817364],[35.256773,31.813805],[35.255378,31.812841],[35.257241,31.810771],[35.256487,31.803768],[35.259442,31.800917],[35.259915,31.792294],[35.262008,31.790033],[35.262998,31.789961],[35.259176,31.785441],[35.257594,31.785356],[35.25699,31.780454],[35.253558,31.770674],[35.251748,31.770179],[35.252922,31.762924],[35.259784,31.756867],[35.259462,31.752468],[35.262548,31.750199],[35.263367,31.748569],[35.260573,31.746644],[35.258192,31.742438],[35.251542,31.738834],[35.252257,31.736977],[35.249791,31.725498],[35.243798,31.719952],[35.242772,31.712232],[35.239079,31.709618],[35.231249,31.712943],[35.228531,31.717556],[35.224522,31.719],[35.219035,31.715574],[35.205761,31.723605],[35.179766,31.720541],[35.165011,31.732343],[35.154036,31.733602],[35.150872,31.736664],[35.148411,31.735879],[35.14107,31.729167],[35.137497,31.728939],[35.136161,31.7309],[35.13685,31.7419],[35.13889,31.74386],[35.141526,31.741671],[35.139541,31.739506],[35.141641,31.736986],[35.140921,31.736303],[35.141249,31.735205],[35.142627,31.73548],[35.144961,31.73811],[35.145502,31.746538],[35.147862,31.744704],[35.149032,31.744981],[35.149773,31.74606],[35.149812,31.748894],[35.152581,31.748565],[35.153666,31.750106],[35.153204,31.751648],[35.159734,31.753639],[35.159744,31.7552],[35.160568,31.755914],[35.158707,31.758035],[35.157934,31.760565],[35.154856,31.760168],[35.155008,31.757804],[35.152854,31.759348],[35.152742,31.763028],[35.154603,31.763555],[35.154081,31.764383],[35.151076,31.764353],[35.150575,31.762214],[35.14566,31.761669],[35.144367,31.763027],[35.14246,31.762144],[35.138734,31.762128],[35.138399,31.766436],[35.140119,31.767227],[35.140039,31.770671],[35.139236,31.77098],[35.137639,31.774486],[35.134888,31.775542],[35.134103,31.776766],[35.130859,31.775738],[35.129185,31.774205],[35.125703,31.774564],[35.125789,31.778709],[35.130454,31.780828],[35.131371,31.782098],[35.129892,31.783455],[35.12978,31.785299],[35.130723,31.785445],[35.131099,31.790259]],[[35.216459,31.744292],[35.215873,31.742633],[35.214735,31.742514],[35.213341,31.740053],[35.219742,31.734011],[35.22181,31.734303],[35.224604,31.737062],[35.225112,31.740795],[35.222013,31.741039],[35.218882,31.743581],[35.216459,31.744292]],[[35.164527,31.778377],[35.167231,31.77925],[35.168632,31.777923],[35.173373,31.778481],[35.180104,31.780395],[35.172323,31.779709],[35.170715,31.785663],[35.168116,31.787327],[35.168271,31.790088],[35.16675,31.790496],[35.166694,31.791167],[35.163928,31.791099],[35.161955,31.789321],[35.157043,31.788118],[35.151142,31.785312],[35.151,31.783269],[35.148904,31.78271],[35.148862,31.780343],[35.142448,31.778896],[35.1421,31.7743],[35.143533,31.773412],[35.164527,31.778377]]]},"properties":{"FID":300,"Muni_Heb":"ירושלים","Muni_Eng":"Yerushalayim (Jerusalem)","Sug_Muni":"עירייה","CR_PNIM":"3000","CR_LAMAS":"3000","Machoz":"ירושלים","Hearot":"השכבה אינה סטטוטורית באופן מלא.","Eshkol_MPn":" ","Sign_Date":743299200000,"Tikun1":1034640000000,"Tikun2":1067385600000,"Tikun3":1213660800000,"Tikun4":1473120000000,"Tikun5":1497830400000,"Tikun6":1602547200000,"Tikun7":null,"Tikun8":null,"Tikun9":null,"Tikun10":null,"Tikun11":null,"Tikun12":null,"Tikun13":null,"Tikun14":null,"Tikun15":null,"Precision_":"מקור וקטורי חתום","FIRST_Nafa":"ירושלים","LAST_Nafa2":" ","Shape_Leng":92386.8830745,"Shape_Area":120667736.779,"Shape__Area":167480317.68652344,"Shape__Length":108863.38448969981}},{"type":"Feature","id":301,"geometry":{"type":"Polygon","coordinates":[[[35.094399,31.760562],[35.096573,31.759024],[35.101469,31.760263],[35.105351,31.759908],[35.106998,31.756996],[35.106665,31.753033],[35.11227,31.751099],[35.11478,31.749312],[35.119748,31.750957],[35.121348,31.754001],[35.126369,31.752367],[35.127605,31.749098],[35.118052,31.744911],[35.115361,31.741643],[35.111571,31.739696],[35.107964,31.740024],[35.104866,31.74185],[35.101387,31.741997],[35.095967,31.739796],[35.093743,31.745414],[35.094032,31.747896],[35.093167,31.74987],[35.091656,31.750177],[35.08642,31.748589],[35.085216,31.74979],[35.085532,31.753212],[35.088605,31.754607],[35.088849,31.757615],[35.091859,31.7579],[35.093376,31.760353],[35.094399,31.760562]]]},"properties":{"FID":301,"Muni_Heb":"ירושלים","Muni_Eng":"Yerushalayim (Jerusalem)","Sug_Muni":"עירייה","CR_PNIM":"3000","CR_LAMAS":"3000","Machoz":"ירושלים","Hearot":"השכבה אינה סטטוטורית באופן מלא.","Eshkol_MPn":" ","Sign_Date":743299200000,"Tikun1":1034640000000,"Tikun2":1067385600000,"Tikun3":1213660800000,"Tikun4":1473120000000,"Tikun5":1497830400000,"Tikun6":1602547200000,"Tikun7":null,"Tikun8":null,"Tikun9":null,"Tikun10":null,"Tikun11":null,"Tikun12":null,"Tikun13":null,"Tikun14":null,"Tikun15":null,"Precision_":"מקור וקטורי חתום","FIRST_Nafa":"ירושלים","LAST_Nafa2":" ","Shape_Leng":12035.849269,"Shape_Area":4880483.55197,"Shape__Area":6769502.974609375,"Shape__Length":14170.274113449155}},{"type":"Feature","id":302,"geometry":{"type":"Polygon","coordinates":[[[35.178441,32.758567],[35.182215,32.760736],[35.184503,32.760728],[35.185799,32.761659],[35.18662,32.760326],[35.188504,32.759787],[35.188702,32.757804],[35.191652,32.757125],[35.190413,32.755956],[35.190747,32.753362],[35.189388,32.753356],[35.189213,32.74661],[35.186175,32.745908],[35.185745,32.746421],[35.181544,32.744693],[35.181142,32.745634],[35.177357,32.746486],[35.177146,32.745791],[35.171568,32.745231],[35.170993,32.745785],[35.171901,32.746997],[35.169365,32.745407],[35.166133,32.746733],[35.165563,32.748445],[35.166128,32.749276],[35.168985,32.750053],[35.169391,32.751864],[35.171177,32.752566],[35.172488,32.752092],[35.172309,32.748725],[35.17541,32.748265],[35.176876,32.747259],[35.180645,32.747784],[35.17965,32.749047],[35.180788,32.751451],[35.178279,32.751557],[35.175428,32.753629],[35.177707,32.752258],[35.177407,32.752766],[35.178112,32.752941],[35.177409,32.75324],[35.179172,32.753818],[35.1782,32.754751],[35.17909,32.755266],[35.179981,32.754299],[35.177853,32.752134],[35.178409,32.751704],[35.181854,32.751646],[35.181993,32.753099],[35.184745,32.752898],[35.184675,32.752207],[35.189148,32.74893],[35.18957,32.75142],[35.188643,32.75436],[35.188866,32.756784],[35.185132,32.756464],[35.184684,32.757509],[35.181614,32.755993],[35.181554,32.757356],[35.178441,32.758567]]]},"properties":{"FID":302,"Muni_Heb":"כעביה - טבאש - חג'אג'רה","Muni_Eng":"Ka'abiya - Tabash - Hajajre","Sug_Muni":"מועצה מקומית","CR_PNIM":"0978","CR_LAMAS":"978","Machoz":"צפון","Hearot":"השכבה אינה סטטוטורית באופן מלא.","Eshkol_MPn":" ","Sign_Date":1662508800000,"Tikun1":null,"Tikun2":null,"Tikun3":null,"Tikun4":null,"Tikun5":null,"Tikun6":null,"Tikun7":null,"Tikun8":null,"Tikun9":null,"Tikun10":null,"Tikun11":null,"Tikun12":null,"Tikun13":null,"Tikun14":null,"Tikun15":null,"Precision_":"מקור וקטורי חתום","FIRST_Nafa":"יזרעאל","LAST_Nafa2":" ","Shape_Leng":15229.4878279,"Shape_Area":1495877.65973,"Shape__Area":2120706.166015625,"Shape__Length":18130.151712064842}},{"type":"Feature","id":303,"geometry":{"type":"Polygon","coordinates":[[[35.199152,32.748249],[35.197841,32.747142],[35.201272,32.746115],[35.200302,32.744632],[35.197685,32.743741],[35.197076,32.742248],[35.201118,32.743233],[35.203095,32.742571],[35.203637,32.742158],[35.202505,32.741553],[35.20287,32.7394],[35.201125,32.739481],[35.19963,32.741782],[35.197116,32.74195],[35.196148,32.743281],[35.194323,32.743301],[35.193296,32.745493],[35.191227,32.74665],[35.192928,32.747331],[35.192362,32.747665],[35.197356,32.746881],[35.198494,32.747933],[35.195589,32.748819],[35.199152,32.748249]]]},"properties":{"FID":303,"Muni_Heb":"כעביה - טבאש - חג'אג'רה","Muni_Eng":"Ka'abiya - Tabash - Hajajre","Sug_Muni":"מועצה מקומית","CR_PNIM":"0978","CR_LAMAS":"978","Machoz":"צפון","Hearot":"השכבה אינה סטטוטורית באופן מלא.","Eshkol_MPn":" ","Sign_Date":1662508800000,"Tikun1":null,"Tikun2":null,"Tikun3":null,"Tikun4":null,"Tikun5":null,"Tikun6":null,"Tikun7":null,"Tikun8":null,"Tikun9":null,"Tikun10":null,"Tikun11":null,"Tikun12":null,"Tikun13":null,"Tikun14":null,"Tikun15":null,"Precision_":"מקור וקטורי חתום","FIRST_Nafa":"יזרעאל","LAST_Nafa2":" ","Shape_Leng":5571.19610827,"Shape_Area":419134.862361,"Shape__Area":594116.3447265625,"Shape__Length":6628.6012652873169}},{"type":"Feature","id":304,"geometry":{"type":"Polygon","coordinates":[[[34.722251,31.649344],[34.722847,31.647509],[34.731361,31.640327],[34.731203,31.639426],[34.729498,31.639777],[34.72787,31.639053],[34.729955,31.637366],[34.727551,31.634357],[34.729652,31.631849],[34.729355,31.631177],[34.731423,31.629772],[34.733527,31.630036],[34.735187,31.628454],[34.738321,31.628037],[34.738668,31.626662],[34.739777,31.626024],[34.740191,31.622835],[34.742316,31.622155],[34.740903,31.618622],[34.742169,31.617926],[34.742668,31.614933],[34.739614,31.609762],[34.735312,31.611091],[34.733426,31.609351],[34.730777,31.609607],[34.731337,31.60626],[34.734767,31.602888],[34.732726,31.598043],[34.730663,31.589358],[34.72814,31.585458],[34.731921,31.585417],[34.732033,31.58342],[34.736071,31.579183],[34.738117,31.575028],[34.736545,31.574851],[34.735773,31.573759],[34.732948,31.573431],[34.733617,31.572851],[34.731044,31.570602],[34.732134,31.5693],[34.731644,31.567793],[34.728109,31.565964],[34.725493,31.560078],[34.725511,31.559256],[34.726822,31.558964],[34.725498,31.557426],[34.726691,31.555964],[34.72492,31.553326],[34.726547,31.551626],[34.726163,31.550925],[34.729717,31.549981],[34.732833,31.554922],[34.734551,31.556003],[34.734545,31.559183],[34.737921,31.559946],[34.739257,31.559321],[34.738245,31.556769],[34.738426,31.552057],[34.741568,31.551436],[34.743816,31.553636],[34.743703,31.554522],[34.745629,31.557002],[34.750489,31.558295],[34.752885,31.560336],[34.754545,31.555294],[34.75399,31.553435],[34.754442,31.550792],[34.753397,31.549193],[34.754523,31.54849],[34.754033,31.545562],[34.752633,31.544644],[34.754191,31.541637],[34.753635,31.540327],[34.754225,31.536535],[34.757197,31.534391],[34.762484,31.533597],[34.769003,31.53395],[34.767089,31.536417],[34.765176,31.542056],[34.765815,31.550627],[34.763377,31.556648],[34.763828,31.557507],[34.772667,31.55965],[34.772751,31.560478],[34.780594,31.561627],[34.781664,31.558398],[34.787306,31.555785],[34.78792,31.555658],[34.787349,31.557819],[34.788688,31.557786],[34.789009,31.558915],[34.789098,31.558256],[34.793346,31.556658],[34.797114,31.560778],[34.800687,31.558832],[34.803789,31.558876],[34.80583,31.555548],[34.806189,31.558809],[34.808607,31.56123],[34.807604,31.562344],[34.808881,31.563076],[34.808478,31.565238],[34.809518,31.563826],[34.81054,31.564276],[34.81004,31.565971],[34.811715,31.566027],[34.812776,31.570008],[34.813258,31.567734],[34.815259,31.567849],[34.812926,31.572563],[34.809975,31.571916],[34.807374,31.572341],[34.806072,31.573699],[34.798195,31.577607],[34.794243,31.576709],[34.792309,31.578916],[34.793323,31.581134],[34.794544,31.581663],[34.797109,31.580311],[34.798329,31.58268],[34.799826,31.582559],[34.801024,31.584176],[34.802209,31.582763],[34.804323,31.582514],[34.804661,31.581514],[34.806612,31.58137],[34.807126,31.582592],[34.811461,31.581936],[34.813439,31.583384],[34.813019,31.583915],[34.814045,31.58552],[34.812807,31.586276],[34.810284,31.593536],[34.810033,31.59565],[34.811548,31.599891],[34.80055,31.602565],[34.794064,31.605306],[34.795847,31.608177],[34.79112,31.610837],[34.789437,31.61076],[34.789013,31.611956],[34.79336,31.618169],[34.797162,31.617078],[34.798158,31.618195],[34.80257,31.619771],[34.809149,31.619457],[34.813693,31.62236],[34.829934,31.623163],[34.830471,31.622089],[34.829745,31.620217],[34.83015,31.61944],[34.830911,31.61996],[34.832228,31.61777],[34.832263,31.616041],[34.829564,31.611098],[34.830988,31.609819],[34.830268,31.608689],[34.826895,31.606969],[34.826365,31.605846],[34.826923,31.605401],[34.824863,31.603514],[34.822526,31.603484],[34.823102,31.602134],[34.824581,31.602058],[34.824385,31.601441],[34.822297,31.601699],[34.820896,31.600877],[34.819997,31.598543],[34.8154,31.598705],[34.815178,31.598056],[34.820437,31.595988],[34.823074,31.592618],[34.831303,31.590766],[34.832981,31.589213],[34.834638,31.585479],[34.835692,31.584925],[34.839349,31.58516],[34.8439,31.587277],[34.846527,31.585596],[34.856897,31.586239],[34.860734,31.588704],[34.862121,31.591061],[34.867321,31.593734],[34.869635,31.596108],[34.874012,31.597072],[34.884043,31.602219],[34.885553,31.603739],[34.886064,31.603121],[34.900706,31.607581],[34.916972,31.61112],[34.923381,31.614024],[34.9276,31.61721],[34.932238,31.6155],[34.949292,31.613853],[34.957439,31.607375],[34.96096,31.602985],[34.952197,31.594519],[34.94675,31.57831],[34.945173,31.563946],[34.943806,31.56205],[34.943139,31.554985],[34.941615,31.550453],[34.942173,31.52809],[34.940019,31.523979],[34.944408,31.510027],[34.94418,31.50687],[34.938983,31.48972],[34.926148,31.467542],[34.901264,31.437854],[34.874419,31.437572],[34.872827,31.438979],[34.86594,31.438224],[34.866544,31.436941],[34.865463,31.435998],[34.867593,31.430724],[34.869809,31.430077],[34.873089,31.414885],[34.874295,31.412865],[34.871975,31.413614],[34.869285,31.412771],[34.842146,31.425085],[34.823935,31.445203],[34.796946,31.452605],[34.779631,31.461013],[34.778756,31.462201],[34.778773,31.465969],[34.777781,31.468125],[34.771994,31.471549],[34.770631,31.471646],[34.770967,31.472904],[34.767943,31.473843],[34.766555,31.476697],[34.767077,31.476929],[34.766778,31.47989],[34.765209,31.483089],[34.747081,31.481719],[34.741569,31.482019],[34.730541,31.480079],[34.732975,31.485845],[34.735889,31.487742],[34.735742,31.489358],[34.738068,31.491133],[34.739951,31.487707],[34.741982,31.487581],[34.742558,31.486818],[34.742386,31.483416],[34.745197,31.483131],[34.746703,31.482077],[34.753343,31.488535],[34.754457,31.491502],[34.751424,31.491892],[34.749116,31.487174],[34.742477,31.48935],[34.7422,31.49064],[34.740704,31.490751],[34.741476,31.4921],[34.740564,31.492426],[34.740975,31.493559],[34.738906,31.494436],[34.739784,31.4961],[34.738333,31.496164],[34.736634,31.498398],[34.732985,31.499306],[34.732146,31.497997],[34.72972,31.499717],[34.727936,31.496611],[34.726834,31.496411],[34.719569,31.499427],[34.719238,31.501436],[34.720608,31.503713],[34.71862,31.505567],[34.721047,31.506765],[34.720984,31.507434],[34.717738,31.510228],[34.718021,31.51141],[34.71634,31.512803],[34.713313,31.513721],[34.71343,31.516274],[34.717026,31.517505],[34.717358,31.520793],[34.720517,31.52537],[34.718633,31.531177],[34.713645,31.532014],[34.713144,31.531296],[34.711103,31.532215],[34.711446,31.53417],[34.709894,31.53505],[34.709523,31.536835],[34.705688,31.53543],[34.702737,31.535785],[34.702677,31.533305],[34.701559,31.533381],[34.701033,31.531317],[34.699479,31.530878],[34.694031,31.534953],[34.692618,31.538796],[34.692166,31.543222],[34.688667,31.545843],[34.686958,31.549434],[34.684711,31.549264],[34.683302,31.550127],[34.679516,31.549109],[34.678936,31.550772],[34.675615,31.549299],[34.673787,31.54962],[34.67129,31.548768],[34.669497,31.549668],[34.662966,31.547758],[34.655818,31.552516],[34.659358,31.565888],[34.65963,31.570825],[34.660935,31.572848],[34.666389,31.576475],[34.667149,31.578413],[34.666495,31.581427],[34.667511,31.58374],[34.6705,31.58605],[34.675938,31.584981],[34.680327,31.586587],[34.682641,31.585984],[34.683749,31.589776],[34.68841,31.59253],[34.687094,31.596623],[34.689115,31.59826],[34.689214,31.60143],[34.685804,31.60186],[34.686251,31.60368],[34.682608,31.604899],[34.68405,31.606454],[34.678983,31.609145],[34.68022,31.611013],[34.685652,31.614854],[34.681194,31.622241],[34.677224,31.624258],[34.67987,31.626489],[34.675821,31.630432],[34.676513,31.631564],[34.684113,31.630564],[34.687008,31.636189],[34.696438,31.636055],[34.696591,31.637952],[34.700336,31.646263],[34.696184,31.646849],[34.695366,31.649706],[34.693837,31.649259],[34.692317,31.652711],[34.697193,31.661466],[34.699339,31.661095],[34.700323,31.662635],[34.705234,31.661927],[34.703921,31.660173],[34.705779,31.659551],[34.708356,31.660818],[34.707838,31.662921],[34.708661,31.664543],[34.715427,31.663341],[34.716949,31.664524],[34.717185,31.666024],[34.72012,31.66624],[34.720226,31.665095],[34.71888,31.664738],[34.717351,31.65967],[34.715276,31.656292],[34.715339,31.654733],[34.719279,31.649179],[34.722251,31.649344]]]},"properties":{"FID":304,"Muni_Heb":"לכיש","Muni_Eng":"Lahish","Sug_Muni":"מועצה אזורית","CR_PNIM":"5550","CR_LAMAS":" ","Machoz":"דרום","Hearot":"השכבה אינה סטטוטורית באופן מלא.","Eshkol_MPn":" ","Sign_Date":1656288000000,"Tikun1":null,"Tikun2":null,"Tikun3":null,"Tikun4":null,"Tikun5":null,"Tikun6":null,"Tikun7":null,"Tikun8":null,"Tikun9":null,"Tikun10":null,"Tikun11":null,"Tikun12":null,"Tikun13":null,"Tikun14":null,"Tikun15":null,"Precision_":"מקור וקטורי חתום","FIRST_Nafa":"אשקלון","LAST_Nafa2":" ","Shape_Leng":167757.968387,"Shape_Area":374574802.962,"Shape__Area":517164616.35351563,"Shape__Length":197173.54872368602}},{"type":"Feature","id":305,"geometry":{"type":"Polygon","coordinates":[[[34.783627,31.649061],[34.781622,31.648355],[34.778445,31.649948],[34.777414,31.646229],[34.765051,31.651267],[34.763529,31.655435],[34.763695,31.657406],[34.765673,31.659628],[34.770991,31.662265],[34.771835,31.664197],[34.771253,31.666647],[34.77181,31.666827],[34.778674,31.665649],[34.779971,31.662941],[34.779478,31.662616],[34.783915,31.661132],[34.785428,31.663402],[34.786431,31.663025],[34.785837,31.662161],[34.787703,31.662027],[34.786967,31.661098],[34.78864,31.659906],[34.788649,31.659009],[34.786438,31.658885],[34.786193,31.657513],[34.786959,31.654311],[34.787912,31.653493],[34.787108,31.651137],[34.785965,31.650137],[34.783752,31.649795],[34.783627,31.649061]]]},"properties":{"FID":305,"Muni_Heb":"לכיש","Muni_Eng":"Lahish","Sug_Muni":"מועצה אזורית","CR_PNIM":"5550","CR_LAMAS":" ","Machoz":"דרום","Hearot":"השכבה אינה סטטוטורית באופן מלא.","Eshkol_MPn":" ","Sign_Date":1656288000000,"Tikun1":null,"Tikun2":null,"Tikun3":null,"Tikun4":null,"Tikun5":null,"Tikun6":null,"Tikun7":null,"Tikun8":null,"Tikun9":null,"Tikun10":null,"Tikun11":null,"Tikun12":null,"Tikun13":null,"Tikun14":null,"Tikun15":null,"Precision_":"מקור וקטורי חתום","FIRST_Nafa":"אשקלון","LAST_Nafa2":" ","Shape_Leng":8926.31357576,"Shape_Area":3329995.93,"Shape__Area":4609507.30859375,"Shape__Length":10501.683686268285}},{"type":"Feature","id":306,"geometry":{"type":"Polygon","coordinates":[[[35.186602,32.555086],[35.191774,32.552931],[35.196209,32.552161],[35.19627,32.550781],[35.198193,32.548201],[35.197656,32.547425],[35.196311,32.547771],[35.19475,32.542727],[35.198381,32.541082],[35.198357,32.540235],[35.200047,32.540686],[35.199871,32.540111],[35.201021,32.539821],[35.203001,32.540821],[35.203161,32.541789],[35.204572,32.541334],[35.204686,32.541947],[35.209208,32.542626],[35.205326,32.541527],[35.200972,32.538981],[35.196607,32.535518],[35.195448,32.532918],[35.189211,32.526281],[35.187612,32.525043],[35.185208,32.52498],[35.182234,32.52608],[35.182384,32.526811],[35.183236,32.526627],[35.181973,32.527614],[35.182448,32.528444],[35.181752,32.528106],[35.18169,32.529077],[35.183014,32.530439],[35.184962,32.530705],[35.183811,32.533009],[35.190811,32.533307],[35.191303,32.535422],[35.189879,32.535785],[35.191278,32.537214],[35.19076,32.538294],[35.191336,32.539207],[35.192164,32.538596],[35.193112,32.539664],[35.194038,32.539345],[35.193998,32.540535],[35.191268,32.540753],[35.187689,32.542953],[35.183881,32.5415],[35.182871,32.542384],[35.183523,32.54397],[35.182883,32.544108],[35.177259,32.543729],[35.17558,32.544416],[35.177546,32.545282],[35.18433,32.544001],[35.188066,32.544131],[35.190754,32.544954],[35.192874,32.549601],[35.19594,32.549455],[35.194189,32.551806],[35.187153,32.552559],[35.186264,32.554007],[35.186602,32.555086]]]},"properties":{"FID":306,"Muni_Heb":"ללא שיפוט - אזור סאלם","Muni_Eng":"No Jurisdiction - Salem Area","Sug_Muni":"ללא שיפוט","CR_PNIM":"9956","CR_LAMAS":" ","Machoz":"חיפה","Hearot":"השכבה אינה סטטוטורית באופן מלא.","Eshkol_MPn":" ","Sign_Date":null,"Tikun1":null,"Tikun2":null,"Tikun3":null,"Tikun4":null,"Tikun5":null,"Tikun6":null,"Tikun7":null,"Tikun8":null,"Tikun9":null,"Tikun10":null,"Tikun11":null,"Tikun12":null,"Tikun13":null,"Tikun14":null,"Tikun15":null,"Precision_":"מקור וקטורי חתום","FIRST_Nafa":" ","LAST_Nafa2":" ","Shape_Leng":17468.4370041,"Shape_Area":2189955.36491,"Shape__Area":3090071.6103515625,"Shape__Length":20741.771156016239}},{"type":"Feature","id":307,"geometry":{"type":"Polygon","coordinates":[[[35.203574,32.542749],[35.2103,32.543027],[35.205621,32.542031],[35.203329,32.542091],[35.203574,32.542749]]]},"properties":{"FID":307,"Muni_Heb":"ללא שיפוט - אזור סאלם","Muni_Eng":"No Jurisdiction - Salem Area","Sug_Muni":"ללא שיפוט","CR_PNIM":"9956","CR_LAMAS":" ","Machoz":"חיפה","Hearot":"השכבה אינה סטטוטורית באופן מלא.","Eshkol_MPn":" ","Sign_Date":null,"Tikun1":null,"Tikun2":null,"Tikun3":null,"Tikun4":null,"Tikun5":null,"Tikun6":null,"Tikun7":null,"Tikun8":null,"Tikun9":null,"Tikun10":null,"Tikun11":null,"Tikun12":null,"Tikun13":null,"Tikun14":null,"Tikun15":null,"Precision_":"מקור וקטורי חתום","FIRST_Nafa":" ","LAST_Nafa2":" ","Shape_Leng":1460.43334837,"Shape_Area":28803.1449958,"Shape__Area":40645.7451171875,"Shape__Length":1731.8895941807318}},{"type":"Feature","id":308,"geometry":{"type":"Polygon","coordinates":[[[35.587892,32.913908],[35.588666,32.912028],[35.585082,32.910006],[35.583459,32.905459],[35.577369,32.899955],[35.577591,32.899055],[35.575708,32.897151],[35.573504,32.897474],[35.57135,32.896174],[35.568949,32.899926],[35.565889,32.901707],[35.565047,32.90445],[35.562255,32.907977],[35.561679,32.911103],[35.563468,32.91255],[35.563777,32.913811],[35.565139,32.912477],[35.576678,32.910206],[35.582134,32.910069],[35.587892,32.913908]]]},"properties":{"FID":308,"Muni_Heb":"מבואות החרמון","Muni_Eng":"Mevo'ot Hahermon","Sug_Muni":"מועצה אזורית","CR_PNIM":"5555","CR_LAMAS":" ","Machoz":"צפון","Hearot":"השכבה אינה סטטוטורית באופן מלא.","Eshkol_MPn":"אשכול רשויות גליל מזרחי","Sign_Date":1539129600000,"Tikun1":null,"Tikun2":null,"Tikun3":null,"Tikun4":null,"Tikun5":null,"Tikun6":null,"Tikun7":null,"Tikun8":null,"Tikun9":null,"Tikun10":null,"Tikun11":null,"Tikun12":null,"Tikun13":null,"Tikun14":null,"Tikun15":null,"Precision_":"מקור וקטורי חתום","FIRST_Nafa":"צפת","LAST_Nafa2":" ","Shape_Leng":7850.56054923,"Shape_Area":2424360.37021,"Shape__Area":3448781.962890625,"Shape__Length":9362.5030074899787}},{"type":"Feature","id":309,"geometry":{"type":"Polygon","coordinates":[[[35.557113,32.906115],[35.556958,32.902834],[35.555479,32.902818],[35.553026,32.900938],[35.55149,32.905474],[35.549293,32.906024],[35.54707,32.904508],[35.54319,32.904157],[35.543565,32.90305],[35.540806,32.903767],[35.541756,32.902228],[35.541015,32.901336],[35.545032,32.89823],[35.548488,32.893377],[35.543114,32.891845],[35.539128,32.893289],[35.539076,32.888566],[35.537671,32.886676],[35.53673,32.886725],[35.536194,32.884917],[35.529854,32.880265],[35.527168,32.876917],[35.526599,32.876876],[35.526825,32.878528],[35.521101,32.87738],[35.522433,32.878659],[35.521881,32.880547],[35.525196,32.881256],[35.524978,32.884116],[35.523382,32.886083],[35.521459,32.885381],[35.515466,32.887822],[35.51312,32.886983],[35.511713,32.884855],[35.509796,32.884419],[35.508587,32.884991],[35.509084,32.886961],[35.505366,32.885804],[35.499585,32.887428],[35.495977,32.892087],[35.499164,32.893339],[35.499517,32.894388],[35.5029,32.896399],[35.504905,32.895781],[35.506044,32.896254],[35.509935,32.900034],[35.51208,32.901016],[35.521619,32.900891],[35.522752,32.902569],[35.521089,32.905979],[35.528428,32.909892],[35.542058,32.911771],[35.55377,32.919515],[35.555894,32.918546],[35.557225,32.916086],[35.557113,32.906115]]]},"properties":{"FID":309,"Muni_Heb":"מבואות החרמון","Muni_Eng":"Mevo'ot Hahermon","Sug_Muni":"מועצה אזורית","CR_PNIM":"5555","CR_LAMAS":" ","Machoz":"צפון","Hearot":"השכבה אינה סטטוטורית באופן מלא.","Eshkol_MPn":"אשכול רשויות גליל מזרחי","Sign_Date":1539129600000,"Tikun1":null,"Tikun2":null,"Tikun3":null,"Tikun4":null,"Tikun5":null,"Tikun6":null,"Tikun7":null,"Tikun8":null,"Tikun9":null,"Tikun10":null,"Tikun11":null,"Tikun12":null,"Tikun13":null,"Tikun14":null,"Tikun15":null,"Precision_":"מקור וקטורי חתום","FIRST_Nafa":"צפת","LAST_Nafa2":" ","Shape_Leng":21876.2545929,"Shape_Area":10773753.6875,"Shape__Area":15323564.578125,"Shape__Length":26082.725835655663}},{"type":"Feature","id":310,"geometry":{"type":"Polygon","coordinates":[[[35.596273,32.918169],[35.596527,32.924257],[35.603094,32.928382],[35.607026,32.934842],[35.607804,32.938415],[35.606113,32.944193],[35.614487,32.941634],[35.615157,32.940034],[35.613525,32.936338],[35.614147,32.934197],[35.61082,32.925761],[35.607847,32.924924],[35.605785,32.925396],[35.604837,32.924208],[35.599206,32.922125],[35.596273,32.918169]]]},"properties":{"FID":310,"Muni_Heb":"מבואות החרמון","Muni_Eng":"Mevo'ot Hahermon","Sug_Muni":"מועצה אזורית","CR_PNIM":"5555","CR_LAMAS":" ","Machoz":"צפון","Hearot":"השכבה אינה סטטוטורית באופן מלא.","Eshkol_MPn":"אשכול רשויות גליל מזרחי","Sign_Date":1539129600000,"Tikun1":null,"Tikun2":null,"Tikun3":null,"Tikun4":null,"Tikun5":null,"Tikun6":null,"Tikun7":null,"Tikun8":null,"Tikun9":null,"Tikun10":null,"Tikun11":null,"Tikun12":null,"Tikun13":null,"Tikun14":null,"Tikun15":null,"Precision_":"מקור וקטורי חתום","FIRST_Nafa":"צפת","LAST_Nafa2":" ","Shape_Leng":7842.41832453,"Shape_Area":1699528.1535,"Shape__Area":2419070.7275390625,"Shape__Length":9362.4724317204837}},{"type":"Feature","id":311,"geometry":{"type":"Polygon","coordinates":[[[35.603834,32.959528],[35.605403,32.9602],[35.609036,32.959221],[35.610103,32.956574],[35.609257,32.9551],[35.602591,32.95037],[35.598536,32.948615],[35.597978,32.947261],[35.596162,32.947954],[35.593583,32.946955],[35.583763,32.946914],[35.581412,32.941468],[35.566983,32.943795],[35.558255,32.942483],[35.555417,32.943118],[35.554446,32.944515],[35.554193,32.942253],[35.555381,32.940762],[35.555893,32.936833],[35.554042,32.93431],[35.554263,32.930439],[35.551094,32.932069],[35.544071,32.931543],[35.541979,32.933634],[35.540817,32.93709],[35.537952,32.93561],[35.537619,32.938813],[35.536517,32.940487],[35.530291,32.941008],[35.531786,32.943535],[35.535453,32.954982],[35.541176,32.954687],[35.544252,32.955938],[35.547922,32.955446],[35.549804,32.957],[35.551743,32.956484],[35.553743,32.959857],[35.556064,32.958878],[35.558326,32.961016],[35.56203,32.960611],[35.564474,32.9614],[35.574119,32.961754],[35.576629,32.956519],[35.574733,32.954506],[35.578655,32.953392],[35.579802,32.956122],[35.581864,32.954981],[35.582309,32.95567],[35.585142,32.955354],[35.586083,32.957357],[35.58508,32.958648],[35.587994,32.960112],[35.590092,32.958971],[35.592739,32.958821],[35.595043,32.955883],[35.596104,32.95661],[35.596797,32.955969],[35.593705,32.953861],[35.594221,32.9533],[35.593627,32.952911],[35.595131,32.951145],[35.599199,32.95389],[35.595083,32.958359],[35.592696,32.962557],[35.598613,32.961465],[35.602097,32.958471],[35.603834,32.959528]]]},"properties":{"FID":311,"Muni_Heb":"מבואות החרמון","Muni_Eng":"Mevo'ot Hahermon","Sug_Muni":"מועצה אזורית","CR_PNIM":"5555","CR_LAMAS":" ","Machoz":"צפון","Hearot":"השכבה אינה סטטוטורית באופן מלא.","Eshkol_MPn":"אשכול רשויות גליל מזרחי","Sign_Date":1539129600000,"Tikun1":null,"Tikun2":null,"Tikun3":null,"Tikun4":null,"Tikun5":null,"Tikun6":null,"Tikun7":null,"Tikun8":null,"Tikun9":null,"Tikun10":null,"Tikun11":null,"Tikun12":null,"Tikun13":null,"Tikun14":null,"Tikun15":null,"Precision_":"מקור וקטורי חתום","FIRST_Nafa":"צפת","LAST_Nafa2":" ","Shape_Leng":25946.9732999,"Shape_Area":12381256.4963,"Shape__Area":17630174.248046875,"Shape__Length":30950.957615931842}},{"type":"Feature","id":312,"geometry":{"type":"Polygon","coordinates":[[[35.605066,33.016623],[35.619025,33.013978],[35.619737,33.009035],[35.617874,33.008177],[35.617825,33.003459],[35.625587,33.002955],[35.626513,33.00358],[35.627527,33.002744],[35.628415,33.00382],[35.628425,33.002347],[35.62645,33.002735],[35.625423,33.000758],[35.631036,32.997888],[35.630435,32.99465],[35.633104,32.990836],[35.631019,32.960176],[35.630267,32.958791],[35.626846,32.960055],[35.624889,32.959563],[35.624267,32.966048],[35.617775,32.968291],[35.618882,32.968921],[35.618558,32.971013],[35.614789,32.975545],[35.612506,32.981826],[35.611228,32.988274],[35.612136,32.994713],[35.611703,32.996639],[35.601298,32.990848],[35.599821,32.992736],[35.598119,32.992274],[35.598244,32.990739],[35.595147,32.991037],[35.594825,32.988932],[35.593109,32.987066],[35.591954,32.986824],[35.591971,32.989486],[35.59038,32.989527],[35.590925,32.992484],[35.59033,32.99594],[35.588653,32.99563],[35.587585,33.00001],[35.58605,33.000082],[35.586904,33.006625],[35.592765,33.009616],[35.593337,33.010989],[35.595475,33.010489],[35.596154,33.01277],[35.598444,33.015004],[35.605066,33.016623]]]},"properties":{"FID":312,"Muni_Heb":"מבואות החרמון","Muni_Eng":"Mevo'ot Hahermon","Sug_Muni":"מועצה אזורית","CR_PNIM":"5555","CR_LAMAS":" ","Machoz":"צפון","Hearot":"השכבה אינה סטטוטורית באופן מלא.","Eshkol_MPn":"אשכול רשויות גליל מזרחי","Sign_Date":1539129600000,"Tikun1":null,"Tikun2":null,"Tikun3":null,"Tikun4":null,"Tikun5":null,"Tikun6":null,"Tikun7":null,"Tikun8":null,"Tikun9":null,"Tikun10":null,"Tikun11":null,"Tikun12":null,"Tikun13":null,"Tikun14":null,"Tikun15":null,"Precision_":"מקור וקטורי חתום","FIRST_Nafa":"צפת","LAST_Nafa2":" ","Shape_Leng":22883.9134759,"Shape_Area":13368773.5808,"Shape__Area":19054920.478515625,"Shape__Length":27337.993524240424}},{"type":"Feature","id":313,"geometry":{"type":"Polygon","coordinates":[[[35.579719,33.107335],[35.577694,33.110596],[35.583145,33.110515],[35.583314,33.104469],[35.581293,33.104326],[35.580872,33.107483],[35.579719,33.107335]]]},"properties":{"FID":313,"Muni_Heb":"מבואות החרמון","Muni_Eng":"Mevo'ot Hahermon","Sug_Muni":"מועצה אזורית","CR_PNIM":"5555","CR_LAMAS":" ","Machoz":"צפון","Hearot":"השכבה אינה סטטוטורית באופן מלא.","Eshkol_MPn":"אשכול רשויות גליל מזרחי","Sign_Date":1539129600000,"Tikun1":null,"Tikun2":null,"Tikun3":null,"Tikun4":null,"Tikun5":null,"Tikun6":null,"Tikun7":null,"Tikun8":null,"Tikun9":null,"Tikun10":null,"Tikun11":null,"Tikun12":null,"Tikun13":null,"Tikun14":null,"Tikun15":null,"Precision_":"מקור וקטורי חתום","FIRST_Nafa":"צפת","LAST_Nafa2":" ","Shape_Leng":2278.39384749,"Shape_Area":224556.73862,"Shape__Area":320898.1611328125,"Shape__Length":2725.1088617431169}},{"type":"Feature","id":314,"geometry":{"type":"Polygon","coordinates":[[[35.620621,33.07191],[35.611392,33.077475],[35.612115,33.102014],[35.603749,33.102105],[35.604202,33.101007],[35.596392,33.10133],[35.592448,33.106212],[35.592559,33.110371],[35.595661,33.110407],[35.596243,33.123291],[35.604256,33.123369],[35.625259,33.109609],[35.620621,33.07191]]]},"properties":{"FID":314,"Muni_Heb":"מבואות החרמון","Muni_Eng":"Mevo'ot Hahermon","Sug_Muni":"מועצה אזורית","CR_PNIM":"5555","CR_LAMAS":" ","Machoz":"צפון","Hearot":"השכבה אינה סטטוטורית באופן מלא.","Eshkol_MPn":"אשכול רשויות גליל מזרחי","Sign_Date":1539129600000,"Tikun1":null,"Tikun2":null,"Tikun3":null,"Tikun4":null,"Tikun5":null,"Tikun6":null,"Tikun7":null,"Tikun8":null,"Tikun9":null,"Tikun10":null,"Tikun11":null,"Tikun12":null,"Tikun13":null,"Tikun14":null,"Tikun15":null,"Precision_":"מקור וקטורי חתום","FIRST_Nafa":"צפת","LAST_Nafa2":" ","Shape_Leng":15693.7650404,"Shape_Area":8325587.56512,"Shape__Area":11895935.038085938,"Shape__Length":18774.647569924695}},{"type":"Feature","id":315,"geometry":{"type":"Polygon","coordinates":[[[35.570139,33.029512],[35.564465,33.026628],[35.565421,33.024923],[35.563315,33.019472],[35.562117,33.018539],[35.562518,33.018096],[35.557325,33.015967],[35.564947,33.011895],[35.562455,33.00391],[35.556919,32.996664],[35.558268,32.996393],[35.557304,32.993719],[35.553835,32.991131],[35.551397,32.992116],[35.547999,32.991523],[35.544738,32.99418],[35.54255,32.994769],[35.539773,32.994269],[35.537705,32.995349],[35.536786,32.993644],[35.53532,32.993462],[35.529478,32.994766],[35.528657,32.996994],[35.529257,32.997652],[35.526273,32.998611],[35.525026,33.001065],[35.524153,33.001222],[35.522082,32.998499],[35.519137,32.997756],[35.519477,32.997177],[35.51699,32.997195],[35.517515,32.997709],[35.516947,32.998069],[35.515978,32.997358],[35.515171,32.998777],[35.517865,33.005869],[35.514985,33.009896],[35.518048,33.011191],[35.522781,33.017836],[35.522825,33.019683],[35.523931,33.021141],[35.522911,33.025545],[35.521598,33.026824],[35.525547,33.032012],[35.528972,33.032471],[35.530921,33.034386],[35.533999,33.035389],[35.541242,33.034866],[35.546755,33.037044],[35.550007,33.034395],[35.549434,33.030349],[35.550838,33.029818],[35.54829,33.025774],[35.550725,33.025041],[35.552542,33.02294],[35.557747,33.022105],[35.55782,33.025581],[35.560391,33.02857],[35.563438,33.027503],[35.564576,33.030155],[35.564052,33.030419],[35.56752,33.032584],[35.565707,33.034276],[35.566232,33.03557],[35.565625,33.037059],[35.562673,33.03741],[35.562163,33.032462],[35.551438,33.036789],[35.544293,33.041154],[35.54079,33.047555],[35.540631,33.048624],[35.542448,33.05193],[35.536269,33.054423],[35.534574,33.055631],[35.533194,33.058867],[35.528615,33.06059],[35.523549,33.066083],[35.522655,33.068995],[35.519681,33.07067],[35.518286,33.072532],[35.51562,33.073496],[35.514575,33.075362],[35.511704,33.076423],[35.505738,33.074455],[35.50482,33.074857],[35.498503,33.071497],[35.497626,33.072092],[35.496344,33.071513],[35.494904,33.072742],[35.491924,33.072754],[35.491825,33.074277],[35.487068,33.075496],[35.48973,33.078753],[35.494447,33.079066],[35.497701,33.08137],[35.505143,33.081437],[35.508688,33.083884],[35.511905,33.09166],[35.519992,33.086641],[35.524231,33.0929],[35.527147,33.099825],[35.530264,33.103307],[35.53073,33.107776],[35.531144,33.108217],[35.532748,33.107204],[35.536615,33.109494],[35.536767,33.11512],[35.535153,33.117137],[35.529803,33.117375],[35.526707,33.121928],[35.524033,33.122135],[35.533164,33.135049],[35.534752,33.135097],[35.535445,33.133882],[35.533381,33.127659],[35.53996,33.11828],[35.543013,33.122476],[35.544675,33.119414],[35.55031,33.117615],[35.553759,33.117446],[35.554911,33.119155],[35.558903,33.121185],[35.556251,33.134213],[35.555497,33.144189],[35.551058,33.145175],[35.549845,33.148106],[35.54864,33.147999],[35.547912,33.145385],[35.549028,33.144723],[35.548826,33.144079],[35.544163,33.142027],[35.541247,33.143034],[35.540251,33.14215],[35.534039,33.145636],[35.535377,33.146277],[35.538905,33.14479],[35.539217,33.145483],[35.54011,33.145309],[35.541695,33.144824],[35.542067,33.143627],[35.545423,33.145622],[35.547794,33.149075],[35.549466,33.149623],[35.550714,33.153771],[35.552946,33.157032],[35.552547,33.160357],[35.554194,33.160042],[35.554164,33.161599],[35.555191,33.162089],[35.554242,33.16249],[35.554787,33.164069],[35.553302,33.164349],[35.552406,33.166037],[35.551825,33.170289],[35.549208,33.172734],[35.560427,33.175918],[35.564222,33.172822],[35.566832,33.173647],[35.569665,33.169967],[35.570366,33.167552],[35.569914,33.162729],[35.572223,33.156042],[35.5706,33.1504],[35.570446,33.139156],[35.568573,33.132366],[35.571072,33.124085],[35.572747,33.109475],[35.56946,33.109449],[35.567711,33.102298],[35.569335,33.101904],[35.571278,33.099955],[35.574231,33.094822],[35.573495,33.094766],[35.573458,33.090677],[35.57197,33.086835],[35.572908,33.080447],[35.568017,33.077554],[35.569073,33.076094],[35.57573,33.074753],[35.576061,33.072315],[35.580073,33.072358],[35.580159,33.06636],[35.578231,33.064031],[35.578009,33.061009],[35.574324,33.059727],[35.571433,33.041944],[35.572921,33.036683],[35.572797,33.030256],[35.570139,33.029512]]]},"properties":{"FID":315,"Muni_Heb":"מבואות החרמון","Muni_Eng":"Mevo'ot Hahermon","Sug_Muni":"מועצה אזורית","CR_PNIM":"5555","CR_LAMAS":" ","Machoz":"צפון","Hearot":"השכבה אינה סטטוטורית באופן מלא.","Eshkol_MPn":"אשכול רשויות גליל מזרחי","Sign_Date":1539129600000,"Tikun1":null,"Tikun2":null,"Tikun3":null,"Tikun4":null,"Tikun5":null,"Tikun6":null,"Tikun7":null,"Tikun8":null,"Tikun9":null,"Tikun10":null,"Tikun11":null,"Tikun12":null,"Tikun13":null,"Tikun14":null,"Tikun15":null,"Precision_":"מקור וקטורי חתום","FIRST_Nafa":"צפת","LAST_Nafa2":" ","Shape_Leng":82303.8504941,"Shape_Area":67435269.8373,"Shape__Area":96292749.553710938,"Shape__Length":98402.2775670961}},{"type":"Feature","id":316,"geometry":{"type":"Polygon","coordinates":[[[35.61279,33.219474],[35.611719,33.218429],[35.612993,33.216715],[35.611463,33.21585],[35.611333,33.214171],[35.61196,33.210516],[35.613069,33.209642],[35.612592,33.207649],[35.610795,33.206177],[35.612088,33.205403],[35.611936,33.204724],[35.609962,33.203817],[35.611313,33.201987],[35.611044,33.200682],[35.609832,33.199981],[35.612497,33.197957],[35.612164,33.195427],[35.61362,33.192919],[35.612799,33.191943],[35.611711,33.192951],[35.609287,33.192857],[35.6085,33.194915],[35.600133,33.196514],[35.598603,33.198869],[35.596583,33.203566],[35.596792,33.212554],[35.602963,33.219636],[35.60003,33.221252],[35.597405,33.218232],[35.596252,33.222514],[35.591493,33.225156],[35.613953,33.224633],[35.614836,33.224266],[35.612469,33.22259],[35.613119,33.221815],[35.61279,33.219474]]]},"properties":{"FID":316,"Muni_Heb":"מבואות החרמון","Muni_Eng":"Mevo'ot Hahermon","Sug_Muni":"מועצה אזורית","CR_PNIM":"5555","CR_LAMAS":" ","Machoz":"צפון","Hearot":"השכבה אינה סטטוטורית באופן מלא.","Eshkol_MPn":"אשכול רשויות גליל מזרחי","Sign_Date":1539129600000,"Tikun1":null,"Tikun2":null,"Tikun3":null,"Tikun4":null,"Tikun5":null,"Tikun6":null,"Tikun7":null,"Tikun8":null,"Tikun9":null,"Tikun10":null,"Tikun11":null,"Tikun12":null,"Tikun13":null,"Tikun14":null,"Tikun15":null,"Precision_":"מקור וקטורי חתום","FIRST_Nafa":"צפת","LAST_Nafa2":" ","Shape_Leng":13278.664076,"Shape_Area":4447152.05344,"Shape__Area":6369770.8349609375,"Shape__Length":15893.665919126264}},{"type":"Feature","id":317,"geometry":{"type":"Polygon","coordinates":[[[35.665563,33.230576],[35.663626,33.23075],[35.662188,33.228771],[35.660338,33.223115],[35.6606,33.219461],[35.659234,33.219526],[35.6595,33.217173],[35.656138,33.212849],[35.653306,33.2062],[35.649794,33.205379],[35.646329,33.206287],[35.645668,33.20659],[35.645427,33.209372],[35.645269,33.208675],[35.643156,33.209044],[35.642258,33.206913],[35.641216,33.209695],[35.641396,33.212765],[35.642897,33.214799],[35.642092,33.216334],[35.64278,33.216774],[35.640741,33.217271],[35.638648,33.215878],[35.640011,33.220366],[35.643198,33.224569],[35.64267,33.228658],[35.648348,33.232677],[35.649125,33.232116],[35.660237,33.233445],[35.660446,33.232172],[35.659511,33.230603],[35.664709,33.231669],[35.665563,33.230576]]]},"properties":{"FID":317,"Muni_Heb":"מבואות החרמון","Muni_Eng":"Mevo'ot Hahermon","Sug_Muni":"מועצה אזורית","CR_PNIM":"5555","CR_LAMAS":" ","Machoz":"צפון","Hearot":"השכבה אינה סטטוטורית באופן מלא.","Eshkol_MPn":"אשכול רשויות גליל מזרחי","Sign_Date":1539129600000,"Tikun1":null,"Tikun2":null,"Tikun3":null,"Tikun4":null,"Tikun5":null,"Tikun6":null,"Tikun7":null,"Tikun8":null,"Tikun9":null,"Tikun10":null,"Tikun11":null,"Tikun12":null,"Tikun13":null,"Tikun14":null,"Tikun15":null,"Precision_":"מקור וקטורי חתום","FIRST_Nafa":"צפת","LAST_Nafa2":" ","Shape_Leng":11262.4785813,"Shape_Area":4515281.58962,"Shape__Area":6468766.28125,"Shape__Length":13485.489954677327}},{"type":"Feature","id":318,"geometry":{"type":"Polygon","coordinates":[[[35.559836,33.228761],[35.556018,33.224594],[35.555189,33.221349],[35.555962,33.220929],[35.555248,33.220375],[35.555757,33.219044],[35.554889,33.21862],[35.555839,33.215084],[35.554937,33.215278],[35.554883,33.213982],[35.553936,33.213313],[35.55493,33.209327],[35.556539,33.206732],[35.549931,33.204635],[35.550772,33.202562],[35.549593,33.198979],[35.54844,33.201569],[35.544873,33.201966],[35.541606,33.204308],[35.539416,33.204166],[35.536931,33.208807],[35.537444,33.232545],[35.542379,33.235381],[35.546017,33.235174],[35.548492,33.236428],[35.54679,33.230495],[35.551459,33.231718],[35.552295,33.231428],[35.551719,33.229695],[35.555504,33.230561],[35.556229,33.229103],[35.557939,33.230702],[35.559836,33.228761]]]},"properties":{"FID":318,"Muni_Heb":"מבואות החרמון","Muni_Eng":"Mevo'ot Hahermon","Sug_Muni":"מועצה אזורית","CR_PNIM":"5555","CR_LAMAS":" ","Machoz":"צפון","Hearot":"השכבה אינה סטטוטורית באופן מלא.","Eshkol_MPn":"אשכול רשויות גליל מזרחי","Sign_Date":1539129600000,"Tikun1":null,"Tikun2":null,"Tikun3":null,"Tikun4":null,"Tikun5":null,"Tikun6":null,"Tikun7":null,"Tikun8":null,"Tikun9":null,"Tikun10":null,"Tikun11":null,"Tikun12":null,"Tikun13":null,"Tikun14":null,"Tikun15":null,"Precision_":"מקור וקטורי חתום","FIRST_Nafa":"צפת","LAST_Nafa2":" ","Shape_Leng":12669.5571683,"Shape_Area":5610636.71309,"Shape__Area":8037843.314453125,"Shape__Length":15175.176534525204}},{"type":"Feature","id":319,"geometry":{"type":"Polygon","coordinates":[[[35.603413,33.227342],[35.602242,33.229867],[35.590409,33.230116],[35.58926,33.234258],[35.590061,33.237557],[35.589347,33.239631],[35.590488,33.242327],[35.590734,33.246082],[35.589383,33.246649],[35.586177,33.252968],[35.590622,33.253825],[35.59147,33.259219],[35.596584,33.257211],[35.598396,33.254352],[35.60121,33.252845],[35.600796,33.251965],[35.601841,33.246814],[35.600917,33.244749],[35.602652,33.236997],[35.604702,33.2332],[35.609254,33.229854],[35.60518,33.228663],[35.604815,33.227765],[35.603413,33.227342]]]},"properties":{"FID":319,"Muni_Heb":"מבואות החרמון","Muni_Eng":"Mevo'ot Hahermon","Sug_Muni":"מועצה אזורית","CR_PNIM":"5555","CR_LAMAS":" ","Machoz":"צפון","Hearot":"השכבה אינה סטטוטורית באופן מלא.","Eshkol_MPn":"אשכול רשויות גליל מזרחי","Sign_Date":1539129600000,"Tikun1":null,"Tikun2":null,"Tikun3":null,"Tikun4":null,"Tikun5":null,"Tikun6":null,"Tikun7":null,"Tikun8":null,"Tikun9":null,"Tikun10":null,"Tikun11":null,"Tikun12":null,"Tikun13":null,"Tikun14":null,"Tikun15":null,"Precision_":"מקור וקטורי חתום","FIRST_Nafa":"צפת","LAST_Nafa2":" ","Shape_Leng":10049.5356396,"Shape_Area":3610205.62033,"Shape__Area":5174731.0166015625,"Shape__Length":12038.12226221297}},{"type":"Feature","id":320,"geometry":{"type":"Polygon","coordinates":[[[35.416032,32.899409],[35.424108,32.898872],[35.427451,32.897571],[35.426721,32.896183],[35.429627,32.894642],[35.428814,32.892606],[35.42967,32.892621],[35.429505,32.890608],[35.435521,32.89019],[35.43486,32.888334],[35.431398,32.888831],[35.433436,32.885076],[35.432635,32.88413],[35.435674,32.881958],[35.434186,32.880412],[35.434922,32.879446],[35.43375,32.876662],[35.430388,32.876019],[35.425898,32.877275],[35.425351,32.87493],[35.424131,32.874579],[35.422084,32.871452],[35.42011,32.872838],[35.418774,32.872831],[35.417394,32.876066],[35.417566,32.877988],[35.415221,32.877466],[35.415778,32.874909],[35.418443,32.870257],[35.41861,32.867636],[35.417618,32.866841],[35.41779,32.865365],[35.419771,32.864781],[35.420521,32.861193],[35.423791,32.861003],[35.424702,32.858669],[35.426937,32.857632],[35.431308,32.863711],[35.431528,32.86844],[35.434422,32.866482],[35.440928,32.86446],[35.441775,32.862637],[35.441162,32.862169],[35.442282,32.860513],[35.447934,32.859369],[35.446821,32.859102],[35.44614,32.857209],[35.445068,32.857525],[35.445115,32.856072],[35.447585,32.855877],[35.448913,32.857957],[35.451815,32.856119],[35.444242,32.854032],[35.444397,32.852074],[35.437885,32.851773],[35.432069,32.849078],[35.418312,32.848124],[35.415898,32.846597],[35.415437,32.849457],[35.412955,32.84827],[35.410034,32.848573],[35.408783,32.847473],[35.407097,32.850244],[35.403643,32.8495],[35.406374,32.85253],[35.405579,32.853476],[35.40574,32.855526],[35.403514,32.856068],[35.403635,32.858044],[35.393839,32.859951],[35.392289,32.860591],[35.392688,32.86177],[35.39104,32.862024],[35.39079,32.867155],[35.386778,32.869635],[35.385216,32.873786],[35.387815,32.874457],[35.387184,32.876904],[35.385371,32.877223],[35.385104,32.878441],[35.386983,32.878009],[35.389353,32.881245],[35.388662,32.881796],[35.389067,32.882324],[35.383332,32.887991],[35.381427,32.887927],[35.380346,32.888945],[35.379185,32.890604],[35.379353,32.892135],[35.388511,32.891414],[35.38977,32.894341],[35.387172,32.899739],[35.389273,32.898645],[35.394649,32.899185],[35.39884,32.897617],[35.407894,32.898369],[35.407648,32.899546],[35.410389,32.898814],[35.410733,32.897997],[35.411742,32.899334],[35.415681,32.898856],[35.416032,32.899409]]]},"properties":{"FID":320,"Muni_Heb":"מגאר","Muni_Eng":"Mughar","Sug_Muni":"עירייה","CR_PNIM":"0481","CR_LAMAS":"481","Machoz":"צפון","Hearot":"השכבה אינה סטטוטורית באופן מלא.","Eshkol_MPn":"אשכול רשויות הכנרת והעמקים","Sign_Date":1639353600000,"Tikun1":null,"Tikun2":null,"Tikun3":null,"Tikun4":null,"Tikun5":null,"Tikun6":null,"Tikun7":null,"Tikun8":null,"Tikun9":null,"Tikun10":null,"Tikun11":null,"Tikun12":null,"Tikun13":null,"Tikun14":null,"Tikun15":null,"Precision_":"מקור וקטורי חתום","FIRST_Nafa":"כנרת","LAST_Nafa2":" ","Shape_Leng":34639.6827467,"Shape_Area":21106721.9362,"Shape__Area":30005120.908203125,"Shape__Length":41289.260989419388}},{"type":"Feature","id":321,"geometry":{"type":"Polygon","coordinates":[[[35.460776,32.860866],[35.460778,32.861375],[35.461953,32.860031],[35.460776,32.860866]]]},"properties":{"FID":321,"Muni_Heb":"מגאר","Muni_Eng":"Mughar","Sug_Muni":"עירייה","CR_PNIM":"0481","CR_LAMAS":"481","Machoz":"צפון","Hearot":"השכבה אינה סטטוטורית באופן מלא.","Eshkol_MPn":"אשכול רשויות הכנרת והעמקים","Sign_Date":1639353600000,"Tikun1":null,"Tikun2":null,"Tikun3":null,"Tikun4":null,"Tikun5":null,"Tikun6":null,"Tikun7":null,"Tikun8":null,"Tikun9":null,"Tikun10":null,"Tikun11":null,"Tikun12":null,"Tikun13":null,"Tikun14":null,"Tikun15":null,"Precision_":"מקור וקטורי חתום","FIRST_Nafa":"כנרת","LAST_Nafa2":" ","Shape_Leng":397.702445984,"Shape_Area":5758.98248116,"Shape__Area":8184.3056640625,"Shape__Length":474.297715843756}},{"type":"Feature","id":322,"geometry":{"type":"Polygon","coordinates":[[[35.121919,32.920821],[35.121307,32.91805],[35.121918,32.917421],[35.120683,32.915434],[35.118061,32.90022],[35.119715,32.899246],[35.119191,32.894343],[35.124277,32.893551],[35.125066,32.897232],[35.138891,32.894625],[35.139165,32.896292],[35.140577,32.896316],[35.14105,32.899249],[35.141912,32.899222],[35.1424,32.90151],[35.145706,32.901321],[35.145974,32.903154],[35.14858,32.903558],[35.150031,32.908056],[35.153032,32.907756],[35.154639,32.912725],[35.174982,32.910783],[35.185283,32.912926],[35.188368,32.912169],[35.193426,32.909438],[35.191389,32.907597],[35.192053,32.90715],[35.191248,32.904937],[35.194621,32.904351],[35.192434,32.898169],[35.192873,32.895411],[35.188454,32.89529],[35.187654,32.892434],[35.193525,32.891023],[35.192561,32.888461],[35.193727,32.888199],[35.193196,32.886471],[35.195366,32.884479],[35.19706,32.884358],[35.197229,32.880971],[35.198537,32.879723],[35.198423,32.87734],[35.184497,32.876024],[35.181362,32.876787],[35.185272,32.875015],[35.18948,32.876408],[35.192105,32.876059],[35.196718,32.87238],[35.195124,32.869511],[35.192939,32.870793],[35.189828,32.871023],[35.189732,32.870359],[35.188108,32.870248],[35.189015,32.869726],[35.188943,32.868249],[35.183914,32.866487],[35.18396,32.86724],[35.182395,32.867255],[35.182154,32.864697],[35.175575,32.864936],[35.17354,32.866628],[35.170681,32.863226],[35.168558,32.86351],[35.164368,32.864553],[35.164658,32.8686],[35.158376,32.868267],[35.158852,32.8716],[35.156062,32.872052],[35.156394,32.873541],[35.152671,32.874551],[35.149057,32.874322],[35.149711,32.878124],[35.147266,32.879489],[35.143094,32.879914],[35.137438,32.882235],[35.134664,32.867608],[35.12799,32.868101],[35.127897,32.863809],[35.126046,32.863731],[35.125347,32.864617],[35.121893,32.864409],[35.121678,32.859766],[35.118899,32.859854],[35.118781,32.855268],[35.119888,32.851996],[35.132937,32.855301],[35.151999,32.835039],[35.15933,32.831802],[35.157065,32.828757],[35.158136,32.827142],[35.150534,32.830602],[35.14838,32.826146],[35.144933,32.827384],[35.142682,32.823608],[35.139811,32.82451],[35.134616,32.824085],[35.121956,32.826696],[35.122613,32.83227],[35.118781,32.832223],[35.11703,32.827207],[35.112503,32.828129],[35.110609,32.834647],[35.109648,32.835067],[35.114385,32.840687],[35.106852,32.844975],[35.10677,32.846698],[35.10966,32.84887],[35.109904,32.850309],[35.10606,32.852583],[35.106312,32.860684],[35.102832,32.860794],[35.103743,32.864468],[35.103068,32.867608],[35.099661,32.873324],[35.090318,32.873641],[35.091012,32.878775],[35.087804,32.886703],[35.091351,32.88634],[35.095079,32.888037],[35.093559,32.896919],[35.090559,32.903011],[35.091184,32.906697],[35.095889,32.911763],[35.103501,32.914667],[35.109381,32.915485],[35.109987,32.917703],[35.111131,32.917681],[35.11119,32.920024],[35.112192,32.920024],[35.111129,32.92137],[35.109,32.921531],[35.108991,32.924018],[35.11054,32.924023],[35.110557,32.927482],[35.112188,32.927544],[35.112139,32.922286],[35.122222,32.922283],[35.121919,32.920821]]]},"properties":{"FID":322,"Muni_Heb":"מטה אשר","Muni_Eng":"Ma'te Asher","Sug_Muni":"מועצה אזורית","CR_PNIM":"5504","CR_LAMAS":" ","Machoz":"צפון","Hearot":"השכבה אינה סטטוטורית באופן מלא.","Eshkol_MPn":"אשכול רשויות גליל מערבי","Sign_Date":1644969600000,"Tikun1":null,"Tikun2":null,"Tikun3":null,"Tikun4":null,"Tikun5":null,"Tikun6":null,"Tikun7":null,"Tikun8":null,"Tikun9":null,"Tikun10":null,"Tikun11":null,"Tikun12":null,"Tikun13":null,"Tikun14":null,"Tikun15":null,"Precision_":"מקור וקטורי חתום","FIRST_Nafa":"עכו","LAST_Nafa2":" ","Shape_Leng":64782.9719517,"Shape_Area":53634156.1965,"Shape__Area":76253359.888671875,"Shape__Length":77241.05901451259}},{"type":"Feature","id":323,"geometry":{"type":"Polygon","coordinates":[[[35.111102,32.928548],[35.110456,32.928602],[35.110443,32.932039],[35.111102,32.928548]]]},"properties":{"FID":323,"Muni_Heb":"מטה אשר","Muni_Eng":"Ma'te Asher","Sug_Muni":"מועצה אזורית","CR_PNIM":"5504","CR_LAMAS":" ","Machoz":"צפון","Hearot":"השכבה אינה סטטוטורית באופן מלא.","Eshkol_MPn":"אשכול רשויות גליל מערבי","Sign_Date":1644969600000,"Tikun1":null,"Tikun2":null,"Tikun3":null,"Tikun4":null,"Tikun5":null,"Tikun6":null,"Tikun7":null,"Tikun8":null,"Tikun9":null,"Tikun10":null,"Tikun11":null,"Tikun12":null,"Tikun13":null,"Tikun14":null,"Tikun15":null,"Precision_":"מקור וקטורי חתום","FIRST_Nafa":"עכו","LAST_Nafa2":" ","Shape_Leng":875.177458384,"Shape_Area":19446.8667762,"Shape__Area":27679.994140625,"Shape__Length":1046.0142328278266}},{"type":"Feature","id":324,"geometry":{"type":"Polygon","coordinates":[[[35.176949,33.037207],[35.180803,33.034891],[35.180656,33.032339],[35.179091,33.029839],[35.175135,33.029568],[35.17135,33.030367],[35.170847,33.026349],[35.173498,33.02573],[35.180146,33.026139],[35.181607,33.023641],[35.182156,33.019976],[35.196616,33.019723],[35.207085,33.021969],[35.217849,33.022716],[35.227016,33.024783],[35.225905,33.020598],[35.229125,33.019136],[35.228848,33.015869],[35.221921,33.01589],[35.221035,33.014206],[35.2167,33.013166],[35.216339,33.011415],[35.217737,33.009497],[35.219373,33.010268],[35.219363,33.008913],[35.221216,33.00893],[35.221131,33.007862],[35.222212,33.007738],[35.222022,33.005036],[35.232315,33.007792],[35.238645,33.007883],[35.23863,33.006414],[35.237471,33.005582],[35.23896,33.003284],[35.244479,33.003696],[35.244862,33.001259],[35.243474,33.000948],[35.243692,32.999362],[35.244533,32.999153],[35.244761,32.995014],[35.24574,32.993927],[35.241428,32.994667],[35.240501,32.986971],[35.236857,32.989163],[35.235474,32.986733],[35.228062,32.988586],[35.227631,32.987414],[35.219568,32.987458],[35.217965,32.985992],[35.216684,32.986056],[35.216582,32.985182],[35.211163,32.985617],[35.21227,32.981444],[35.213718,32.979868],[35.21355,32.977067],[35.216769,32.976726],[35.217551,32.975243],[35.216591,32.975287],[35.216622,32.974611],[35.203219,32.974028],[35.202006,32.973253],[35.195754,32.974409],[35.186,32.974466],[35.180505,32.975851],[35.180354,32.978742],[35.179357,32.979829],[35.174035,32.977619],[35.176741,32.975098],[35.172874,32.975867],[35.17487,32.974319],[35.174737,32.968121],[35.17004,32.968948],[35.167305,32.970495],[35.165874,32.97045],[35.166498,32.968542],[35.161864,32.968932],[35.159756,32.969892],[35.159764,32.96913],[35.156768,32.969204],[35.154641,32.967616],[35.149476,32.967542],[35.140449,32.964548],[35.12784,32.963487],[35.12648,32.962036],[35.127255,32.961258],[35.127336,32.959112],[35.124554,32.958075],[35.123746,32.956917],[35.121413,32.9566],[35.120758,32.955263],[35.117737,32.958553],[35.115762,32.956841],[35.114929,32.958063],[35.114996,32.955731],[35.115936,32.955492],[35.116069,32.95038],[35.114934,32.95042],[35.115261,32.947003],[35.1224,32.9483],[35.122522,32.946564],[35.130077,32.948332],[35.130169,32.93499],[35.117112,32.935619],[35.114077,32.934389],[35.110774,32.934821],[35.11081,32.93404],[35.109202,32.933671],[35.103341,32.934722],[35.096956,32.937159],[35.095454,32.944844],[35.092948,32.948504],[35.088914,32.94858],[35.087155,32.944408],[35.069254,32.946513],[35.071142,32.963024],[35.077596,32.98897],[35.091093,32.987144],[35.095092,32.98732],[35.094122,32.981011],[35.095782,32.98067],[35.101079,32.980932],[35.105759,32.980124],[35.107312,32.980517],[35.109408,32.982466],[35.112458,32.982904],[35.111897,32.984465],[35.108459,32.985268],[35.108604,32.985763],[35.103479,32.986986],[35.103217,32.986294],[35.101717,32.986625],[35.100419,32.985829],[35.099149,32.986652],[35.099465,32.987235],[35.09658,32.989023],[35.09678,32.990489],[35.096216,32.990621],[35.097412,32.995165],[35.102585,32.993872],[35.104773,33.00162],[35.105341,33.002396],[35.108999,33.000699],[35.111621,33.0086],[35.118321,33.007455],[35.119747,33.008067],[35.11827,33.013636],[35.118808,33.01368],[35.119822,33.008115],[35.121527,33.010314],[35.125983,33.013293],[35.124476,33.013917],[35.125034,33.0156],[35.112829,33.015137],[35.115845,33.015653],[35.116831,33.024028],[35.113397,33.024322],[35.113549,33.025656],[35.106142,33.025886],[35.106277,33.026505],[35.10419,33.026744],[35.104642,33.034016],[35.106909,33.041529],[35.106724,33.043577],[35.10203,33.043277],[35.095951,33.044506],[35.101623,33.081125],[35.099068,33.095699],[35.103977,33.094124],[35.108264,33.094243],[35.115861,33.092421],[35.125635,33.092683],[35.135081,33.091129],[35.140404,33.092039],[35.150551,33.090841],[35.155856,33.091548],[35.155529,33.086356],[35.151288,33.085347],[35.147944,33.08591],[35.138547,33.085036],[35.136208,33.08361],[35.130206,33.08292],[35.130186,33.078376],[35.131594,33.079011],[35.131653,33.075994],[35.135257,33.077462],[35.142202,33.075432],[35.140403,33.07313],[35.140037,33.070884],[35.140317,33.068231],[35.141368,33.066743],[35.138952,33.06472],[35.138873,33.063483],[35.142128,33.063195],[35.141645,33.058495],[35.142719,33.058543],[35.142568,33.056486],[35.143628,33.054831],[35.143589,33.048277],[35.145448,33.046718],[35.148095,33.047574],[35.153514,33.051673],[35.15341,33.053463],[35.15097,33.056319],[35.150835,33.060648],[35.14935,33.066193],[35.149947,33.068533],[35.153141,33.070637],[35.162645,33.07178],[35.160617,33.072598],[35.159286,33.078333],[35.161061,33.082669],[35.158562,33.084183],[35.15765,33.0863],[35.160098,33.08886],[35.161538,33.088454],[35.165176,33.089411],[35.167493,33.090941],[35.169238,33.090956],[35.172563,33.09382],[35.178069,33.094169],[35.185715,33.089521],[35.190106,33.089314],[35.193375,33.085106],[35.200359,33.087753],[35.206904,33.088393],[35.208506,33.091156],[35.20681,33.093534],[35.206864,33.094871],[35.211702,33.099898],[35.226329,33.09863],[35.23007,33.094533],[35.238427,33.092113],[35.248557,33.095226],[35.256773,33.095796],[35.261644,33.097151],[35.263436,33.098448],[35.271405,33.10032],[35.279823,33.10072],[35.26387,33.08141],[35.260101,33.075063],[35.258814,33.075181],[35.254757,33.073126],[35.253239,33.07027],[35.241667,33.065534],[35.239945,33.065495],[35.238062,33.067676],[35.225644,33.06914],[35.223938,33.07083],[35.223107,33.068277],[35.224475,33.064328],[35.223626,33.060677],[35.222803,33.060422],[35.222295,33.058412],[35.219674,33.05515],[35.217558,33.054643],[35.21616,33.052923],[35.217079,33.05238],[35.217112,33.049798],[35.213417,33.047025],[35.213775,33.042396],[35.216948,33.042174],[35.223143,33.044655],[35.224624,33.046883],[35.227595,33.046066],[35.231338,33.047776],[35.231953,33.047438],[35.231793,33.043052],[35.230361,33.042398],[35.229529,33.040124],[35.228092,33.039591],[35.226128,33.040844],[35.219057,33.040757],[35.215967,33.040093],[35.215407,33.03867],[35.208374,33.037248],[35.203232,33.037618],[35.20377,33.038824],[35.202768,33.03937],[35.195971,33.041447],[35.190611,33.038941],[35.186654,33.039817],[35.184193,33.039293],[35.183458,33.038234],[35.182106,33.038759],[35.180878,33.03763],[35.176949,33.037207]],[[35.187924,33.008943],[35.184192,33.008655],[35.18361,33.007431],[35.184493,33.007151],[35.183733,33.006859],[35.188102,33.007355],[35.190243,33.008481],[35.187924,33.008943]],[[35.147751,33.003695],[35.148107,33.006999],[35.145917,33.007378],[35.144622,33.002905],[35.14785,33.000797],[35.147751,33.003695]],[[35.207941,33.069511],[35.204058,33.06868],[35.200752,33.070387],[35.197815,33.070538],[35.196298,33.072324],[35.175468,33.075658],[35.175335,33.070519],[35.180057,33.070751],[35.180434,33.069545],[35.180076,33.067956],[35.17504,33.068342],[35.175028,33.066792],[35.176147,33.06617],[35.176898,33.064364],[35.179049,33.064255],[35.180896,33.065763],[35.181994,33.065603],[35.181859,33.064691],[35.183746,33.063708],[35.183163,33.06017],[35.18205,33.058957],[35.175912,33.058359],[35.17236,33.057042],[35.173712,33.055204],[35.178543,33.054901],[35.178481,33.052859],[35.174302,33.052722],[35.173335,33.053776],[35.17071,33.048027],[35.170851,33.046776],[35.169326,33.045648],[35.166391,33.04514],[35.166662,33.044179],[35.170027,33.042405],[35.17264,33.043421],[35.182115,33.042281],[35.185098,33.04352],[35.187155,33.042422],[35.191952,33.04358],[35.197265,33.043254],[35.200436,33.052958],[35.203004,33.055301],[35.200985,33.05619],[35.202238,33.060278],[35.209712,33.059403],[35.202001,33.064429],[35.207938,33.066405],[35.208124,33.067992],[35.21047,33.069284],[35.207941,33.069511]]]},"properties":{"FID":324,"Muni_Heb":"מטה אשר","Muni_Eng":"Ma'te Asher","Sug_Muni":"מועצה אזורית","CR_PNIM":"5504","CR_LAMAS":" ","Machoz":"צפון","Hearot":"השכבה אינה סטטוטורית באופן מלא.","Eshkol_MPn":"אשכול רשויות גליל מערבי","Sign_Date":1644969600000,"Tikun1":null,"Tikun2":null,"Tikun3":null,"Tikun4":null,"Tikun5":null,"Tikun6":null,"Tikun7":null,"Tikun8":null,"Tikun9":null,"Tikun10":null,"Tikun11":null,"Tikun12":null,"Tikun13":null,"Tikun14":null,"Tikun15":null,"Precision_":"מקור וקטורי חתום","FIRST_Nafa":"עכו","LAST_Nafa2":" ","Shape_Leng":157583.081007,"Shape_Area":161792797.315,"Shape__Area":230772570.60058594,"Shape__Length":188155.03959804217}},{"type":"Feature","id":325,"geometry":{"type":"Polygon","coordinates":[[[35.216459,31.744292],[35.218882,31.743581],[35.222013,31.741039],[35.225112,31.740795],[35.224604,31.737062],[35.22181,31.734303],[35.219742,31.734011],[35.213341,31.740053],[35.214735,31.742514],[35.215873,31.742633],[35.216459,31.744292]]]},"properties":{"FID":325,"Muni_Heb":"מטה יהודה","Muni_Eng":"Ma'te Yehuda","Sug_Muni":"מועצה אזורית","CR_PNIM":"5526","CR_LAMAS":" ","Machoz":"ירושלים","Hearot":"השכבה אינה סטטוטורית באופן מלא.","Eshkol_MPn":" ","Sign_Date":743299200000,"Tikun1":1034640000000,"Tikun2":1067385600000,"Tikun3":1162771200000,"Tikun4":1213660800000,"Tikun5":1232496000000,"Tikun6":1392163200000,"Tikun7":1473120000000,"Tikun8":1491436800000,"Tikun9":1497830400000,"Tikun10":1602547200000,"Tikun11":1611187200000,"Tikun12":1648339200000,"Tikun13":null,"Tikun14":null,"Tikun15":null,"Precision_":"מקור וקטורי חתום","FIRST_Nafa":"ירושלים","LAST_Nafa2":" ","Shape_Leng":3611.76110558,"Shape_Area":744762.227994,"Shape__Area":1032794.1240234375,"Shape__Length":4253.5042743085978}},{"type":"Feature","id":326,"geometry":{"type":"Polygon","coordinates":[[[35.164527,31.778377],[35.143533,31.773412],[35.1421,31.7743],[35.142448,31.778896],[35.148862,31.780343],[35.148904,31.78271],[35.151,31.783269],[35.151142,31.785312],[35.157043,31.788118],[35.161955,31.789321],[35.163928,31.791099],[35.166694,31.791167],[35.16675,31.790496],[35.168271,31.790088],[35.168116,31.787327],[35.170715,31.785663],[35.172323,31.779709],[35.180104,31.780395],[35.173373,31.778481],[35.168632,31.777923],[35.167231,31.77925],[35.164527,31.778377]]]},"properties":{"FID":326,"Muni_Heb":"מטה יהודה","Muni_Eng":"Ma'te Yehuda","Sug_Muni":"מועצה אזורית","CR_PNIM":"5526","CR_LAMAS":" ","Machoz":"ירושלים","Hearot":"השכבה אינה סטטוטורית באופן מלא.","Eshkol_MPn":" ","Sign_Date":743299200000,"Tikun1":1034640000000,"Tikun2":1067385600000,"Tikun3":1162771200000,"Tikun4":1213660800000,"Tikun5":1232496000000,"Tikun6":1392163200000,"Tikun7":1473120000000,"Tikun8":1491436800000,"Tikun9":1497830400000,"Tikun10":1602547200000,"Tikun11":1611187200000,"Tikun12":1648339200000,"Tikun13":null,"Tikun14":null,"Tikun15":null,"Precision_":"מקור וקטורי חתום","FIRST_Nafa":"ירושלים","LAST_Nafa2":" ","Shape_Leng":9752.0500976,"Shape_Area":2952239.66144,"Shape__Area":4097744.7373046875,"Shape__Length":11478.845767305298}},{"type":"Feature","id":327,"geometry":{"type":"Polygon","coordinates":[[[35.151776,31.78885],[35.152033,31.796928],[35.155855,31.797069],[35.161346,31.79473],[35.163378,31.794888],[35.162873,31.79358],[35.164246,31.791935],[35.154843,31.790151],[35.15292,31.788823],[35.152047,31.786981],[35.151776,31.78885]]]},"properties":{"FID":327,"Muni_Heb":"מטה יהודה","Muni_Eng":"Ma'te Yehuda","Sug_Muni":"מועצה אזורית","CR_PNIM":"5526","CR_LAMAS":" ","Machoz":"ירושלים","Hearot":"השכבה אינה סטטוטורית באופן מלא.","Eshkol_MPn":" ","Sign_Date":743299200000,"Tikun1":1034640000000,"Tikun2":1067385600000,"Tikun3":1162771200000,"Tikun4":1213660800000,"Tikun5":1232496000000,"Tikun6":1392163200000,"Tikun7":1473120000000,"Tikun8":1491436800000,"Tikun9":1497830400000,"Tikun10":1602547200000,"Tikun11":1611187200000,"Tikun12":1648339200000,"Tikun13":null,"Tikun14":null,"Tikun15":null,"Precision_":"מקור וקטורי חתום","FIRST_Nafa":"ירושלים","LAST_Nafa2":" ","Shape_Leng":4052.47106483,"Shape_Area":698321.724571,"Shape__Area":969515.9296875,"Shape__Length":4774.0322667022947}},{"type":"Feature","id":328,"geometry":{"type":"Polygon","coordinates":[[[34.9276,31.61721],[34.925686,31.619958],[34.921062,31.622466],[34.909442,31.634321],[34.877682,31.654449],[34.876896,31.659829],[34.880197,31.667323],[34.8755,31.66913],[34.872686,31.669349],[34.868638,31.667514],[34.865983,31.668189],[34.865596,31.67495],[34.868516,31.676767],[34.867632,31.677448],[34.868572,31.681466],[34.866664,31.68159],[34.866092,31.684131],[34.869816,31.686685],[34.872362,31.689619],[34.86893,31.692551],[34.864408,31.69326],[34.863779,31.694671],[34.864673,31.69506],[34.864165,31.696016],[34.865579,31.698234],[34.869009,31.699366],[34.868508,31.701165],[34.866097,31.702468],[34.871651,31.714831],[34.868474,31.717997],[34.86976,31.723033],[34.866263,31.724313],[34.865688,31.726041],[34.863562,31.727955],[34.863685,31.728919],[34.861494,31.731243],[34.859359,31.731873],[34.861476,31.733713],[34.863782,31.734048],[34.863328,31.735858],[34.864323,31.736452],[34.8644,31.738088],[34.8649,31.737831],[34.866189,31.741219],[34.868324,31.742778],[34.871892,31.743785],[34.875389,31.749002],[34.864131,31.752726],[34.8637,31.753463],[34.854687,31.753261],[34.854835,31.7519],[34.839742,31.756147],[34.841617,31.759649],[34.843869,31.761603],[34.838573,31.770598],[34.840825,31.771482],[34.84013,31.772638],[34.841768,31.772918],[34.839325,31.77704],[34.83984,31.777516],[34.838782,31.780667],[34.83724,31.78278],[34.834499,31.784068],[34.830936,31.784443],[34.82801,31.783805],[34.825448,31.786126],[34.820873,31.7879],[34.820251,31.788506],[34.82127,31.789546],[34.829368,31.793465],[34.835709,31.798727],[34.84275,31.802961],[34.86896,31.807694],[34.871023,31.808676],[34.87779,31.809118],[34.879046,31.809884],[34.888309,31.810766],[34.898013,31.810427],[34.913773,31.813384],[34.916882,31.815198],[34.913964,31.816743],[34.91253,31.818546],[34.910091,31.831811],[34.916381,31.835595],[34.916377,31.836507],[34.921684,31.840013],[34.922075,31.84171],[34.924638,31.842707],[34.927626,31.841649],[34.929571,31.839795],[34.931158,31.840761],[34.933575,31.840595],[34.9341,31.842035],[34.936685,31.844137],[34.93813,31.848831],[34.94174,31.847213],[34.945603,31.848015],[34.946036,31.849269],[34.947277,31.848542],[34.951365,31.850286],[34.951,31.851339],[34.953898,31.850872],[34.954705,31.851937],[34.956926,31.8518],[34.956872,31.853333],[34.961588,31.854451],[34.992478,31.85498],[34.999241,31.854164],[34.995089,31.852526],[34.992199,31.846801],[34.978063,31.837325],[34.97778,31.832602],[34.986355,31.830644],[35.016178,31.828467],[35.025721,31.830967],[35.030589,31.833874],[35.046939,31.850224],[35.05618,31.85516],[35.061703,31.856717],[35.072801,31.856],[35.08331,31.85236],[35.085862,31.850418],[35.088471,31.847532],[35.09462,31.836947],[35.097799,31.833746],[35.100594,31.83256],[35.106382,31.833277],[35.116039,31.827004],[35.125532,31.823035],[35.131646,31.818072],[35.136805,31.815083],[35.148372,31.811986],[35.142382,31.808449],[35.143081,31.805649],[35.142566,31.803886],[35.139036,31.802939],[35.139294,31.797973],[35.132712,31.796782],[35.133221,31.794756],[35.135537,31.793854],[35.133255,31.793363],[35.13211,31.79051],[35.131099,31.790259],[35.130723,31.785445],[35.12978,31.785299],[35.129892,31.783455],[35.131371,31.782098],[35.130454,31.780828],[35.125956,31.77891],[35.125313,31.775537],[35.12608,31.774274],[35.129185,31.774205],[35.130859,31.775738],[35.134103,31.776766],[35.134888,31.775542],[35.137639,31.774486],[35.139236,31.77098],[35.140039,31.770671],[35.140119,31.767227],[35.138399,31.766436],[35.138734,31.762128],[35.14246,31.762144],[35.144367,31.763027],[35.14566,31.761669],[35.150575,31.762214],[35.151076,31.764353],[35.154081,31.764383],[35.154603,31.763555],[35.152742,31.763028],[35.152854,31.759348],[35.155008,31.757804],[35.154856,31.760168],[35.157934,31.760565],[35.158707,31.758035],[35.160568,31.755914],[35.159744,31.7552],[35.159734,31.753639],[35.153204,31.751648],[35.153666,31.750106],[35.152581,31.748565],[35.149812,31.748894],[35.149773,31.74606],[35.149032,31.744981],[35.147862,31.744704],[35.145502,31.746538],[35.144961,31.73811],[35.142627,31.73548],[35.141249,31.735205],[35.140921,31.736303],[35.141641,31.736986],[35.139541,31.739506],[35.141526,31.741671],[35.139181,31.743807],[35.138422,31.743512],[35.136383,31.741024],[35.136304,31.730005],[35.13587,31.733826],[35.135004,31.734386],[35.127645,31.730904],[35.120945,31.720469],[35.1203,31.715191],[35.117839,31.713807],[35.113189,31.714021],[35.109126,31.715268],[35.106532,31.714955],[35.09976,31.708483],[35.093265,31.700517],[35.085462,31.695226],[35.084735,31.691973],[35.085334,31.69073],[35.066985,31.682749],[35.061187,31.678412],[35.043284,31.668445],[35.030557,31.660201],[35.026397,31.658242],[35.021641,31.657541],[35.006675,31.652723],[34.996954,31.645392],[34.992657,31.641035],[34.985553,31.63232],[34.976754,31.61827],[34.960965,31.602988],[34.957439,31.607375],[34.949292,31.613853],[34.932238,31.6155],[34.9276,31.61721]],[[35.094709,31.813605],[35.09233,31.813111],[35.094382,31.809452],[35.09407,31.807285],[35.09659,31.806973],[35.098656,31.805466],[35.102673,31.805964],[35.099532,31.803695],[35.093043,31.804072],[35.091511,31.802582],[35.091335,31.800949],[35.107887,31.801888],[35.117824,31.799167],[35.122134,31.799826],[35.12219,31.801307],[35.119709,31.801914],[35.114686,31.806324],[35.114737,31.809151],[35.112719,31.809826],[35.114092,31.81037],[35.110685,31.813379],[35.106892,31.81247],[35.106098,31.813237],[35.105649,31.811131],[35.102443,31.81018],[35.101498,31.812824],[35.094709,31.813605]],[[34.998192,31.735226],[35.001791,31.734958],[35.003287,31.733026],[35.004792,31.733044],[35.00513,31.736426],[35.001581,31.742071],[35.001659,31.744819],[35.003215,31.747643],[35.002506,31.751361],[35.003944,31.753185],[35.008622,31.754479],[35.010097,31.751868],[35.012971,31.750938],[35.015036,31.750983],[35.019488,31.752912],[35.019551,31.75804],[35.020522,31.759576],[35.0184,31.76074],[35.020577,31.760712],[35.020337,31.761161],[35.029233,31.765707],[35.031314,31.766092],[35.031896,31.768412],[35.024276,31.768736],[35.022091,31.767637],[35.014806,31.767759],[35.010265,31.765877],[35.009578,31.762789],[35.005795,31.760614],[34.997878,31.760826],[34.994585,31.762897],[34.996551,31.765889],[34.99555,31.765625],[34.994604,31.766384],[34.996691,31.76832],[34.994968,31.769026],[34.994462,31.770135],[34.993479,31.768714],[34.992015,31.768384],[34.991444,31.769354],[34.991685,31.771091],[34.993849,31.77083],[34.995296,31.772291],[34.993311,31.773292],[34.993587,31.774603],[34.992826,31.775323],[34.990646,31.774719],[34.988516,31.773673],[34.987089,31.770112],[34.985546,31.769601],[34.98701,31.769194],[34.988487,31.769816],[34.991187,31.766037],[34.992111,31.762435],[34.988711,31.761173],[34.985799,31.758782],[34.981788,31.758305],[34.978914,31.756819],[34.973518,31.752458],[34.971711,31.746489],[34.967852,31.742915],[34.961969,31.747845],[34.957526,31.749274],[34.95863,31.750626],[34.956514,31.753623],[34.952353,31.754248],[34.949797,31.755567],[34.947404,31.751768],[34.946887,31.745657],[34.94753,31.737799],[34.950138,31.733557],[34.954415,31.732213],[34.956257,31.730247],[34.957549,31.72795],[34.956536,31.72608],[34.960553,31.7234],[34.960305,31.722135],[34.961573,31.721556],[34.961372,31.719583],[34.963327,31.71793],[34.95934,31.711129],[34.955084,31.709158],[34.950582,31.709161],[34.948301,31.706031],[34.945131,31.704912],[34.942764,31.699462],[34.942386,31.697571],[34.943117,31.695785],[34.948791,31.697967],[34.949939,31.697501],[34.953049,31.693562],[34.963036,31.693257],[34.966338,31.694408],[34.976616,31.691916],[34.977722,31.692418],[34.977731,31.694389],[34.983482,31.695212],[34.987288,31.692884],[34.994667,31.69272],[34.998428,31.691347],[34.998174,31.690214],[34.99898,31.690137],[34.999912,31.687286],[35.001645,31.688422],[35.001336,31.689192],[35.004955,31.69165],[35.005034,31.692964],[35.007571,31.694287],[35.00986,31.693729],[35.011355,31.696654],[35.009583,31.698017],[35.00846,31.705546],[35.006268,31.708615],[35.009228,31.717317],[35.00957,31.723049],[35.006922,31.726866],[35.005101,31.731637],[35.004613,31.728735],[35.003117,31.72741],[34.999267,31.729632],[34.997853,31.729078],[34.995595,31.73018],[34.99663,31.733014],[34.993374,31.732983],[34.993369,31.734373],[34.99415,31.735216],[34.998192,31.735226]],[[34.947062,31.761166],[34.946196,31.759368],[34.948272,31.757986],[34.950955,31.757619],[34.952187,31.759271],[34.950808,31.759802],[34.950964,31.760599],[34.947062,31.761166]],[[35.094399,31.760562],[35.093376,31.760353],[35.091859,31.7579],[35.088849,31.757615],[35.088605,31.754607],[35.085532,31.753212],[35.085216,31.74979],[35.08642,31.748589],[35.091656,31.750177],[35.093167,31.74987],[35.094032,31.747896],[35.093743,31.745414],[35.095967,31.739796],[35.101387,31.741997],[35.104866,31.74185],[35.107964,31.740024],[35.111571,31.739696],[35.115361,31.741643],[35.118052,31.744911],[35.127605,31.749098],[35.126369,31.752367],[35.121348,31.754001],[35.119748,31.750957],[35.11478,31.749312],[35.11227,31.751099],[35.106665,31.753033],[35.106998,31.756996],[35.105351,31.759908],[35.101469,31.760263],[35.096573,31.759024],[35.094399,31.760562]]]},"properties":{"FID":328,"Muni_Heb":"מטה יהודה","Muni_Eng":"Ma'te Yehuda","Sug_Muni":"מועצה אזורית","CR_PNIM":"5526","CR_LAMAS":" ","Machoz":"ירושלים","Hearot":"השכבה אינה סטטוטורית באופן מלא.","Eshkol_MPn":" ","Sign_Date":743299200000,"Tikun1":1034640000000,"Tikun2":1067385600000,"Tikun3":1162771200000,"Tikun4":1213660800000,"Tikun5":1232496000000,"Tikun6":1392163200000,"Tikun7":1473120000000,"Tikun8":1491436800000,"Tikun9":1497830400000,"Tikun10":1602547200000,"Tikun11":1611187200000,"Tikun12":1648339200000,"Tikun13":null,"Tikun14":null,"Tikun15":null,"Precision_":"מקור וקטורי חתום","FIRST_Nafa":"ירושלים","LAST_Nafa2":" ","Shape_Leng":197217.170605,"Shape_Area":476449637.952,"Shape__Area":660815480.00976563,"Shape__Length":232202.11979506005}},{"type":"Feature","id":329,"geometry":{"type":"Polygon","coordinates":[[[35.078962,32.464903],[35.07529,32.461513],[35.073157,32.458304],[35.068832,32.458403],[35.06382,32.45651],[35.062203,32.458034],[35.062053,32.460198],[35.065637,32.464426],[35.069829,32.466572],[35.074919,32.466121],[35.078129,32.466839],[35.078962,32.464903]]]},"properties":{"FID":329,"Muni_Heb":"מנשה","Muni_Eng":"Menashe","Sug_Muni":"מועצה אזורית","CR_PNIM":"5514","CR_LAMAS":" ","Machoz":"חיפה","Hearot":"השכבה אינה סטטוטורית באופן מלא.","Eshkol_MPn":" ","Sign_Date":1644969600000,"Tikun1":null,"Tikun2":null,"Tikun3":null,"Tikun4":null,"Tikun5":null,"Tikun6":null,"Tikun7":null,"Tikun8":null,"Tikun9":null,"Tikun10":null,"Tikun11":null,"Tikun12":null,"Tikun13":null,"Tikun14":null,"Tikun15":null,"Precision_":"מקור וקטורי חתום","FIRST_Nafa":"חדרה","LAST_Nafa2":" ","Shape_Leng":4443.97565226,"Shape_Area":1074598.38671,"Shape__Area":1513735.4462890625,"Shape__Length":5272.13696928479}},{"type":"Feature","id":330,"geometry":{"type":"Polygon","coordinates":[[[35.002275,32.382353],[34.996825,32.393475],[34.992606,32.396293],[34.983336,32.40028],[34.981125,32.402459],[34.979649,32.405713],[34.978626,32.405463],[34.977673,32.415046],[34.976457,32.419688],[34.965675,32.418318],[34.963118,32.418918],[34.958252,32.425339],[34.958271,32.425925],[34.961118,32.42553],[34.961809,32.429307],[34.96306,32.430834],[34.959888,32.431538],[34.960315,32.433496],[34.9594,32.434087],[34.959684,32.435235],[34.953318,32.437125],[34.950325,32.436691],[34.947574,32.437936],[34.946034,32.437494],[34.94715,32.441478],[34.953607,32.440509],[34.950169,32.445971],[34.951127,32.446744],[34.949572,32.44633],[34.948586,32.44802],[34.945984,32.44834],[34.945119,32.450706],[34.943628,32.451888],[34.946103,32.452871],[34.94223,32.459417],[34.944758,32.458618],[34.962589,32.458737],[34.963453,32.457579],[34.959873,32.452185],[34.962423,32.452127],[34.960706,32.447125],[34.962344,32.446286],[34.966573,32.44602],[34.968491,32.446742],[34.969642,32.444593],[34.971845,32.445438],[34.971784,32.450735],[34.973751,32.45096],[34.974173,32.448476],[34.977693,32.44892],[34.990619,32.455894],[34.988961,32.458022],[34.990917,32.459564],[34.988435,32.46309],[34.991987,32.466338],[34.994143,32.464903],[34.997175,32.467325],[34.996141,32.468125],[34.997507,32.469121],[35.008411,32.469533],[35.011788,32.471467],[35.014894,32.475936],[35.009538,32.477248],[35.009844,32.480107],[34.99916,32.478433],[34.998974,32.479047],[34.99741,32.478708],[34.995058,32.481946],[34.993143,32.489439],[34.998609,32.488819],[34.998436,32.486523],[35.000585,32.486398],[35.001191,32.490866],[34.995633,32.491525],[34.996068,32.494201],[34.99303,32.494129],[34.992118,32.488557],[34.988167,32.488896],[34.987592,32.484671],[34.98245,32.485111],[34.982166,32.48357],[34.979989,32.483656],[34.979631,32.482631],[34.976779,32.485908],[34.97789,32.487306],[34.979932,32.485702],[34.981357,32.488116],[34.979379,32.488949],[34.978359,32.487208],[34.977575,32.487707],[34.980408,32.492849],[34.983692,32.49253],[34.983528,32.494786],[34.986724,32.494932],[34.985996,32.496433],[34.985222,32.496424],[34.985697,32.497523],[34.979712,32.498737],[34.979278,32.500381],[34.975842,32.501069],[34.976068,32.502716],[34.973824,32.502791],[34.972598,32.504512],[34.970183,32.505469],[34.972497,32.506135],[34.973035,32.505536],[34.979207,32.50732],[34.980897,32.506611],[34.98165,32.507472],[34.985454,32.504893],[34.989444,32.50503],[34.989744,32.504362],[34.99462,32.503951],[34.999499,32.501719],[35.001666,32.502102],[35.000514,32.505178],[35.001943,32.505901],[35.000752,32.507907],[34.998892,32.50762],[34.997623,32.510041],[35.00093,32.510308],[35.000321,32.512468],[35.002531,32.513356],[35.005266,32.513131],[35.008783,32.511682],[35.021961,32.519719],[35.020196,32.519803],[35.020178,32.523613],[35.019175,32.524333],[35.016524,32.524331],[35.015894,32.526428],[35.014791,32.526541],[35.016602,32.530771],[35.011895,32.532188],[35.007416,32.534829],[35.008776,32.537465],[35.011156,32.535823],[35.010726,32.53318],[35.013416,32.533218],[35.01463,32.534045],[35.014207,32.534915],[35.019182,32.535989],[35.0173,32.53767],[35.019378,32.539365],[35.021637,32.539973],[35.022937,32.539847],[35.024126,32.537829],[35.025355,32.538202],[35.024301,32.540609],[35.02776,32.541332],[35.029402,32.540229],[35.029705,32.537617],[35.03091,32.539517],[35.034769,32.537977],[35.037192,32.539038],[35.034842,32.534044],[35.03597,32.530431],[35.036664,32.530432],[35.036942,32.532116],[35.04233,32.533457],[35.041437,32.537823],[35.04457,32.537722],[35.045256,32.536805],[35.046192,32.537585],[35.045995,32.539241],[35.046866,32.540856],[35.049641,32.54088],[35.049468,32.54161],[35.052519,32.543126],[35.053326,32.539684],[35.052731,32.536342],[35.056377,32.539613],[35.058178,32.539908],[35.056741,32.542758],[35.05816,32.543289],[35.05771,32.545355],[35.060682,32.545573],[35.059974,32.546738],[35.060445,32.548525],[35.065017,32.5467],[35.065847,32.548798],[35.066953,32.548844],[35.066788,32.546489],[35.068219,32.546608],[35.069066,32.544828],[35.071534,32.543626],[35.077863,32.544812],[35.082738,32.544129],[35.08354,32.541895],[35.082443,32.540766],[35.085052,32.531645],[35.086027,32.531199],[35.087439,32.52667],[35.089723,32.52356],[35.090145,32.519735],[35.080438,32.520304],[35.076683,32.518871],[35.069167,32.517874],[35.063018,32.519562],[35.057461,32.517413],[35.050628,32.517137],[35.047759,32.514114],[35.045124,32.512721],[35.037265,32.511171],[35.03044,32.510863],[35.027333,32.509822],[35.02574,32.505409],[35.024919,32.496645],[35.029307,32.497641],[35.031092,32.496373],[35.034144,32.496173],[35.034673,32.494841],[35.039922,32.49535],[35.046161,32.494043],[35.04664,32.490994],[35.050223,32.492583],[35.06124,32.500514],[35.063342,32.497105],[35.068811,32.499972],[35.07857,32.492471],[35.08426,32.491028],[35.084428,32.489222],[35.086231,32.489284],[35.087386,32.487396],[35.089159,32.487628],[35.090241,32.489179],[35.093715,32.489053],[35.094444,32.490095],[35.102571,32.491136],[35.102177,32.492374],[35.102953,32.492677],[35.102034,32.493342],[35.103766,32.494634],[35.112835,32.491337],[35.111415,32.489556],[35.114832,32.488979],[35.114831,32.487404],[35.115093,32.488529],[35.121561,32.486655],[35.121786,32.487244],[35.123255,32.486841],[35.123965,32.486148],[35.123534,32.485722],[35.124502,32.485692],[35.123302,32.487004],[35.12426,32.488398],[35.123127,32.489472],[35.1235,32.489869],[35.121311,32.489812],[35.120929,32.490865],[35.118059,32.49199],[35.118481,32.492598],[35.11653,32.494089],[35.118778,32.495165],[35.12092,32.494044],[35.121904,32.495617],[35.11929,32.497284],[35.121371,32.501037],[35.12606,32.50232],[35.128022,32.506423],[35.129648,32.507534],[35.129718,32.509212],[35.132495,32.510183],[35.132968,32.509285],[35.1317,32.508689],[35.131153,32.507203],[35.133571,32.508028],[35.142254,32.505755],[35.143704,32.507165],[35.147121,32.50798],[35.149215,32.506538],[35.153911,32.50575],[35.155486,32.506578],[35.156369,32.50542],[35.159233,32.504977],[35.161448,32.506466],[35.162193,32.509217],[35.163236,32.510016],[35.163969,32.508872],[35.160596,32.50419],[35.155531,32.503013],[35.144648,32.496183],[35.138261,32.495211],[35.137635,32.494301],[35.139722,32.493217],[35.138207,32.491148],[35.127105,32.485375],[35.124239,32.482838],[35.113995,32.479519],[35.110848,32.476988],[35.106941,32.475381],[35.104089,32.477737],[35.102136,32.478032],[35.10104,32.477257],[35.099128,32.477858],[35.098236,32.479755],[35.097119,32.480143],[35.091707,32.478245],[35.090376,32.483015],[35.088366,32.482906],[35.087981,32.482184],[35.085745,32.48408],[35.080663,32.48382],[35.079177,32.485699],[35.078319,32.491907],[35.073648,32.494801],[35.073725,32.489942],[35.072564,32.487685],[35.069238,32.487164],[35.065666,32.484157],[35.065623,32.482035],[35.062389,32.478332],[35.066187,32.477376],[35.062967,32.475487],[35.063562,32.470325],[35.064291,32.469997],[35.063629,32.469648],[35.063063,32.465734],[35.061248,32.46456],[35.060573,32.464887],[35.060582,32.463973],[35.058838,32.464435],[35.057832,32.463283],[35.05543,32.464321],[35.053978,32.463549],[35.054453,32.462992],[35.053443,32.462279],[35.051597,32.461983],[35.052524,32.465731],[35.051398,32.467844],[35.046575,32.470346],[35.042292,32.471021],[35.037092,32.473119],[35.035224,32.466029],[35.037194,32.457801],[35.03669,32.450889],[35.043011,32.45236],[35.046858,32.451379],[35.049294,32.449062],[35.051577,32.448241],[35.057178,32.447505],[35.061334,32.448581],[35.062597,32.450637],[35.065347,32.449436],[35.065761,32.443089],[35.06207,32.439439],[35.059918,32.4313],[35.057961,32.431408],[35.056792,32.432688],[35.054693,32.432731],[35.053838,32.434695],[35.052545,32.434906],[35.051234,32.433889],[35.049319,32.434712],[35.047711,32.434062],[35.046732,32.435582],[35.045463,32.435693],[35.04352,32.433452],[35.040613,32.433269],[35.04009,32.434131],[35.037309,32.43508],[35.035915,32.434861],[35.034843,32.43644],[35.032359,32.436039],[35.029807,32.431264],[35.027336,32.434062],[35.022589,32.428079],[35.02154,32.420912],[35.017549,32.421004],[35.01745,32.420117],[35.014993,32.420125],[35.015063,32.418997],[35.012052,32.41978],[35.012178,32.409576],[35.007797,32.410132],[35.007052,32.405089],[35.010115,32.404648],[35.009693,32.401394],[35.015681,32.400921],[35.01534,32.393808],[35.019525,32.392508],[35.019762,32.394553],[35.025104,32.394477],[35.02869,32.392762],[35.028507,32.391833],[35.03402,32.391571],[35.034795,32.391279],[35.034304,32.389991],[35.035963,32.389581],[35.036491,32.390277],[35.039276,32.38825],[35.043222,32.386978],[35.046168,32.394198],[35.047837,32.391658],[35.046979,32.389725],[35.045085,32.389588],[35.044144,32.386556],[35.040174,32.380634],[35.042204,32.377804],[35.039092,32.376696],[35.031117,32.375904],[35.028784,32.373472],[35.029229,32.372192],[35.027673,32.3725],[35.025111,32.376015],[35.023668,32.37345],[35.0177,32.375105],[35.0152,32.374799],[35.016166,32.377397],[35.011302,32.377149],[35.011905,32.374375],[35.010618,32.374213],[35.009617,32.36585],[35.007672,32.365029],[35.001886,32.364546],[35.00179,32.368501],[35.003806,32.377372],[35.002275,32.382353]]]},"properties":{"FID":330,"Muni_Heb":"מנשה","Muni_Eng":"Menashe","Sug_Muni":"מועצה אזורית","CR_PNIM":"5514","CR_LAMAS":" ","Machoz":"חיפה","Hearot":"השכבה אינה סטטוטורית באופן מלא.","Eshkol_MPn":" ","Sign_Date":1644969600000,"Tikun1":null,"Tikun2":null,"Tikun3":null,"Tikun4":null,"Tikun5":null,"Tikun6":null,"Tikun7":null,"Tikun8":null,"Tikun9":null,"Tikun10":null,"Tikun11":null,"Tikun12":null,"Tikun13":null,"Tikun14":null,"Tikun15":null,"Precision_":"מקור וקטורי חתום","FIRST_Nafa":"חדרה","LAST_Nafa2":" ","Shape_Leng":156462.99085,"Shape_Area":110187182.045,"Shape__Area":155227860.21582031,"Shape__Length":185697.28974090843}},{"type":"Feature","id":331,"geometry":{"type":"Polygon","coordinates":[[[35.250456,32.957409],[35.25091,32.957974],[35.248349,32.961801],[35.253502,32.964242],[35.251631,32.965276],[35.249319,32.964243],[35.24574,32.965955],[35.245091,32.967025],[35.245925,32.968825],[35.242322,32.969942],[35.242442,32.9711],[35.251356,32.969368],[35.2555,32.966088],[35.257337,32.966491],[35.258101,32.967504],[35.255976,32.967684],[35.256267,32.969774],[35.266571,32.971144],[35.26773,32.969528],[35.273469,32.968554],[35.271988,32.963608],[35.27995,32.962036],[35.28129,32.960993],[35.276747,32.961819],[35.276602,32.960745],[35.274527,32.961815],[35.271375,32.961456],[35.271372,32.959625],[35.265863,32.955287],[35.263321,32.954515],[35.261069,32.950217],[35.260161,32.95066],[35.258846,32.954377],[35.255849,32.954551],[35.254127,32.956215],[35.250456,32.957409]]]},"properties":{"FID":331,"Muni_Heb":"מעלה יוסף","Muni_Eng":"Ma'ale Yosef","Sug_Muni":"מועצה אזורית","CR_PNIM":"5552","CR_LAMAS":" ","Machoz":"צפון","Hearot":"השכבה אינה סטטוטורית באופן מלא.","Eshkol_MPn":"אשכול רשויות גליל מערבי","Sign_Date":1656288000000,"Tikun1":null,"Tikun2":null,"Tikun3":null,"Tikun4":null,"Tikun5":null,"Tikun6":null,"Tikun7":null,"Tikun8":null,"Tikun9":null,"Tikun10":null,"Tikun11":null,"Tikun12":null,"Tikun13":null,"Tikun14":null,"Tikun15":null,"Precision_":"מקור וקטורי חתום","FIRST_Nafa":"עכו","LAST_Nafa2":" ","Shape_Leng":12915.5694114,"Shape_Area":3560810.04661,"Shape__Area":5072043.94140625,"Shape__Length":15406.360132839844}},{"type":"Feature","id":332,"geometry":{"type":"Polygon","coordinates":[[[35.310884,32.987187],[35.311963,32.987564],[35.311679,32.988824],[35.313326,32.98945],[35.313852,32.99159],[35.31557,32.992693],[35.321907,32.989619],[35.32347,32.988622],[35.324971,32.986539],[35.324828,32.985486],[35.327679,32.982914],[35.328608,32.980145],[35.327694,32.979384],[35.32803,32.978583],[35.324443,32.977578],[35.322287,32.977882],[35.321353,32.976633],[35.317952,32.976896],[35.318178,32.979204],[35.316695,32.979842],[35.317519,32.981259],[35.316462,32.98196],[35.316484,32.98298],[35.315643,32.982795],[35.314111,32.984142],[35.314486,32.984945],[35.310884,32.987187]]]},"properties":{"FID":332,"Muni_Heb":"מעלה יוסף","Muni_Eng":"Ma'ale Yosef","Sug_Muni":"מועצה אזורית","CR_PNIM":"5552","CR_LAMAS":" ","Machoz":"צפון","Hearot":"השכבה אינה סטטוטורית באופן מלא.","Eshkol_MPn":"אשכול רשויות גליל מערבי","Sign_Date":1656288000000,"Tikun1":null,"Tikun2":null,"Tikun3":null,"Tikun4":null,"Tikun5":null,"Tikun6":null,"Tikun7":null,"Tikun8":null,"Tikun9":null,"Tikun10":null,"Tikun11":null,"Tikun12":null,"Tikun13":null,"Tikun14":null,"Tikun15":null,"Precision_":"מקור וקטורי חתום","FIRST_Nafa":"עכו","LAST_Nafa2":" ","Shape_Leng":6351.98303374,"Shape_Area":1570127.77057,"Shape__Area":2237578.5302734375,"Shape__Length":7582.6541444509267}},{"type":"Feature","id":333,"geometry":{"type":"Polygon","coordinates":[[[35.269033,33.025935],[35.27077,33.024616],[35.270793,33.022659],[35.269418,33.020323],[35.270793,33.022393],[35.272322,33.02143],[35.27073,33.016985],[35.270017,33.017179],[35.269654,33.016276],[35.268319,33.016621],[35.268682,33.017617],[35.266113,33.017642],[35.265974,33.016562],[35.267596,33.015631],[35.265697,33.01386],[35.26608,33.011604],[35.260358,33.007171],[35.258991,33.008791],[35.25736,33.009318],[35.257576,33.011323],[35.25598,33.011135],[35.256697,33.010329],[35.255568,33.010013],[35.252977,33.010144],[35.250806,33.011566],[35.250306,33.014184],[35.251405,33.014242],[35.250693,33.014569],[35.248832,33.013854],[35.245331,33.014555],[35.244649,33.013843],[35.237803,33.014126],[35.236528,33.008789],[35.238365,33.007878],[35.232145,33.007763],[35.222022,33.005036],[35.222212,33.007738],[35.221131,33.007862],[35.221216,33.00893],[35.219363,33.008913],[35.219373,33.010268],[35.217737,33.009497],[35.216339,33.011415],[35.2167,33.013166],[35.221035,33.014206],[35.221921,33.01589],[35.228848,33.015869],[35.22862,33.019798],[35.230333,33.02151],[35.232854,33.021344],[35.234827,33.02236],[35.239662,33.02165],[35.245895,33.017976],[35.251698,33.019912],[35.255675,33.019459],[35.25609,33.020312],[35.257073,33.020079],[35.257418,33.022289],[35.2585,33.023296],[35.261172,33.022023],[35.261033,33.022582],[35.262111,33.022836],[35.26254,33.021483],[35.263883,33.021026],[35.263931,33.021569],[35.265459,33.021451],[35.265526,33.022405],[35.267107,33.022697],[35.26715,33.02407],[35.26923,33.023617],[35.269033,33.025935]]]},"properties":{"FID":333,"Muni_Heb":"מעלה יוסף","Muni_Eng":"Ma'ale Yosef","Sug_Muni":"מועצה אזורית","CR_PNIM":"5552","CR_LAMAS":" ","Machoz":"צפון","Hearot":"השכבה אינה סטטוטורית באופן מלא.","Eshkol_MPn":"אשכול רשויות גליל מערבי","Sign_Date":1656288000000,"Tikun1":null,"Tikun2":null,"Tikun3":null,"Tikun4":null,"Tikun5":null,"Tikun6":null,"Tikun7":null,"Tikun8":null,"Tikun9":null,"Tikun10":null,"Tikun11":null,"Tikun12":null,"Tikun13":null,"Tikun14":null,"Tikun15":null,"Precision_":"מקור וקטורי חתום","FIRST_Nafa":"עכו","LAST_Nafa2":" ","Shape_Leng":19172.2164003,"Shape_Area":5180068.04738,"Shape__Area":7387185.3330078125,"Shape__Length":22887.961166427729}},{"type":"Feature","id":334,"geometry":{"type":"Polygon","coordinates":[[[35.203232,33.037618],[35.203536,33.036254],[35.200494,33.034661],[35.194628,33.03483],[35.193314,33.033497],[35.18929,33.02512],[35.170847,33.026349],[35.17135,33.030367],[35.175135,33.029568],[35.179091,33.029839],[35.180656,33.032339],[35.180803,33.034891],[35.176949,33.037207],[35.180878,33.03763],[35.182106,33.038759],[35.183458,33.038234],[35.184193,33.039293],[35.186654,33.039817],[35.190611,33.038941],[35.195971,33.041447],[35.202768,33.03937],[35.20377,33.038824],[35.203232,33.037618]]]},"properties":{"FID":334,"Muni_Heb":"מעלה יוסף","Muni_Eng":"Ma'ale Yosef","Sug_Muni":"מועצה אזורית","CR_PNIM":"5552","CR_LAMAS":" ","Machoz":"צפון","Hearot":"השכבה אינה סטטוטורית באופן מלא.","Eshkol_MPn":"אשכול רשויות גליל מערבי","Sign_Date":1656288000000,"Tikun1":null,"Tikun2":null,"Tikun3":null,"Tikun4":null,"Tikun5":null,"Tikun6":null,"Tikun7":null,"Tikun8":null,"Tikun9":null,"Tikun10":null,"Tikun11":null,"Tikun12":null,"Tikun13":null,"Tikun14":null,"Tikun15":null,"Precision_":"מקור וקטורי חתום","FIRST_Nafa":"עכו","LAST_Nafa2":" ","Shape_Leng":9485.55675431,"Shape_Area":2740007.01561,"Shape__Area":3909056.8076171875,"Shape__Length":11322.251747554603}},{"type":"Feature","id":335,"geometry":{"type":"Polygon","coordinates":[[[35.207941,33.069511],[35.21047,33.069284],[35.208124,33.067992],[35.207938,33.066405],[35.202001,33.064429],[35.209712,33.059403],[35.202238,33.060278],[35.200985,33.05619],[35.203004,33.055301],[35.200436,33.052958],[35.197265,33.043254],[35.191952,33.04358],[35.187155,33.042422],[35.185098,33.04352],[35.182115,33.042281],[35.17264,33.043421],[35.170027,33.042405],[35.166662,33.044179],[35.166391,33.04514],[35.169326,33.045648],[35.170851,33.046776],[35.17071,33.048027],[35.173335,33.053776],[35.174302,33.052722],[35.178481,33.052859],[35.178543,33.054901],[35.173712,33.055204],[35.17236,33.057042],[35.175912,33.058359],[35.18205,33.058957],[35.183163,33.06017],[35.183746,33.063708],[35.181859,33.064691],[35.181994,33.065603],[35.180896,33.065763],[35.179049,33.064255],[35.176898,33.064364],[35.176147,33.06617],[35.175028,33.066792],[35.17504,33.068342],[35.180076,33.067956],[35.180434,33.069545],[35.180057,33.070751],[35.175335,33.070519],[35.175468,33.075658],[35.196298,33.072324],[35.197815,33.070538],[35.200752,33.070387],[35.204058,33.06868],[35.207941,33.069511]]]},"properties":{"FID":335,"Muni_Heb":"מעלה יוסף","Muni_Eng":"Ma'ale Yosef","Sug_Muni":"מועצה אזורית","CR_PNIM":"5552","CR_LAMAS":" ","Machoz":"צפון","Hearot":"השכבה אינה סטטוטורית באופן מלא.","Eshkol_MPn":"אשכול רשויות גליל מערבי","Sign_Date":1656288000000,"Tikun1":null,"Tikun2":null,"Tikun3":null,"Tikun4":null,"Tikun5":null,"Tikun6":null,"Tikun7":null,"Tikun8":null,"Tikun9":null,"Tikun10":null,"Tikun11":null,"Tikun12":null,"Tikun13":null,"Tikun14":null,"Tikun15":null,"Precision_":"מקור וקטורי חתום","FIRST_Nafa":"עכו","LAST_Nafa2":" ","Shape_Leng":19477.5102641,"Shape_Area":8338775.63702,"Shape__Area":11903222.499023438,"Shape__Length":23256.657806741587}},{"type":"Feature","id":336,"geometry":{"type":"Polygon","coordinates":[[[35.260408,33.036908],[35.257412,33.037282],[35.256564,33.038281],[35.252796,33.037375],[35.251713,33.037907],[35.251306,33.036089],[35.248773,33.035222],[35.248358,33.034025],[35.24692,33.033516],[35.244087,33.034401],[35.243156,33.032716],[35.239485,33.033384],[35.23993,33.036562],[35.237235,33.03769],[35.237033,33.038623],[35.235145,33.038605],[35.235163,33.040968],[35.236363,33.04101],[35.236363,33.043116],[35.234382,33.043788],[35.231793,33.043052],[35.231953,33.047438],[35.231338,33.047776],[35.227595,33.046066],[35.224624,33.046883],[35.223143,33.044655],[35.216948,33.042174],[35.213775,33.042396],[35.213417,33.047025],[35.217112,33.049798],[35.217079,33.05238],[35.21616,33.052923],[35.217558,33.054643],[35.219674,33.05515],[35.222295,33.058412],[35.222803,33.060422],[35.223626,33.060677],[35.224475,33.064328],[35.223107,33.068277],[35.223938,33.07083],[35.225644,33.06914],[35.238062,33.067676],[35.239945,33.065495],[35.241667,33.065534],[35.253239,33.07027],[35.254757,33.073126],[35.258814,33.075181],[35.260101,33.075063],[35.26387,33.08141],[35.279823,33.10072],[35.287797,33.105666],[35.29324,33.107902],[35.294635,33.108023],[35.299458,33.104992],[35.300937,33.100478],[35.309336,33.100755],[35.317144,33.105],[35.324623,33.095726],[35.320764,33.087782],[35.325182,33.081874],[35.334019,33.076349],[35.335277,33.072887],[35.337404,33.071192],[35.337106,33.07001],[35.338744,33.068003],[35.343811,33.065383],[35.348026,33.059753],[35.353076,33.057735],[35.378222,33.055011],[35.377348,33.053562],[35.377624,33.05051],[35.380252,33.047428],[35.379759,33.044457],[35.378284,33.043452],[35.372979,33.043865],[35.367271,33.041085],[35.364804,33.038899],[35.364578,33.037521],[35.365449,33.036503],[35.36491,33.036204],[35.361061,33.037094],[35.356679,33.033674],[35.355368,33.03356],[35.354148,33.033601],[35.353039,33.034984],[35.349041,33.034787],[35.346339,33.03581],[35.339363,33.033012],[35.338891,33.026884],[35.335473,33.028424],[35.33096,33.025207],[35.333222,33.023033],[35.33279,33.022644],[35.329883,33.023735],[35.326622,33.022297],[35.326694,33.017172],[35.325082,33.016327],[35.325788,33.013017],[35.324191,33.010866],[35.325633,33.006612],[35.327953,33.005045],[35.327212,32.998173],[35.318679,32.998292],[35.315328,32.996204],[35.314065,32.993963],[35.313083,32.994518],[35.314334,32.995361],[35.312462,32.996983],[35.311542,32.996556],[35.312688,32.995042],[35.310865,32.994263],[35.303909,32.995611],[35.302984,32.991362],[35.304905,32.987625],[35.301394,32.98758],[35.301085,32.986442],[35.299803,32.986279],[35.295174,32.986706],[35.295905,32.988204],[35.293771,32.994],[35.291675,32.994148],[35.292446,32.995595],[35.289441,32.997063],[35.289469,32.998013],[35.284862,32.99907],[35.285347,33.001102],[35.286714,33.002151],[35.285303,33.002697],[35.287623,33.005577],[35.285967,33.006428],[35.291372,33.009365],[35.295421,33.005952],[35.298969,33.007781],[35.302328,33.007898],[35.304963,33.006727],[35.305558,33.008254],[35.307723,33.009766],[35.306318,33.011615],[35.30619,33.017679],[35.304888,33.019579],[35.299652,33.020505],[35.299056,33.015686],[35.296712,33.01455],[35.297744,33.010833],[35.293707,33.009227],[35.292851,33.010031],[35.294205,33.011471],[35.294309,33.013565],[35.293851,33.015024],[35.292094,33.015282],[35.291461,33.016824],[35.291811,33.019395],[35.293901,33.020291],[35.291578,33.022613],[35.29196,33.024184],[35.295729,33.026045],[35.295478,33.024006],[35.29912,33.02388],[35.300732,33.022036],[35.302778,33.022335],[35.304114,33.023777],[35.305606,33.021638],[35.307769,33.022277],[35.308217,33.021353],[35.307418,33.020236],[35.310067,33.018807],[35.310757,33.021461],[35.310497,33.029969],[35.308105,33.034292],[35.30482,33.036533],[35.30579,33.0376],[35.308977,33.038199],[35.31331,33.037846],[35.313797,33.038549],[35.312826,33.040186],[35.32205,33.038378],[35.324548,33.038847],[35.325943,33.037795],[35.328161,33.039743],[35.328662,33.041791],[35.330424,33.043425],[35.329019,33.043707],[35.331381,33.049848],[35.329216,33.052229],[35.327336,33.053063],[35.327061,33.056783],[35.323039,33.058683],[35.323067,33.061363],[35.317338,33.060825],[35.315678,33.062863],[35.317123,33.065076],[35.315297,33.069604],[35.302633,33.066355],[35.297839,33.066216],[35.282362,33.057418],[35.283167,33.053857],[35.285077,33.053564],[35.285624,33.052525],[35.284779,33.05133],[35.285374,33.049811],[35.284432,33.048749],[35.285562,33.0463],[35.28536,33.044697],[35.291215,33.045613],[35.291629,33.044242],[35.294866,33.043034],[35.293367,33.041633],[35.291292,33.037078],[35.287985,33.033781],[35.286071,33.034009],[35.286132,33.029619],[35.280546,33.029864],[35.280323,33.027141],[35.278092,33.029275],[35.271801,33.028545],[35.269457,33.029472],[35.268214,33.028416],[35.267283,33.0346],[35.262363,33.036967],[35.260408,33.036908]]]},"properties":{"FID":336,"Muni_Heb":"מעלה יוסף","Muni_Eng":"Ma'ale Yosef","Sug_Muni":"מועצה אזורית","CR_PNIM":"5552","CR_LAMAS":" ","Machoz":"צפון","Hearot":"השכבה אינה סטטוטורית באופן מלא.","Eshkol_MPn":"אשכול רשויות גליל מערבי","Sign_Date":1656288000000,"Tikun1":null,"Tikun2":null,"Tikun3":null,"Tikun4":null,"Tikun5":null,"Tikun6":null,"Tikun7":null,"Tikun8":null,"Tikun9":null,"Tikun10":null,"Tikun11":null,"Tikun12":null,"Tikun13":null,"Tikun14":null,"Tikun15":null,"Precision_":"מקור וקטורי חתום","FIRST_Nafa":"עכו","LAST_Nafa2":" ","Shape_Leng":86617.4952758,"Shape_Area":71838336.64,"Shape__Area":102536375.75488281,"Shape__Length":103462.62403644416}},{"type":"Feature","id":337,"geometry":{"type":"Polygon","coordinates":[[[35.1619,32.540976],[35.16217,32.539675],[35.157976,32.539992],[35.15632,32.537467],[35.155776,32.538085],[35.153882,32.537732],[35.154866,32.536377],[35.153446,32.537494],[35.151715,32.537492],[35.15281,32.53852],[35.151508,32.53949],[35.152675,32.540329],[35.149491,32.542795],[35.148675,32.545467],[35.145266,32.550358],[35.145438,32.551854],[35.142944,32.552896],[35.142172,32.554346],[35.143708,32.556907],[35.148046,32.560025],[35.167261,32.562899],[35.171048,32.561322],[35.172242,32.562134],[35.171722,32.558708],[35.167183,32.555018],[35.165899,32.555336],[35.165299,32.553171],[35.163305,32.55196],[35.164494,32.551531],[35.159956,32.551754],[35.160706,32.550851],[35.161974,32.550819],[35.162508,32.549549],[35.159308,32.544547],[35.161358,32.544006],[35.160928,32.543321],[35.1619,32.540976]]]},"properties":{"FID":337,"Muni_Heb":"מעלה עירון","Muni_Eng":"Ma'ale I'ron","Sug_Muni":"מועצה מקומית","CR_PNIM":"1327","CR_LAMAS":"1327","Machoz":"חיפה","Hearot":"השכבה אינה סטטוטורית באופן מלא.","Eshkol_MPn":" ","Sign_Date":1124928000000,"Tikun1":null,"Tikun2":null,"Tikun3":null,"Tikun4":null,"Tikun5":null,"Tikun6":null,"Tikun7":null,"Tikun8":null,"Tikun9":null,"Tikun10":null,"Tikun11":null,"Tikun12":null,"Tikun13":null,"Tikun14":null,"Tikun15":null,"Precision_":"מקור וקטורי חתום","FIRST_Nafa":"חדרה","LAST_Nafa2":" ","Shape_Leng":11678.6928167,"Shape_Area":4155800.57965,"Shape__Area":5865735.130859375,"Shape__Length":13871.856339749016}},{"type":"Feature","id":338,"geometry":{"type":"Polygon","coordinates":[[[35.186663,32.555443],[35.186264,32.554007],[35.187153,32.552559],[35.194189,32.551806],[35.19594,32.549455],[35.192874,32.549601],[35.190754,32.544954],[35.188066,32.544131],[35.18433,32.544001],[35.177546,32.545282],[35.174835,32.544309],[35.173909,32.545426],[35.174302,32.546321],[35.18103,32.550459],[35.181598,32.552038],[35.181007,32.552935],[35.184353,32.555112],[35.186663,32.555443]]]},"properties":{"FID":338,"Muni_Heb":"מעלה עירון","Muni_Eng":"Ma'ale I'ron","Sug_Muni":"מועצה מקומית","CR_PNIM":"1327","CR_LAMAS":"1327","Machoz":"חיפה","Hearot":"השכבה אינה סטטוטורית באופן מלא.","Eshkol_MPn":" ","Sign_Date":1124928000000,"Tikun1":null,"Tikun2":null,"Tikun3":null,"Tikun4":null,"Tikun5":null,"Tikun6":null,"Tikun7":null,"Tikun8":null,"Tikun9":null,"Tikun10":null,"Tikun11":null,"Tikun12":null,"Tikun13":null,"Tikun14":null,"Tikun15":null,"Precision_":"מקור וקטורי חתום","FIRST_Nafa":"חדרה","LAST_Nafa2":" ","Shape_Leng":5986.92431307,"Shape_Area":1333639.05375,"Shape__Area":1882232.1103515625,"Shape__Length":7108.7805633109574}},{"type":"Feature","id":339,"geometry":{"type":"Polygon","coordinates":[[[35.198193,32.548201],[35.203956,32.545259],[35.203329,32.542091],[35.209208,32.542626],[35.204686,32.541947],[35.204572,32.541334],[35.203161,32.541789],[35.203001,32.540821],[35.201021,32.539821],[35.199871,32.540111],[35.200047,32.540686],[35.198357,32.540235],[35.198381,32.541082],[35.19475,32.542727],[35.196311,32.547771],[35.197656,32.547425],[35.198193,32.548201]]]},"properties":{"FID":339,"Muni_Heb":"מעלה עירון","Muni_Eng":"Ma'ale I'ron","Sug_Muni":"מועצה מקומית","CR_PNIM":"1327","CR_LAMAS":"1327","Machoz":"חיפה","Hearot":"השכבה אינה סטטוטורית באופן מלא.","Eshkol_MPn":" ","Sign_Date":1124928000000,"Tikun1":null,"Tikun2":null,"Tikun3":null,"Tikun4":null,"Tikun5":null,"Tikun6":null,"Tikun7":null,"Tikun8":null,"Tikun9":null,"Tikun10":null,"Tikun11":null,"Tikun12":null,"Tikun13":null,"Tikun14":null,"Tikun15":null,"Precision_":"מקור וקטורי חתום","FIRST_Nafa":"חדרה","LAST_Nafa2":" ","Shape_Leng":4536.98827845,"Shape_Area":544055.513098,"Shape__Area":767769.197265625,"Shape__Length":5387.5652354275526}},{"type":"Feature","id":340,"geometry":{"type":"Polygon","coordinates":[[[35.249674,33.014486],[35.251405,33.014242],[35.250306,33.014184],[35.250878,33.013349],[35.250115,33.012851],[35.252977,33.010144],[35.256336,33.010026],[35.25598,33.011135],[35.257619,33.011294],[35.25736,33.009318],[35.258991,33.008791],[35.260358,33.007171],[35.26608,33.011604],[35.265697,33.01386],[35.267596,33.015631],[35.265974,33.016562],[35.266113,33.017642],[35.268682,33.017617],[35.268319,33.016621],[35.269654,33.016276],[35.270017,33.017179],[35.27073,33.016985],[35.272257,33.020711],[35.2723,33.021475],[35.270834,33.022403],[35.269418,33.020323],[35.270793,33.022659],[35.27077,33.024616],[35.269033,33.025935],[35.268024,33.028324],[35.268751,33.028451],[35.268568,33.029353],[35.271801,33.028545],[35.277589,33.029322],[35.280205,33.027422],[35.279885,33.026061],[35.281832,33.025826],[35.281932,33.025046],[35.287541,33.025946],[35.29361,33.020894],[35.293898,33.020104],[35.29171,33.019237],[35.291461,33.016824],[35.292094,33.015282],[35.293851,33.015024],[35.294309,33.013565],[35.294205,33.011471],[35.292851,33.010031],[35.293707,33.009227],[35.297744,33.010833],[35.296712,33.01455],[35.299056,33.015686],[35.299652,33.020505],[35.304888,33.019579],[35.305664,33.018746],[35.306318,33.011615],[35.307723,33.009766],[35.305558,33.008254],[35.304963,33.006727],[35.302328,33.007898],[35.298969,33.007781],[35.295421,33.005952],[35.291372,33.009365],[35.285967,33.006428],[35.287623,33.005577],[35.285303,33.002697],[35.286714,33.002151],[35.285347,33.001102],[35.284862,32.99907],[35.279641,33.001535],[35.279653,32.999428],[35.277155,32.999948],[35.274298,32.999128],[35.272656,33.00005],[35.270999,32.999844],[35.267008,33.001954],[35.260003,33.002514],[35.252353,33.007924],[35.236528,33.008789],[35.237803,33.014126],[35.244649,33.013843],[35.245331,33.014555],[35.248832,33.013854],[35.249674,33.014486]]]},"properties":{"FID":340,"Muni_Heb":"מעלות - תרשיחא","Muni_Eng":"Ma'alot - Tarshiha","Sug_Muni":"עירייה","CR_PNIM":"1063","CR_LAMAS":"1063","Machoz":"צפון","Hearot":"השכבה אינה סטטוטורית באופן מלא.","Eshkol_MPn":"אשכול רשויות גליל מערבי","Sign_Date":1478563200000,"Tikun1":null,"Tikun2":null,"Tikun3":null,"Tikun4":null,"Tikun5":null,"Tikun6":null,"Tikun7":null,"Tikun8":null,"Tikun9":null,"Tikun10":null,"Tikun11":null,"Tikun12":null,"Tikun13":null,"Tikun14":null,"Tikun15":null,"Precision_":"מקור וקטורי חתום","FIRST_Nafa":"עכו","LAST_Nafa2":" ","Shape_Leng":26893.0373723,"Shape_Area":9183157.58953,"Shape__Area":13095222.321289063,"Shape__Length":32107.888336856042}},{"type":"Feature","id":341,"geometry":{"type":"Polygon","coordinates":[[[35.187924,33.008943],[35.190243,33.008481],[35.188102,33.007355],[35.183733,33.006859],[35.184493,33.007151],[35.18361,33.007431],[35.184192,33.008655],[35.187924,33.008943]]]},"properties":{"FID":341,"Muni_Heb":"מעלות - תרשיחא","Muni_Eng":"Ma'alot - Tarshiha","Sug_Muni":"עירייה","CR_PNIM":"1063","CR_LAMAS":"1063","Machoz":"צפון","Hearot":"השכבה אינה סטטוטורית באופן מלא.","Eshkol_MPn":"אשכול רשויות גליל מערבי","Sign_Date":1478563200000,"Tikun1":null,"Tikun2":null,"Tikun3":null,"Tikun4":null,"Tikun5":null,"Tikun6":null,"Tikun7":null,"Tikun8":null,"Tikun9":null,"Tikun10":null,"Tikun11":null,"Tikun12":null,"Tikun13":null,"Tikun14":null,"Tikun15":null,"Precision_":"מקור וקטורי חתום","FIRST_Nafa":"עכו","LAST_Nafa2":" ","Shape_Leng":1634.23214975,"Shape_Area":77419.7014565,"Shape__Area":110389.3798828125,"Shape__Length":1948.6866493666812}},{"type":"Feature","id":342,"geometry":{"type":"Polygon","coordinates":[[[35.355461,32.936847],[35.361569,32.936023],[35.361699,32.933255],[35.35977,32.930963],[35.351676,32.927507],[35.349063,32.928961],[35.349255,32.930623],[35.345465,32.928581],[35.344952,32.92896],[35.343534,32.93222],[35.355461,32.936847]]]},"properties":{"FID":342,"Muni_Heb":"מרום הגליל","Muni_Eng":"Merom Hagalil","Sug_Muni":"מועצה אזורית","CR_PNIM":"5502","CR_LAMAS":" ","Machoz":"צפון","Hearot":"השכבה אינה סטטוטורית באופן מלא.","Eshkol_MPn":"אשכול רשויות גליל מזרחי","Sign_Date":1608508800000,"Tikun1":null,"Tikun2":null,"Tikun3":null,"Tikun4":null,"Tikun5":null,"Tikun6":null,"Tikun7":null,"Tikun8":null,"Tikun9":null,"Tikun10":null,"Tikun11":null,"Tikun12":null,"Tikun13":null,"Tikun14":null,"Tikun15":null,"Precision_":"מקור וקטורי חתום","FIRST_Nafa":"צפת","LAST_Nafa2":"עכו","Shape_Leng":4976.68283644,"Shape_Area":1074677.48234,"Shape__Area":1529731.673828125,"Shape__Length":5934.688961207291}},{"type":"Feature","id":343,"geometry":{"type":"Polygon","coordinates":[[[35.339238,32.952763],[35.340792,32.953315],[35.352033,32.950351],[35.352192,32.952599],[35.352795,32.952037],[35.354453,32.953095],[35.356351,32.9502],[35.35566,32.950068],[35.356499,32.948941],[35.356488,32.946231],[35.358318,32.945191],[35.358994,32.943676],[35.353466,32.944072],[35.350872,32.944928],[35.35109,32.945705],[35.345174,32.9475],[35.335148,32.947606],[35.334208,32.946215],[35.329852,32.94546],[35.326242,32.950682],[35.325625,32.953539],[35.332262,32.952315],[35.339238,32.952763]]]},"properties":{"FID":343,"Muni_Heb":"מרום הגליל","Muni_Eng":"Merom Hagalil","Sug_Muni":"מועצה אזורית","CR_PNIM":"5502","CR_LAMAS":" ","Machoz":"צפון","Hearot":"השכבה אינה סטטוטורית באופן מלא.","Eshkol_MPn":"אשכול רשויות גליל מזרחי","Sign_Date":1608508800000,"Tikun1":null,"Tikun2":null,"Tikun3":null,"Tikun4":null,"Tikun5":null,"Tikun6":null,"Tikun7":null,"Tikun8":null,"Tikun9":null,"Tikun10":null,"Tikun11":null,"Tikun12":null,"Tikun13":null,"Tikun14":null,"Tikun15":null,"Precision_":"מקור וקטורי חתום","FIRST_Nafa":"צפת","LAST_Nafa2":"עכו","Shape_Leng":8717.50324163,"Shape_Area":1820252.59427,"Shape__Area":2591985.7763671875,"Shape__Length":10394.477150928235}},{"type":"Feature","id":344,"geometry":{"type":"Polygon","coordinates":[[[35.371612,33.017561],[35.378224,33.017477],[35.385016,33.01891],[35.391011,33.016542],[35.392909,33.015252],[35.393757,33.013214],[35.392928,33.011707],[35.391978,33.012],[35.386001,33.009294],[35.378798,33.007645],[35.378365,33.006308],[35.376034,33.004843],[35.367119,33.004033],[35.36383,33.005116],[35.362246,33.004867],[35.362005,33.00578],[35.367137,33.01132],[35.366695,33.014154],[35.367708,33.014449],[35.36613,33.015492],[35.366789,33.0159],[35.36616,33.019046],[35.371612,33.017561]]]},"properties":{"FID":344,"Muni_Heb":"מרום הגליל","Muni_Eng":"Merom Hagalil","Sug_Muni":"מועצה אזורית","CR_PNIM":"5502","CR_LAMAS":" ","Machoz":"צפון","Hearot":"השכבה אינה סטטוטורית באופן מלא.","Eshkol_MPn":"אשכול רשויות גליל מזרחי","Sign_Date":1608508800000,"Tikun1":null,"Tikun2":null,"Tikun3":null,"Tikun4":null,"Tikun5":null,"Tikun6":null,"Tikun7":null,"Tikun8":null,"Tikun9":null,"Tikun10":null,"Tikun11":null,"Tikun12":null,"Tikun13":null,"Tikun14":null,"Tikun15":null,"Precision_":"מקור וקטורי חתום","FIRST_Nafa":"צפת","LAST_Nafa2":"עכו","Shape_Leng":8466.33578742,"Shape_Area":2987634.66774,"Shape__Area":4260289.216796875,"Shape__Length":10101.885399753583}},{"type":"Feature","id":345,"geometry":{"type":"Polygon","coordinates":[[[35.418705,33.064222],[35.419996,33.058706],[35.418182,33.05661],[35.415132,33.054828],[35.414344,33.045947],[35.412483,33.044044],[35.413008,33.042577],[35.41606,33.040454],[35.415951,33.039384],[35.411108,33.032976],[35.408643,33.035155],[35.409585,33.037121],[35.408496,33.037612],[35.406133,33.036424],[35.406116,33.03118],[35.405344,33.03091],[35.40399,33.031565],[35.404397,33.037721],[35.403018,33.035213],[35.401944,33.035365],[35.401809,33.039643],[35.397154,33.044524],[35.394592,33.044734],[35.393691,33.045634],[35.393705,33.046566],[35.395244,33.047767],[35.39464,33.048723],[35.395562,33.049269],[35.396154,33.051245],[35.387092,33.055782],[35.386123,33.059876],[35.383786,33.061326],[35.395696,33.060861],[35.418705,33.064222]]]},"properties":{"FID":345,"Muni_Heb":"מרום הגליל","Muni_Eng":"Merom Hagalil","Sug_Muni":"מועצה אזורית","CR_PNIM":"5502","CR_LAMAS":" ","Machoz":"צפון","Hearot":"השכבה אינה סטטוטורית באופן מלא.","Eshkol_MPn":"אשכול רשויות גליל מזרחי","Sign_Date":1608508800000,"Tikun1":null,"Tikun2":null,"Tikun3":null,"Tikun4":null,"Tikun5":null,"Tikun6":null,"Tikun7":null,"Tikun8":null,"Tikun9":null,"Tikun10":null,"Tikun11":null,"Tikun12":null,"Tikun13":null,"Tikun14":null,"Tikun15":null,"Precision_":"מקור וקטורי חתום","FIRST_Nafa":"צפת","LAST_Nafa2":"עכו","Shape_Leng":14419.8071762,"Shape_Area":6037334.75787,"Shape__Area":8616633.4853515625,"Shape__Length":17229.003583717051}},{"type":"Feature","id":346,"geometry":{"type":"Polygon","coordinates":[[[35.483372,33.076332],[35.482465,33.076181],[35.48123,33.07782],[35.476748,33.080399],[35.46426,33.078748],[35.460432,33.082534],[35.450494,33.082551],[35.44409,33.085449],[35.442359,33.084766],[35.44581,33.09066],[35.463054,33.093036],[35.489782,33.092455],[35.494951,33.091457],[35.495599,33.087112],[35.498795,33.085254],[35.497701,33.08137],[35.494447,33.079066],[35.48973,33.078753],[35.487068,33.075496],[35.487627,33.074941],[35.490769,33.074793],[35.492099,33.074103],[35.491924,33.072754],[35.494904,33.072742],[35.496344,33.071513],[35.497626,33.072092],[35.498503,33.071497],[35.50482,33.074857],[35.505738,33.074455],[35.511704,33.076423],[35.514575,33.075362],[35.51562,33.073496],[35.518286,33.072532],[35.519681,33.07067],[35.522655,33.068995],[35.523549,33.066083],[35.528615,33.06059],[35.533194,33.058867],[35.534574,33.055631],[35.536269,33.054423],[35.542448,33.05193],[35.540631,33.048624],[35.54079,33.047555],[35.543612,33.041909],[35.548157,33.039173],[35.546755,33.037044],[35.541242,33.034866],[35.535258,33.035639],[35.530921,33.034386],[35.528972,33.032471],[35.525547,33.032012],[35.521598,33.026824],[35.522911,33.025545],[35.523931,33.021141],[35.522825,33.019683],[35.522781,33.017836],[35.518048,33.011191],[35.514985,33.009896],[35.517865,33.005869],[35.515171,32.998777],[35.515978,32.997358],[35.516947,32.998069],[35.517515,32.997709],[35.51699,32.997195],[35.519114,32.997016],[35.519137,32.997756],[35.522879,32.999201],[35.523808,33.001252],[35.525026,33.001065],[35.526273,32.998611],[35.529257,32.997652],[35.528823,32.995511],[35.530541,32.994479],[35.530496,32.993586],[35.52822,32.991606],[35.528875,32.989992],[35.527113,32.987174],[35.525963,32.986521],[35.523519,32.986802],[35.524299,32.983792],[35.519523,32.986499],[35.518357,32.988465],[35.509472,32.988125],[35.508189,32.987484],[35.507967,32.984616],[35.504967,32.980937],[35.503921,32.976043],[35.502661,32.976219],[35.500622,32.974589],[35.499015,32.975434],[35.497924,32.975098],[35.49661,32.975996],[35.497183,32.976836],[35.496592,32.978252],[35.493836,32.975001],[35.492841,32.975542],[35.486879,32.972927],[35.482813,32.972712],[35.481859,32.973293],[35.479827,32.971167],[35.475092,32.969927],[35.472544,32.971823],[35.471455,32.980047],[35.458216,32.983983],[35.456688,32.983518],[35.455392,32.979566],[35.455589,32.978548],[35.458596,32.976298],[35.4642,32.97656],[35.46205,32.973955],[35.459617,32.967223],[35.464359,32.965639],[35.475641,32.966214],[35.477071,32.9633],[35.479352,32.96381],[35.479686,32.960611],[35.484045,32.954996],[35.482567,32.953618],[35.482044,32.951507],[35.481305,32.950849],[35.479979,32.951402],[35.47865,32.94956],[35.478609,32.939672],[35.47798,32.937949],[35.479311,32.935881],[35.479121,32.933715],[35.480115,32.931454],[35.483974,32.932939],[35.486159,32.931927],[35.484389,32.926459],[35.483471,32.925863],[35.484509,32.923696],[35.483381,32.920573],[35.480254,32.922701],[35.478756,32.921094],[35.477444,32.919337],[35.478032,32.918358],[35.4763,32.917221],[35.477782,32.913695],[35.47897,32.912993],[35.476185,32.911666],[35.471563,32.904412],[35.467199,32.903121],[35.467097,32.89478],[35.468435,32.894631],[35.467898,32.892253],[35.472433,32.890977],[35.473319,32.889628],[35.472848,32.888933],[35.477095,32.888394],[35.478801,32.887375],[35.476693,32.886219],[35.475785,32.880753],[35.473807,32.879939],[35.474004,32.878507],[35.476372,32.878417],[35.479033,32.876659],[35.479226,32.872802],[35.481742,32.871417],[35.482072,32.8721],[35.486578,32.872259],[35.487292,32.869859],[35.485957,32.869787],[35.485946,32.868121],[35.489877,32.866694],[35.490493,32.867427],[35.496049,32.866111],[35.497029,32.866602],[35.503127,32.864905],[35.503303,32.862714],[35.50145,32.862096],[35.49829,32.858027],[35.495193,32.858613],[35.494544,32.859956],[35.492366,32.861398],[35.490149,32.861508],[35.488767,32.860498],[35.486357,32.860484],[35.485543,32.85953],[35.486345,32.858596],[35.485957,32.85707],[35.484247,32.857382],[35.480725,32.856376],[35.477252,32.857939],[35.470796,32.859196],[35.464375,32.858886],[35.457306,32.864246],[35.456041,32.86008],[35.453821,32.857568],[35.451999,32.856308],[35.448913,32.857957],[35.447585,32.855877],[35.446136,32.855744],[35.444745,32.856578],[35.445068,32.857525],[35.44614,32.857209],[35.446821,32.859102],[35.447934,32.859369],[35.442282,32.860513],[35.441162,32.862169],[35.441775,32.862637],[35.440928,32.86446],[35.434422,32.866482],[35.431528,32.86844],[35.431308,32.863711],[35.426937,32.857632],[35.424702,32.858669],[35.423791,32.861003],[35.420521,32.861193],[35.419771,32.864781],[35.41779,32.865365],[35.417618,32.866841],[35.41861,32.867636],[35.418443,32.870257],[35.415778,32.874909],[35.415221,32.877466],[35.417566,32.877988],[35.417394,32.876066],[35.418774,32.872831],[35.42011,32.872838],[35.422084,32.871452],[35.424131,32.874579],[35.425351,32.87493],[35.425898,32.877275],[35.430388,32.876019],[35.43375,32.876662],[35.434922,32.879446],[35.434186,32.880412],[35.435674,32.881958],[35.432635,32.88413],[35.433436,32.885076],[35.431398,32.888831],[35.43486,32.888334],[35.435521,32.89019],[35.429505,32.890608],[35.42967,32.892621],[35.428814,32.892606],[35.429627,32.894642],[35.426721,32.896183],[35.427533,32.897528],[35.424108,32.898872],[35.41825,32.899479],[35.415536,32.899383],[35.415681,32.898856],[35.411742,32.899334],[35.410733,32.897997],[35.410389,32.898814],[35.407648,32.899546],[35.407894,32.898369],[35.39884,32.897617],[35.394649,32.899185],[35.389273,32.898645],[35.387172,32.899739],[35.38977,32.894341],[35.388511,32.891414],[35.379353,32.892134],[35.379888,32.89556],[35.378144,32.896015],[35.376199,32.894844],[35.37542,32.89617],[35.377198,32.89909],[35.376487,32.899254],[35.376187,32.90528],[35.386417,32.90876],[35.385898,32.91191],[35.387697,32.910904],[35.388026,32.91178],[35.385147,32.916333],[35.385517,32.916988],[35.389323,32.914692],[35.394974,32.912866],[35.402082,32.913432],[35.404959,32.917845],[35.406886,32.917043],[35.408787,32.92385],[35.412506,32.927815],[35.412676,32.930231],[35.415394,32.93368],[35.414899,32.935426],[35.412245,32.931762],[35.409338,32.931183],[35.40825,32.931506],[35.406353,32.934077],[35.405498,32.933616],[35.404471,32.934954],[35.396782,32.936888],[35.397386,32.937972],[35.395748,32.937603],[35.391461,32.939411],[35.390886,32.941093],[35.387229,32.941575],[35.386945,32.942313],[35.388416,32.944959],[35.392229,32.946969],[35.39397,32.949863],[35.394696,32.949564],[35.394344,32.948054],[35.39594,32.947031],[35.395575,32.944819],[35.396595,32.943965],[35.399296,32.945965],[35.401175,32.946286],[35.405116,32.944526],[35.407573,32.945286],[35.41172,32.945011],[35.411494,32.93838],[35.416479,32.93897],[35.418222,32.94255],[35.41984,32.943856],[35.420012,32.94676],[35.423379,32.95081],[35.426185,32.950443],[35.427961,32.9485],[35.431217,32.946925],[35.43597,32.946691],[35.436487,32.951925],[35.434496,32.955952],[35.435537,32.956401],[35.435185,32.958603],[35.439348,32.961224],[35.437697,32.961399],[35.437667,32.962122],[35.432985,32.961276],[35.428398,32.961981],[35.426705,32.96971],[35.429156,32.971275],[35.429507,32.972972],[35.428784,32.974601],[35.429336,32.97551],[35.422907,32.977806],[35.422158,32.985934],[35.422608,32.989906],[35.416802,32.992665],[35.415894,32.994487],[35.416423,32.9952],[35.410994,32.996654],[35.411047,32.998417],[35.406691,32.999095],[35.411443,32.999517],[35.410001,33.005396],[35.41657,33.006855],[35.417632,33.006657],[35.417929,33.005378],[35.419148,33.005371],[35.419436,33.007574],[35.423044,33.007381],[35.424422,33.011399],[35.429124,33.013842],[35.430398,33.013752],[35.431572,33.015995],[35.432486,33.016076],[35.432661,33.014979],[35.435247,33.015676],[35.437263,33.017689],[35.445741,33.01646],[35.447928,33.01734],[35.452247,33.016667],[35.453932,33.020692],[35.458714,33.023709],[35.460981,33.026643],[35.462166,33.028707],[35.461563,33.030553],[35.45749,33.030386],[35.455906,33.029427],[35.452779,33.030106],[35.451473,33.032366],[35.449891,33.031618],[35.450327,33.03353],[35.448538,33.036336],[35.449885,33.036723],[35.449621,33.038204],[35.449063,33.03876],[35.448234,33.038231],[35.447189,33.039304],[35.446158,33.038881],[35.438727,33.043044],[35.443087,33.044014],[35.443371,33.046137],[35.446543,33.046307],[35.447146,33.047976],[35.455633,33.053357],[35.45682,33.054938],[35.463277,33.054252],[35.467443,33.056579],[35.469717,33.05904],[35.469735,33.061745],[35.470607,33.062924],[35.478536,33.069911],[35.480419,33.074757],[35.483372,33.076332]]]},"properties":{"FID":346,"Muni_Heb":"מרום הגליל","Muni_Eng":"Merom Hagalil","Sug_Muni":"מועצה אזורית","CR_PNIM":"5502","CR_LAMAS":" ","Machoz":"צפון","Hearot":"השכבה אינה סטטוטורית באופן מלא.","Eshkol_MPn":"אשכול רשויות גליל מזרחי","Sign_Date":1608508800000,"Tikun1":null,"Tikun2":null,"Tikun3":null,"Tikun4":null,"Tikun5":null,"Tikun6":null,"Tikun7":null,"Tikun8":null,"Tikun9":null,"Tikun10":null,"Tikun11":null,"Tikun12":null,"Tikun13":null,"Tikun14":null,"Tikun15":null,"Precision_":"מקור וקטורי חתום","FIRST_Nafa":"צפת","LAST_Nafa2":"עכו","Shape_Leng":142593.636906,"Shape_Area":166108034.631,"Shape__Area":236670419.23046875,"Shape__Length":170167.77044948781}},{"type":"Feature","id":347,"geometry":{"type":"Polygon","coordinates":[[[34.611762,31.404758],[34.611119,31.406623],[34.612069,31.407175],[34.613307,31.400856],[34.611762,31.404758]]]},"properties":{"FID":347,"Muni_Heb":"מרחבים","Muni_Eng":"Merhavim","Sug_Muni":"מועצה אזורית","CR_PNIM":"5542","CR_LAMAS":" ","Machoz":"דרום","Hearot":"השכבה אינה סטטוטורית באופן מלא.","Eshkol_MPn":"אשכול רשויות נגב מערבי","Sign_Date":1614729600000,"Tikun1":null,"Tikun2":null,"Tikun3":null,"Tikun4":null,"Tikun5":null,"Tikun6":null,"Tikun7":null,"Tikun8":null,"Tikun9":null,"Tikun10":null,"Tikun11":null,"Tikun12":null,"Tikun13":null,"Tikun14":null,"Tikun15":null,"Precision_":"מקור וקטורי חתום","FIRST_Nafa":"באר שבע","LAST_Nafa2":" ","Shape_Leng":1503.82090603,"Shape_Area":58014.5842522,"Shape__Area":79875.044921875,"Shape__Length":1767.8466969418946}},{"type":"Feature","id":348,"geometry":{"type":"Polygon","coordinates":[[[34.631266,31.357911],[34.642179,31.345793],[34.65127,31.342051],[34.654709,31.336145],[34.661509,31.332061],[34.672097,31.331029],[34.683534,31.333412],[34.69005,31.331017],[34.695906,31.331226],[34.699257,31.329754],[34.702974,31.323525],[34.701961,31.317498],[34.7023,31.315215],[34.704697,31.309758],[34.709354,31.303953],[34.70964,31.300306],[34.706361,31.297803],[34.701694,31.298893],[34.698564,31.296062],[34.698525,31.294731],[34.700022,31.292995],[34.698617,31.292904],[34.698344,31.291729],[34.69617,31.290073],[34.695721,31.288453],[34.698774,31.275512],[34.69236,31.271088],[34.693772,31.264081],[34.693812,31.256312],[34.700854,31.256443],[34.70063,31.246199],[34.6988,31.240415],[34.694236,31.241775],[34.693737,31.239009],[34.691203,31.238312],[34.691863,31.235288],[34.698525,31.235391],[34.699261,31.232792],[34.697774,31.229576],[34.698885,31.227311],[34.694118,31.221795],[34.693473,31.219631],[34.691666,31.218156],[34.68858,31.217266],[34.682158,31.21296],[34.681507,31.215995],[34.680482,31.21467],[34.680862,31.212331],[34.668429,31.206701],[34.667049,31.203749],[34.667123,31.20203],[34.664342,31.201378],[34.662691,31.199529],[34.665605,31.199264],[34.668319,31.197409],[34.670892,31.197064],[34.673252,31.194151],[34.678109,31.19325],[34.682893,31.189141],[34.685519,31.189355],[34.686783,31.188261],[34.68724,31.185543],[34.700719,31.178303],[34.742052,31.199164],[34.741539,31.206307],[34.758586,31.196294],[34.7624,31.194857],[34.769116,31.194629],[34.779823,31.195825],[34.788085,31.193175],[34.793378,31.192635],[34.803966,31.195811],[34.806761,31.186811],[34.807202,31.178345],[34.803857,31.164511],[34.804883,31.157818],[34.738186,31.157543],[34.73832,31.130275],[34.647307,31.137398],[34.646711,31.137961],[34.62534,31.138683],[34.621907,31.136644],[34.618101,31.14155],[34.583971,31.165394],[34.585607,31.166493],[34.5794,31.172054],[34.584484,31.175844],[34.586445,31.180418],[34.583519,31.181374],[34.584828,31.18429],[34.584292,31.18503],[34.582966,31.184795],[34.581959,31.186502],[34.582944,31.188161],[34.584932,31.18857],[34.584394,31.189709],[34.579872,31.190999],[34.56797,31.192024],[34.561716,31.195839],[34.551649,31.198152],[34.547283,31.202697],[34.547021,31.206888],[34.538206,31.210655],[34.537824,31.211222],[34.539615,31.212063],[34.537487,31.21799],[34.536587,31.218707],[34.531913,31.220964],[34.528105,31.218381],[34.525526,31.221713],[34.520408,31.224028],[34.517146,31.22735],[34.512162,31.228166],[34.510898,31.230068],[34.512055,31.230404],[34.512187,31.231285],[34.510824,31.233165],[34.510614,31.23641],[34.511658,31.23663],[34.510759,31.237339],[34.510776,31.239668],[34.509499,31.241432],[34.501547,31.24168],[34.497712,31.243138],[34.496791,31.244874],[34.490111,31.244407],[34.488665,31.246554],[34.48952,31.247758],[34.488892,31.249314],[34.492855,31.251283],[34.498568,31.251533],[34.499007,31.256216],[34.498572,31.257025],[34.494543,31.258206],[34.492985,31.259967],[34.493656,31.261562],[34.496995,31.262956],[34.495103,31.265266],[34.494255,31.269052],[34.492776,31.271477],[34.491605,31.271855],[34.488841,31.269541],[34.488348,31.270358],[34.488319,31.272738],[34.49106,31.27717],[34.490822,31.278725],[34.48921,31.279592],[34.485123,31.279553],[34.483296,31.280566],[34.483548,31.282423],[34.485336,31.284089],[34.487524,31.284725],[34.487861,31.285783],[34.485032,31.2875],[34.486266,31.291123],[34.48397,31.29529],[34.485081,31.29744],[34.484749,31.30411],[34.486054,31.308984],[34.485685,31.310025],[34.449486,31.312085],[34.451809,31.314718],[34.446561,31.316539],[34.449196,31.320782],[34.449811,31.323895],[34.450907,31.325159],[34.454796,31.323811],[34.455775,31.32497],[34.45529,31.326556],[34.458516,31.325473],[34.457579,31.328491],[34.459623,31.330926],[34.461223,31.326114],[34.46378,31.325956],[34.462709,31.324566],[34.462517,31.322561],[34.484015,31.321827],[34.485658,31.322138],[34.484177,31.322505],[34.483883,31.325223],[34.485248,31.326499],[34.486966,31.326595],[34.491088,31.324512],[34.49082,31.323727],[34.49315,31.323349],[34.510336,31.335621],[34.514548,31.331685],[34.500946,31.322166],[34.497039,31.318475],[34.500194,31.317928],[34.498486,31.316729],[34.498241,31.314435],[34.496814,31.314646],[34.497509,31.313111],[34.500704,31.312024],[34.505019,31.308275],[34.508148,31.307983],[34.507946,31.306832],[34.510341,31.305341],[34.509226,31.30466],[34.507253,31.305057],[34.507062,31.304505],[34.507918,31.304345],[34.507161,31.303474],[34.503434,31.303761],[34.502526,31.301906],[34.503501,31.30104],[34.502856,31.299475],[34.506675,31.298276],[34.505049,31.293312],[34.506847,31.292681],[34.505729,31.290278],[34.539587,31.278165],[34.541539,31.283219],[34.536919,31.295623],[34.538227,31.298447],[34.542217,31.297033],[34.544234,31.301444],[34.546958,31.300521],[34.549628,31.30655],[34.542843,31.308848],[34.54258,31.308311],[34.543546,31.307944],[34.543146,31.304824],[34.544795,31.304216],[34.544726,31.303492],[34.541382,31.303683],[34.53101,31.307713],[34.530681,31.308319],[34.537541,31.31162],[34.535096,31.312584],[34.535857,31.314395],[34.534006,31.315056],[34.535417,31.318725],[34.533193,31.319041],[34.522952,31.337131],[34.523437,31.337967],[34.522102,31.340292],[34.520939,31.340634],[34.516946,31.34609],[34.513305,31.346507],[34.505092,31.341449],[34.500787,31.345651],[34.489148,31.360151],[34.498571,31.371944],[34.494511,31.373857],[34.491553,31.37768],[34.489072,31.378767],[34.488897,31.380476],[34.495307,31.379476],[34.498725,31.377277],[34.502415,31.376979],[34.503678,31.375575],[34.509007,31.376662],[34.518901,31.371917],[34.519889,31.370416],[34.523598,31.371845],[34.52521,31.371023],[34.527908,31.371898],[34.53154,31.368152],[34.531299,31.366334],[34.532246,31.365358],[34.536781,31.366268],[34.54046,31.364251],[34.544209,31.364965],[34.550694,31.363625],[34.556063,31.364413],[34.561306,31.366475],[34.567586,31.362023],[34.571101,31.361527],[34.574276,31.359067],[34.576427,31.358718],[34.583539,31.361139],[34.583029,31.362507],[34.583797,31.364033],[34.588371,31.366218],[34.587092,31.367312],[34.587382,31.368813],[34.589255,31.369728],[34.59367,31.368956],[34.594022,31.370812],[34.598553,31.37288],[34.600227,31.375592],[34.602982,31.377736],[34.608609,31.378542],[34.613725,31.377635],[34.616351,31.380152],[34.613702,31.386488],[34.617267,31.387293],[34.616725,31.397969],[34.618645,31.398788],[34.618165,31.400826],[34.618833,31.400802],[34.618793,31.402845],[34.628554,31.40326],[34.628087,31.40577],[34.629803,31.407374],[34.629065,31.40436],[34.629925,31.402333],[34.631157,31.403149],[34.630521,31.415775],[34.626508,31.416318],[34.636841,31.423127],[34.636738,31.42607],[34.629816,31.42965],[34.638296,31.442479],[34.637164,31.443583],[34.637579,31.447836],[34.633793,31.450581],[34.635596,31.452976],[34.635522,31.453924],[34.637508,31.453027],[34.639006,31.453346],[34.64022,31.455229],[34.637914,31.458138],[34.638203,31.460921],[34.636941,31.462958],[34.633281,31.462613],[34.625847,31.464843],[34.622844,31.46452],[34.621329,31.465886],[34.616825,31.467554],[34.615884,31.465772],[34.614741,31.465697],[34.612348,31.468622],[34.615195,31.471369],[34.614042,31.472054],[34.612329,31.471366],[34.611843,31.472253],[34.609894,31.471133],[34.608976,31.472103],[34.610731,31.473384],[34.61565,31.474402],[34.617659,31.475811],[34.618943,31.479643],[34.620652,31.481572],[34.614954,31.485982],[34.61665,31.488729],[34.619207,31.487543],[34.622116,31.487479],[34.623413,31.491633],[34.623506,31.494889],[34.624399,31.495154],[34.626278,31.492931],[34.626564,31.494593],[34.627293,31.494773],[34.631546,31.492415],[34.633373,31.49292],[34.637363,31.486683],[34.638655,31.482659],[34.637968,31.481379],[34.644042,31.482719],[34.645036,31.484244],[34.645941,31.483374],[34.649146,31.48341],[34.652008,31.482432],[34.652515,31.483129],[34.649972,31.485022],[34.646117,31.4915],[34.64812,31.491233],[34.652244,31.49362],[34.652822,31.491791],[34.656782,31.491149],[34.658934,31.494131],[34.659762,31.492109],[34.662367,31.491158],[34.662005,31.494624],[34.659542,31.495442],[34.662875,31.496749],[34.665174,31.496129],[34.665991,31.494121],[34.670917,31.495678],[34.674361,31.493584],[34.680797,31.49171],[34.682333,31.489763],[34.68239,31.488207],[34.684184,31.487129],[34.684878,31.485502],[34.687136,31.485083],[34.687044,31.484433],[34.688393,31.485309],[34.688681,31.483805],[34.693107,31.48326],[34.690753,31.481244],[34.691559,31.47873],[34.69454,31.474675],[34.693566,31.471119],[34.693978,31.469245],[34.691859,31.468333],[34.690008,31.470104],[34.688345,31.469187],[34.689152,31.468349],[34.686858,31.466175],[34.684772,31.46638],[34.682023,31.464938],[34.683835,31.46452],[34.682351,31.463529],[34.67587,31.466188],[34.675989,31.46775],[34.677464,31.469506],[34.676947,31.470791],[34.674721,31.473928],[34.67018,31.475659],[34.670719,31.473601],[34.668636,31.472086],[34.667315,31.468763],[34.669847,31.462734],[34.670451,31.462644],[34.670481,31.46367],[34.672976,31.463673],[34.672994,31.461968],[34.674399,31.460454],[34.67942,31.462101],[34.680944,31.459541],[34.683257,31.458201],[34.685413,31.458045],[34.689423,31.460201],[34.690797,31.458676],[34.694743,31.4607],[34.697651,31.45805],[34.708763,31.456997],[34.711256,31.456094],[34.713692,31.456732],[34.715645,31.459167],[34.722658,31.462653],[34.724138,31.462116],[34.723641,31.459247],[34.722333,31.457683],[34.724652,31.456458],[34.725577,31.456954],[34.726108,31.455828],[34.72461,31.454348],[34.727988,31.451757],[34.730066,31.451254],[34.732923,31.444726],[34.732838,31.442116],[34.731122,31.441942],[34.716794,31.442456],[34.710434,31.443916],[34.703464,31.43888],[34.701039,31.435346],[34.702258,31.434542],[34.698917,31.432296],[34.697454,31.433047],[34.693305,31.430312],[34.692247,31.431095],[34.69078,31.429993],[34.693393,31.426938],[34.689384,31.424108],[34.692872,31.420665],[34.692413,31.419385],[34.693503,31.418217],[34.691421,31.41475],[34.688318,31.413094],[34.686374,31.407954],[34.685645,31.408093],[34.687994,31.402058],[34.682503,31.39416],[34.681778,31.390885],[34.680153,31.389011],[34.675555,31.388463],[34.67415,31.389136],[34.674343,31.390282],[34.66995,31.389502],[34.668174,31.390079],[34.665983,31.387985],[34.662317,31.389459],[34.660214,31.388147],[34.654414,31.390292],[34.651836,31.389023],[34.649572,31.3889],[34.647751,31.389755],[34.645669,31.392627],[34.642933,31.393086],[34.640323,31.39222],[34.639189,31.390046],[34.637291,31.389026],[34.635098,31.386205],[34.63212,31.386012],[34.630825,31.388136],[34.629012,31.388214],[34.619561,31.383508],[34.618366,31.381159],[34.615829,31.379315],[34.621292,31.368812],[34.631266,31.357911]],[[34.630468,31.291481],[34.632709,31.290215],[34.635597,31.289972],[34.655045,31.292566],[34.661931,31.297938],[34.667132,31.303177],[34.667497,31.304562],[34.666018,31.313831],[34.656584,31.313974],[34.645516,31.316456],[34.637178,31.319678],[34.638418,31.321803],[34.633349,31.323522],[34.631084,31.32538],[34.627529,31.325042],[34.625219,31.326133],[34.620563,31.322805],[34.604856,31.317672],[34.612794,31.291378],[34.630468,31.291481]]]},"properties":{"FID":348,"Muni_Heb":"מרחבים","Muni_Eng":"Merhavim","Sug_Muni":"מועצה אזורית","CR_PNIM":"5542","CR_LAMAS":" ","Machoz":"דרום","Hearot":"השכבה אינה סטטוטורית באופן מלא.","Eshkol_MPn":"אשכול רשויות נגב מערבי","Sign_Date":1614729600000,"Tikun1":null,"Tikun2":null,"Tikun3":null,"Tikun4":null,"Tikun5":null,"Tikun6":null,"Tikun7":null,"Tikun8":null,"Tikun9":null,"Tikun10":null,"Tikun11":null,"Tikun12":null,"Tikun13":null,"Tikun14":null,"Tikun15":null,"Precision_":"מקור וקטורי חתום","FIRST_Nafa":"באר שבע","LAST_Nafa2":" ","Shape_Leng":257966.927035,"Shape_Area":490047004.389,"Shape__Area":672920403.8671875,"Shape__Length":302326.28784201515}},{"type":"Feature","id":349,"geometry":{"type":"Polygon","coordinates":[[[35.202212,32.828586],[35.202524,32.829562],[35.201357,32.830779],[35.198631,32.831786],[35.199116,32.834365],[35.196915,32.834747],[35.197084,32.835879],[35.196182,32.835889],[35.196152,32.836965],[35.193226,32.836557],[35.189218,32.837378],[35.190032,32.838278],[35.18998,32.839991],[35.190446,32.839517],[35.191467,32.840406],[35.194052,32.838926],[35.191912,32.841638],[35.193544,32.841825],[35.195862,32.840446],[35.198205,32.843254],[35.201366,32.841463],[35.200995,32.84081],[35.204187,32.838442],[35.205634,32.837655],[35.207593,32.837862],[35.209003,32.833672],[35.208425,32.830916],[35.206095,32.82841],[35.202212,32.828586]]]},"properties":{"FID":349,"Muni_Heb":"משגב","Muni_Eng":"Misgav","Sug_Muni":"מועצה אזורית","CR_PNIM":"5556","CR_LAMAS":" ","Machoz":"צפון","Hearot":"השכבה אינה סטטוטורית באופן מלא.","Eshkol_MPn":"אשכול רשויות בית הכרם הגלילי","Sign_Date":1608508800000,"Tikun1":null,"Tikun2":null,"Tikun3":null,"Tikun4":null,"Tikun5":null,"Tikun6":null,"Tikun7":null,"Tikun8":null,"Tikun9":null,"Tikun10":null,"Tikun11":null,"Tikun12":null,"Tikun13":null,"Tikun14":null,"Tikun15":null,"Precision_":"מקור וקטורי חתום","FIRST_Nafa":"עכו","LAST_Nafa2":" ","Shape_Leng":7017.3807474,"Shape_Area":1431769.28277,"Shape__Area":2033649.0302734375,"Shape__Length":8363.0460759311682}},{"type":"Feature","id":350,"geometry":{"type":"Polygon","coordinates":[[[35.316912,32.904767],[35.317156,32.906867],[35.318942,32.909654],[35.321891,32.910658],[35.32208,32.909057],[35.323475,32.908628],[35.325652,32.911893],[35.333051,32.910173],[35.336045,32.911944],[35.336288,32.913531],[35.338503,32.913713],[35.342784,32.91326],[35.342337,32.912127],[35.344778,32.912375],[35.344382,32.911761],[35.346589,32.911034],[35.346977,32.912358],[35.346215,32.913701],[35.347437,32.915355],[35.347202,32.917692],[35.352776,32.916995],[35.353559,32.918438],[35.358495,32.918469],[35.358509,32.920012],[35.360231,32.919435],[35.360967,32.920221],[35.36215,32.923987],[35.362856,32.924216],[35.362464,32.925145],[35.364353,32.924958],[35.364062,32.923545],[35.365423,32.923058],[35.365485,32.921971],[35.368395,32.922237],[35.368837,32.921338],[35.374128,32.922618],[35.374587,32.92184],[35.37768,32.921989],[35.378052,32.921236],[35.376887,32.921013],[35.37755,32.919807],[35.379144,32.920056],[35.380021,32.922634],[35.383528,32.922481],[35.38303,32.923905],[35.384961,32.924173],[35.385342,32.925171],[35.390015,32.923833],[35.390185,32.924486],[35.392691,32.924822],[35.396464,32.922843],[35.397081,32.923647],[35.40251,32.920144],[35.404564,32.917119],[35.402082,32.913432],[35.394974,32.912866],[35.389323,32.914692],[35.385517,32.916988],[35.385147,32.916333],[35.388026,32.91178],[35.387697,32.910904],[35.385898,32.91191],[35.386417,32.90876],[35.376187,32.90528],[35.376487,32.899254],[35.377198,32.89909],[35.37542,32.89617],[35.375848,32.895225],[35.378144,32.896015],[35.379888,32.89556],[35.379185,32.890604],[35.381427,32.887927],[35.383332,32.887991],[35.389067,32.882324],[35.388662,32.881796],[35.389353,32.881245],[35.386983,32.878009],[35.385104,32.878441],[35.385371,32.877223],[35.387184,32.876904],[35.387815,32.874457],[35.385495,32.874116],[35.381868,32.872029],[35.376031,32.870744],[35.375987,32.87176],[35.375032,32.871646],[35.372946,32.87378],[35.373895,32.873355],[35.373545,32.875188],[35.371455,32.87535],[35.368812,32.877808],[35.366289,32.877148],[35.360309,32.87288],[35.35974,32.876174],[35.357589,32.87697],[35.346146,32.874433],[35.341701,32.87477],[35.341636,32.872441],[35.339604,32.871982],[35.331723,32.875717],[35.315723,32.878377],[35.315332,32.874736],[35.30943,32.872842],[35.301198,32.873422],[35.300518,32.874885],[35.298335,32.875895],[35.298703,32.877765],[35.300006,32.878448],[35.299188,32.878512],[35.291138,32.877658],[35.287272,32.876159],[35.283149,32.876105],[35.284105,32.875156],[35.284186,32.873464],[35.283183,32.872266],[35.281171,32.871723],[35.282597,32.86894],[35.281586,32.868851],[35.282299,32.86737],[35.279267,32.865393],[35.281693,32.8653],[35.282156,32.861557],[35.284558,32.860698],[35.287751,32.858163],[35.291511,32.858303],[35.299457,32.855212],[35.30134,32.853376],[35.301368,32.851637],[35.299565,32.85164],[35.299562,32.849666],[35.301175,32.848751],[35.301539,32.853371],[35.30591,32.853447],[35.30674,32.847608],[35.310098,32.846437],[35.311926,32.848208],[35.31343,32.848286],[35.319144,32.845624],[35.318834,32.844787],[35.319807,32.844942],[35.320898,32.841994],[35.326433,32.842251],[35.329134,32.841345],[35.32982,32.840049],[35.336014,32.839542],[35.340124,32.836854],[35.339887,32.838811],[35.342925,32.839214],[35.342235,32.841156],[35.348654,32.840266],[35.346688,32.841237],[35.349201,32.841892],[35.347069,32.842294],[35.346699,32.843338],[35.344765,32.843498],[35.344582,32.844352],[35.348529,32.844925],[35.346134,32.845613],[35.345827,32.846409],[35.348376,32.84689],[35.347708,32.848375],[35.350678,32.846843],[35.354397,32.8468],[35.354286,32.847537],[35.360216,32.847242],[35.358524,32.848625],[35.360512,32.850349],[35.360833,32.85238],[35.361789,32.852697],[35.360891,32.853852],[35.361495,32.854648],[35.366022,32.853703],[35.367911,32.851135],[35.370024,32.850544],[35.372182,32.850486],[35.373238,32.851764],[35.377326,32.851306],[35.380238,32.853994],[35.3795,32.855875],[35.383999,32.855465],[35.384183,32.85436],[35.386384,32.853412],[35.389718,32.856826],[35.391071,32.856956],[35.390963,32.858912],[35.393632,32.860087],[35.395477,32.858294],[35.394524,32.85726],[35.39514,32.856033],[35.392791,32.856078],[35.392964,32.855061],[35.389106,32.853707],[35.390446,32.853276],[35.390909,32.85051],[35.387213,32.848433],[35.388286,32.847529],[35.387672,32.846525],[35.384449,32.845778],[35.386885,32.843684],[35.390141,32.843889],[35.39316,32.845083],[35.392341,32.84279],[35.393398,32.842253],[35.394652,32.839043],[35.394215,32.838575],[35.397659,32.838046],[35.396248,32.835513],[35.396259,32.83356],[35.395094,32.834004],[35.393538,32.833328],[35.392848,32.830936],[35.391054,32.831958],[35.385342,32.83061],[35.385359,32.829959],[35.376192,32.833408],[35.371303,32.833729],[35.360739,32.82879],[35.358611,32.828785],[35.345667,32.824887],[35.342694,32.824647],[35.342072,32.82522],[35.341575,32.824336],[35.331242,32.822673],[35.324049,32.819996],[35.317558,32.819156],[35.310358,32.819633],[35.302421,32.817973],[35.299093,32.818237],[35.29497,32.814765],[35.2915,32.813205],[35.283315,32.813213],[35.284225,32.816756],[35.268764,32.81786],[35.260727,32.82016],[35.254111,32.820794],[35.252678,32.816221],[35.249597,32.816142],[35.243696,32.813357],[35.240292,32.813879],[35.236878,32.815473],[35.236084,32.811403],[35.237297,32.81028],[35.237683,32.808238],[35.239751,32.807101],[35.236843,32.805183],[35.237008,32.804223],[35.23831,32.804171],[35.237448,32.802756],[35.235673,32.802356],[35.239456,32.800857],[35.239341,32.798732],[35.236641,32.797302],[35.232555,32.797464],[35.231826,32.796795],[35.233451,32.794767],[35.230688,32.793233],[35.23031,32.794091],[35.22897,32.793961],[35.227783,32.796988],[35.227451,32.798942],[35.228967,32.800938],[35.227928,32.802553],[35.228367,32.805058],[35.227056,32.804564],[35.226538,32.801943],[35.224724,32.803869],[35.224309,32.803534],[35.226484,32.801271],[35.225427,32.79994],[35.226607,32.796379],[35.223579,32.797859],[35.221515,32.797351],[35.220056,32.79815],[35.217959,32.797501],[35.215266,32.800612],[35.215559,32.799432],[35.214521,32.798158],[35.215357,32.794746],[35.210732,32.796614],[35.208851,32.795272],[35.205594,32.798614],[35.204088,32.798454],[35.205296,32.80105],[35.201196,32.802856],[35.203892,32.803324],[35.202186,32.805402],[35.202579,32.806971],[35.201175,32.807897],[35.203154,32.808283],[35.202239,32.812779],[35.204041,32.814944],[35.203684,32.815332],[35.205756,32.81663],[35.206666,32.820673],[35.208579,32.820899],[35.2098,32.822484],[35.209416,32.824723],[35.210036,32.825497],[35.212122,32.82564],[35.214347,32.824174],[35.215199,32.821213],[35.218469,32.819025],[35.22111,32.819348],[35.221681,32.82014],[35.223447,32.819692],[35.224509,32.818377],[35.2272,32.81818],[35.229616,32.819466],[35.22926,32.822916],[35.225727,32.827238],[35.230462,32.834503],[35.232966,32.836558],[35.235516,32.843655],[35.233943,32.844587],[35.22934,32.843612],[35.22293,32.844854],[35.224827,32.846451],[35.232725,32.847282],[35.233046,32.850155],[35.224519,32.85725],[35.22085,32.859015],[35.221976,32.861575],[35.224853,32.861863],[35.224887,32.863047],[35.224228,32.863278],[35.224264,32.865595],[35.222144,32.872416],[35.219292,32.874561],[35.220041,32.8748],[35.219434,32.874862],[35.219233,32.876266],[35.219706,32.878811],[35.209772,32.881956],[35.20984,32.882968],[35.204064,32.88402],[35.203359,32.887182],[35.195083,32.890482],[35.195739,32.892266],[35.194905,32.894022],[35.197907,32.893023],[35.19841,32.895035],[35.204193,32.894556],[35.204407,32.897595],[35.205895,32.898769],[35.210251,32.897993],[35.210234,32.889623],[35.214132,32.891158],[35.221679,32.889954],[35.222511,32.888439],[35.221753,32.887335],[35.21799,32.88593],[35.223914,32.885511],[35.227007,32.882641],[35.229464,32.884725],[35.230395,32.883838],[35.232751,32.883851],[35.236352,32.885699],[35.241261,32.884369],[35.250476,32.884343],[35.254146,32.888909],[35.251719,32.890915],[35.249892,32.890901],[35.242213,32.895067],[35.230467,32.894479],[35.221625,32.897062],[35.222244,32.899799],[35.221148,32.900394],[35.221333,32.901246],[35.21262,32.90357],[35.210709,32.90257],[35.209857,32.903017],[35.209209,32.901984],[35.207129,32.90284],[35.204389,32.900463],[35.19494,32.898221],[35.192657,32.899025],[35.194621,32.904351],[35.191248,32.904937],[35.192053,32.90715],[35.191389,32.907597],[35.193417,32.908849],[35.193481,32.90975],[35.19546,32.910084],[35.19636,32.912183],[35.199555,32.910916],[35.199801,32.911526],[35.201093,32.911317],[35.203187,32.909645],[35.203403,32.907889],[35.204713,32.907165],[35.210486,32.909903],[35.220454,32.912982],[35.222041,32.914315],[35.225784,32.914507],[35.232895,32.907854],[35.237351,32.907529],[35.238677,32.906262],[35.241254,32.906689],[35.242289,32.906044],[35.243867,32.906527],[35.242734,32.908211],[35.243411,32.908634],[35.244681,32.907244],[35.249797,32.904943],[35.248271,32.90954],[35.250294,32.910018],[35.252403,32.90838],[35.253462,32.908786],[35.256513,32.906036],[35.257667,32.901466],[35.259562,32.901982],[35.263936,32.900783],[35.264367,32.90166],[35.267982,32.901165],[35.268473,32.900968],[35.267571,32.900168],[35.268804,32.898436],[35.269004,32.895988],[35.271038,32.89657],[35.27531,32.89361],[35.279693,32.895003],[35.282571,32.892655],[35.284148,32.893173],[35.285262,32.895283],[35.288746,32.894328],[35.289452,32.895261],[35.293841,32.896482],[35.294973,32.895967],[35.295909,32.893418],[35.299472,32.893446],[35.301542,32.894881],[35.300248,32.898478],[35.298864,32.899968],[35.299297,32.900357],[35.303469,32.900555],[35.305827,32.899822],[35.306589,32.899118],[35.305967,32.897886],[35.306656,32.896383],[35.308884,32.8956],[35.313968,32.896956],[35.315487,32.89763],[35.317948,32.900717],[35.315842,32.900752],[35.313152,32.904922],[35.31423,32.905816],[35.316469,32.903288],[35.316912,32.904767]],[[35.247532,32.819646],[35.249715,32.821241],[35.249567,32.822648],[35.253263,32.823411],[35.253569,32.822827],[35.256222,32.823018],[35.258055,32.825553],[35.258807,32.827164],[35.257674,32.831297],[35.261139,32.835842],[35.25897,32.837731],[35.258889,32.839697],[35.251571,32.836597],[35.244431,32.837735],[35.241168,32.836613],[35.24177,32.836197],[35.241229,32.833496],[35.242042,32.831721],[35.241555,32.825972],[35.242276,32.823412],[35.243558,32.822432],[35.244228,32.819637],[35.247532,32.819646]]]},"properties":{"FID":350,"Muni_Heb":"משגב","Muni_Eng":"Misgav","Sug_Muni":"מועצה אזורית","CR_PNIM":"5556","CR_LAMAS":" ","Machoz":"צפון","Hearot":"השכבה אינה סטטוטורית באופן מלא.","Eshkol_MPn":"אשכול רשויות בית הכרם הגלילי","Sign_Date":1608508800000,"Tikun1":null,"Tikun2":null,"Tikun3":null,"Tikun4":null,"Tikun5":null,"Tikun6":null,"Tikun7":null,"Tikun8":null,"Tikun9":null,"Tikun10":null,"Tikun11":null,"Tikun12":null,"Tikun13":null,"Tikun14":null,"Tikun15":null,"Precision_":"מקור וקטורי חתום","FIRST_Nafa":"עכו","LAST_Nafa2":" ","Shape_Leng":159692.644735,"Shape_Area":125802537.27,"Shape__Area":178799631.23730469,"Shape__Length":190303.12748087029}},{"type":"Feature","id":351,"geometry":{"type":"Polygon","coordinates":[[[35.298179,32.939588],[35.292565,32.938491],[35.283574,32.939148],[35.283348,32.938303],[35.278081,32.940435],[35.276474,32.939438],[35.270464,32.942783],[35.269165,32.944979],[35.271478,32.948433],[35.270343,32.949826],[35.270315,32.951291],[35.272048,32.953021],[35.272899,32.956682],[35.289041,32.950069],[35.298132,32.950093],[35.304319,32.949126],[35.305247,32.950064],[35.30469,32.951019],[35.305472,32.951375],[35.304827,32.95368],[35.311052,32.954024],[35.312513,32.954604],[35.311693,32.9555],[35.312246,32.955901],[35.313636,32.955839],[35.315496,32.9536],[35.317197,32.953817],[35.3174,32.951059],[35.316762,32.950635],[35.317887,32.948662],[35.317291,32.948074],[35.317424,32.943508],[35.31378,32.943992],[35.313438,32.945012],[35.310495,32.945093],[35.306285,32.944352],[35.30617,32.943201],[35.304089,32.942788],[35.299033,32.943089],[35.29905,32.942254],[35.297927,32.94197],[35.298179,32.939588]]]},"properties":{"FID":351,"Muni_Heb":"משגב","Muni_Eng":"Misgav","Sug_Muni":"מועצה אזורית","CR_PNIM":"5556","CR_LAMAS":" ","Machoz":"צפון","Hearot":"השכבה אינה סטטוטורית באופן מלא.","Eshkol_MPn":"אשכול רשויות בית הכרם הגלילי","Sign_Date":1608508800000,"Tikun1":null,"Tikun2":null,"Tikun3":null,"Tikun4":null,"Tikun5":null,"Tikun6":null,"Tikun7":null,"Tikun8":null,"Tikun9":null,"Tikun10":null,"Tikun11":null,"Tikun12":null,"Tikun13":null,"Tikun14":null,"Tikun15":null,"Precision_":"מקור וקטורי חתום","FIRST_Nafa":"עכו","LAST_Nafa2":" ","Shape_Leng":14211.527447,"Shape_Area":5341775.30541,"Shape__Area":7606131.1318359375,"Shape__Length":16947.57053040597}},{"type":"Feature","id":352,"geometry":{"type":"Polygon","coordinates":[[[35.251083,32.951223],[35.24961,32.955837],[35.250456,32.957409],[35.254127,32.956215],[35.255849,32.954551],[35.258846,32.954377],[35.260161,32.95066],[35.261069,32.950217],[35.260068,32.948613],[35.256116,32.94994],[35.254862,32.949247],[35.255592,32.941134],[35.254213,32.938605],[35.255094,32.936704],[35.254655,32.93322],[35.252454,32.930635],[35.251982,32.92847],[35.244519,32.925772],[35.228931,32.925127],[35.228402,32.924837],[35.231186,32.924212],[35.230884,32.923129],[35.233578,32.921892],[35.231752,32.919978],[35.232451,32.919277],[35.230534,32.918269],[35.227306,32.918037],[35.226314,32.915523],[35.222426,32.915239],[35.215126,32.917116],[35.213861,32.916432],[35.213444,32.913661],[35.215244,32.911863],[35.211955,32.911286],[35.206068,32.912216],[35.202688,32.913193],[35.202675,32.913959],[35.19638,32.915571],[35.191574,32.914344],[35.191097,32.915117],[35.18832,32.91455],[35.187341,32.915343],[35.185373,32.915189],[35.185283,32.912926],[35.17528,32.910797],[35.154639,32.912725],[35.153032,32.907756],[35.150031,32.908056],[35.14858,32.903558],[35.145974,32.903154],[35.145706,32.901321],[35.1424,32.90151],[35.141912,32.899222],[35.14105,32.899249],[35.140577,32.896316],[35.139165,32.896292],[35.138891,32.894625],[35.125066,32.897232],[35.124277,32.893551],[35.119088,32.894581],[35.119715,32.899246],[35.118061,32.90022],[35.120683,32.915434],[35.133788,32.912998],[35.146235,32.914481],[35.156258,32.912953],[35.158956,32.920038],[35.161078,32.932245],[35.168162,32.934153],[35.17503,32.931275],[35.176139,32.933004],[35.17848,32.932137],[35.178007,32.934014],[35.178839,32.934896],[35.18011,32.933034],[35.181125,32.934268],[35.183281,32.933469],[35.187974,32.934339],[35.189728,32.935644],[35.19207,32.93525],[35.193822,32.937561],[35.194372,32.936891],[35.197954,32.937125],[35.19949,32.939092],[35.195623,32.941377],[35.194793,32.940465],[35.193522,32.940571],[35.193439,32.943244],[35.195431,32.944424],[35.194894,32.945822],[35.195814,32.94639],[35.195624,32.948215],[35.209056,32.945732],[35.211979,32.943624],[35.214719,32.94415],[35.21759,32.942189],[35.220617,32.942294],[35.22376,32.941328],[35.224303,32.942044],[35.226157,32.941267],[35.226854,32.941891],[35.228253,32.940444],[35.23037,32.94123],[35.231721,32.94308],[35.232939,32.942982],[35.231109,32.947139],[35.233949,32.946358],[35.234985,32.947493],[35.238128,32.947591],[35.237849,32.948856],[35.240461,32.949288],[35.241262,32.950763],[35.250995,32.950595],[35.251083,32.951223]]]},"properties":{"FID":352,"Muni_Heb":"משגב","Muni_Eng":"Misgav","Sug_Muni":"מועצה אזורית","CR_PNIM":"5556","CR_LAMAS":" ","Machoz":"צפון","Hearot":"השכבה אינה סטטוטורית באופן מלא.","Eshkol_MPn":"אשכול רשויות בית הכרם הגלילי","Sign_Date":1608508800000,"Tikun1":null,"Tikun2":null,"Tikun3":null,"Tikun4":null,"Tikun5":null,"Tikun6":null,"Tikun7":null,"Tikun8":null,"Tikun9":null,"Tikun10":null,"Tikun11":null,"Tikun12":null,"Tikun13":null,"Tikun14":null,"Tikun15":null,"Precision_":"מקור וקטורי חתום","FIRST_Nafa":"עכו","LAST_Nafa2":" ","Shape_Leng":45889.5810328,"Shape_Area":30567835.0631,"Shape__Area":43504634.38671875,"Shape__Length":54719.943653664435}},{"type":"Feature","id":353,"geometry":{"type":"Polygon","coordinates":[[[35.329739,32.959522],[35.333545,32.960105],[35.337709,32.958578],[35.339238,32.952763],[35.334803,32.952179],[35.327397,32.953367],[35.328167,32.955183],[35.326659,32.954364],[35.325725,32.956319],[35.32497,32.955475],[35.324455,32.95614],[35.324963,32.957165],[35.326184,32.957673],[35.323999,32.960399],[35.329739,32.959522]]]},"properties":{"FID":353,"Muni_Heb":"משגב","Muni_Eng":"Misgav","Sug_Muni":"מועצה אזורית","CR_PNIM":"5556","CR_LAMAS":" ","Machoz":"צפון","Hearot":"השכבה אינה סטטוטורית באופן מלא.","Eshkol_MPn":"אשכול רשויות בית הכרם הגלילי","Sign_Date":1608508800000,"Tikun1":null,"Tikun2":null,"Tikun3":null,"Tikun4":null,"Tikun5":null,"Tikun6":null,"Tikun7":null,"Tikun8":null,"Tikun9":null,"Tikun10":null,"Tikun11":null,"Tikun12":null,"Tikun13":null,"Tikun14":null,"Tikun15":null,"Precision_":"מקור וקטורי חתום","FIRST_Nafa":"עכו","LAST_Nafa2":" ","Shape_Leng":4907.24302434,"Shape_Area":949566.09897,"Shape__Area":1352369.408203125,"Shape__Length":5852.3733700267367}},{"type":"Feature","id":354,"geometry":{"type":"Polygon","coordinates":[[[34.73832,31.130275],[34.738186,31.157543],[34.804751,31.157807],[34.805559,31.153508],[34.804764,31.137775],[34.812189,31.121266],[34.805468,31.119257],[34.783049,31.120435],[34.782399,31.123354],[34.73833,31.128078],[34.73832,31.130275]]]},"properties":{"FID":354,"Muni_Heb":"נאות חובב","Muni_Eng":"Neot Hovav","Sug_Muni":"מועצה מקומית תעשייתית","CR_PNIM":"1770","CR_LAMAS":"1770","Machoz":"דרום","Hearot":"השכבה אינה סטטוטורית באופן מלא.","Eshkol_MPn":" ","Sign_Date":1604275200000,"Tikun1":null,"Tikun2":null,"Tikun3":null,"Tikun4":null,"Tikun5":null,"Tikun6":null,"Tikun7":null,"Tikun8":null,"Tikun9":null,"Tikun10":null,"Tikun11":null,"Tikun12":null,"Tikun13":null,"Tikun14":null,"Tikun15":null,"Precision_":"מקור וקטורי חתום","FIRST_Nafa":"באר שבע","LAST_Nafa2":" ","Shape_Leng":21202.0171121,"Shape_Area":24646495.8038,"Shape__Area":33745272.303710938,"Shape__Length":24792.415886122089}},{"type":"Feature","id":355,"geometry":{"type":"Polygon","coordinates":[[[34.817521,31.157101],[34.818466,31.153773],[34.81207,31.151662],[34.810887,31.155664],[34.817521,31.157101]]]},"properties":{"FID":355,"Muni_Heb":"נאות חובב","Muni_Eng":"Neot Hovav","Sug_Muni":"מועצה מקומית תעשייתית","CR_PNIM":"1770","CR_LAMAS":"1770","Machoz":"דרום","Hearot":"השכבה אינה סטטוטורית באופן מלא.","Eshkol_MPn":" ","Sign_Date":1604275200000,"Tikun1":null,"Tikun2":null,"Tikun3":null,"Tikun4":null,"Tikun5":null,"Tikun6":null,"Tikun7":null,"Tikun8":null,"Tikun9":null,"Tikun10":null,"Tikun11":null,"Tikun12":null,"Tikun13":null,"Tikun14":null,"Tikun15":null,"Precision_":"מקור וקטורי חתום","FIRST_Nafa":"באר שבע","LAST_Nafa2":" ","Shape_Leng":2199.96698555,"Shape_Area":264700.390062,"Shape__Area":362551.6865234375,"Shape__Length":2573.7482635616348}},{"type":"Feature","id":356,"geometry":{"type":"Polygon","coordinates":[[[34.823924,31.151348],[34.828491,31.150896],[34.827367,31.145055],[34.831646,31.144402],[34.833124,31.140594],[34.830453,31.140772],[34.821164,31.13746],[34.820509,31.138585],[34.821058,31.146126],[34.823057,31.14611],[34.823924,31.151348]]]},"properties":{"FID":356,"Muni_Heb":"נאות חובב","Muni_Eng":"Neot Hovav","Sug_Muni":"מועצה מקומית תעשייתית","CR_PNIM":"1770","CR_LAMAS":"1770","Machoz":"דרום","Hearot":"השכבה אינה סטטוטורית באופן מלא.","Eshkol_MPn":" ","Sign_Date":1604275200000,"Tikun1":null,"Tikun2":null,"Tikun3":null,"Tikun4":null,"Tikun5":null,"Tikun6":null,"Tikun7":null,"Tikun8":null,"Tikun9":null,"Tikun10":null,"Tikun11":null,"Tikun12":null,"Tikun13":null,"Tikun14":null,"Tikun15":null,"Precision_":"מקור וקטורי חתום","FIRST_Nafa":"באר שבע","LAST_Nafa2":" ","Shape_Leng":4970.23355669,"Shape_Area":1001649.98747,"Shape__Area":1371628.8857421875,"Shape__Length":5817.7652579884289}},{"type":"Feature","id":357,"geometry":{"type":"Polygon","coordinates":[[[34.854516,31.094802],[34.841333,31.131555],[34.843433,31.134442],[34.856115,31.135209],[34.874569,31.140744],[34.881927,31.137583],[34.88975,31.138318],[34.913734,31.135084],[34.922719,31.136534],[34.926859,31.144269],[34.928854,31.145132],[34.941701,31.135859],[34.944867,31.134578],[34.946876,31.130433],[34.942236,31.122698],[34.942741,31.120839],[34.947919,31.113982],[34.946301,31.109429],[34.937236,31.102367],[34.923219,31.094241],[34.915012,31.090395],[34.883889,31.078987],[34.873955,31.080434],[34.87088,31.078512],[34.860435,31.079221],[34.854516,31.094802]]]},"properties":{"FID":357,"Muni_Heb":"נאות חובב","Muni_Eng":"Neot Hovav","Sug_Muni":"מועצה מקומית תעשייתית","CR_PNIM":"1770","CR_LAMAS":"1770","Machoz":"דרום","Hearot":"השכבה אינה סטטוטורית באופן מלא.","Eshkol_MPn":" ","Sign_Date":1604275200000,"Tikun1":null,"Tikun2":null,"Tikun3":null,"Tikun4":null,"Tikun5":null,"Tikun6":null,"Tikun7":null,"Tikun8":null,"Tikun9":null,"Tikun10":null,"Tikun11":null,"Tikun12":null,"Tikun13":null,"Tikun14":null,"Tikun15":null,"Precision_":"מקור וקטורי חתום","FIRST_Nafa":"באר שבע","LAST_Nafa2":" ","Shape_Leng":29686.7138534,"Shape_Area":50956717.7801,"Shape__Area":69733712.80078125,"Shape__Length":34713.744786332936}},{"type":"Feature","id":358,"geometry":{"type":"Polygon","coordinates":[[[35.095951,33.044506],[35.10203,33.043277],[35.106724,33.043577],[35.106909,33.041529],[35.104642,33.034016],[35.10419,33.026744],[35.106277,33.026505],[35.106142,33.025886],[35.113549,33.025656],[35.113397,33.024322],[35.116831,33.024028],[35.115845,33.015653],[35.112829,33.015137],[35.125034,33.0156],[35.124476,33.013917],[35.125983,33.013293],[35.121527,33.010314],[35.119822,33.008115],[35.118808,33.01368],[35.11827,33.013636],[35.119747,33.008067],[35.118781,33.007441],[35.111621,33.0086],[35.108999,33.000699],[35.105341,33.002396],[35.104773,33.00162],[35.102585,32.993872],[35.097412,32.995165],[35.096216,32.990621],[35.09678,32.990489],[35.096509,32.988019],[35.091093,32.987144],[35.077596,32.98897],[35.095951,33.044506]]]},"properties":{"FID":358,"Muni_Heb":"נהריה","Muni_Eng":"Nahariya","Sug_Muni":"עירייה","CR_PNIM":"9100","CR_LAMAS":"9100","Machoz":"צפון","Hearot":"השכבה אינה סטטוטורית באופן מלא.","Eshkol_MPn":" ","Sign_Date":1592438400000,"Tikun1":null,"Tikun2":null,"Tikun3":null,"Tikun4":null,"Tikun5":null,"Tikun6":null,"Tikun7":null,"Tikun8":null,"Tikun9":null,"Tikun10":null,"Tikun11":null,"Tikun12":null,"Tikun13":null,"Tikun14":null,"Tikun15":null,"Precision_":"מקור וקטורי חתום","FIRST_Nafa":"עכו","LAST_Nafa2":" ","Shape_Leng":22142.0152947,"Shape_Area":13127683.8075,"Shape__Area":18720222.522460938,"Shape__Length":26456.774387673664}},{"type":"Feature","id":359,"geometry":{"type":"Polygon","coordinates":[[[35.081859,33.040896],[35.081953,33.042052],[35.083974,33.042122],[35.084172,33.041578],[35.081859,33.040896]]]},"properties":{"FID":359,"Muni_Heb":"נהריה","Muni_Eng":"Nahariya","Sug_Muni":"עירייה","CR_PNIM":"9100","CR_LAMAS":"9100","Machoz":"צפון","Hearot":"השכבה אינה סטטוטורית באופן מלא.","Eshkol_MPn":" ","Sign_Date":1592438400000,"Tikun1":null,"Tikun2":null,"Tikun3":null,"Tikun4":null,"Tikun5":null,"Tikun6":null,"Tikun7":null,"Tikun8":null,"Tikun9":null,"Tikun10":null,"Tikun11":null,"Tikun12":null,"Tikun13":null,"Tikun14":null,"Tikun15":null,"Precision_":"מקור וקטורי חתום","FIRST_Nafa":"עכו","LAST_Nafa2":" ","Shape_Leng":630.077092038,"Shape_Area":22132.2183376,"Shape__Area":31581.1259765625,"Shape__Length":752.15742651541132}},{"type":"Feature","id":360,"geometry":{"type":"Polygon","coordinates":[[[35.189458,33.019693],[35.182156,33.019976],[35.180643,33.025424],[35.191634,33.024996],[35.190943,33.02053],[35.189458,33.019693]]]},"properties":{"FID":360,"Muni_Heb":"נהריה","Muni_Eng":"Nahariya","Sug_Muni":"עירייה","CR_PNIM":"9100","CR_LAMAS":"9100","Machoz":"צפון","Hearot":"השכבה אינה סטטוטורית באופן מלא.","Eshkol_MPn":" ","Sign_Date":1592438400000,"Tikun1":null,"Tikun2":null,"Tikun3":null,"Tikun4":null,"Tikun5":null,"Tikun6":null,"Tikun7":null,"Tikun8":null,"Tikun9":null,"Tikun10":null,"Tikun11":null,"Tikun12":null,"Tikun13":null,"Tikun14":null,"Tikun15":null,"Precision_":"מקור וקטורי חתום","FIRST_Nafa":"עכו","LAST_Nafa2":" ","Shape_Leng":3092.82445753,"Shape_Area":540232.602295,"Shape__Area":770547.2119140625,"Shape__Length":3691.5146887398873}},{"type":"Feature","id":361,"geometry":{"type":"Polygon","coordinates":[[[35.147751,33.003695],[35.14785,33.000797],[35.144622,33.002905],[35.145917,33.007378],[35.148107,33.006999],[35.147751,33.003695]]]},"properties":{"FID":361,"Muni_Heb":"נהריה","Muni_Eng":"Nahariya","Sug_Muni":"עירייה","CR_PNIM":"9100","CR_LAMAS":"9100","Machoz":"צפון","Hearot":"השכבה אינה סטטוטורית באופן מלא.","Eshkol_MPn":" ","Sign_Date":1592438400000,"Tikun1":null,"Tikun2":null,"Tikun3":null,"Tikun4":null,"Tikun5":null,"Tikun6":null,"Tikun7":null,"Tikun8":null,"Tikun9":null,"Tikun10":null,"Tikun11":null,"Tikun12":null,"Tikun13":null,"Tikun14":null,"Tikun15":null,"Precision_":"מקור וקטורי חתום","FIRST_Nafa":"עכו","LAST_Nafa2":" ","Shape_Leng":1829.88472209,"Shape_Area":136857.012824,"Shape__Area":195121.8154296875,"Shape__Length":2187.2396974515177}},{"type":"Feature","id":362,"geometry":{"type":"Polygon","coordinates":[[[34.747215,31.028922],[34.750428,31.030149],[34.750551,31.028466],[34.74974,31.028433],[34.749656,31.029348],[34.744357,31.027978],[34.743659,31.026494],[34.744093,31.027945],[34.740968,31.02772],[34.733647,31.024133],[34.731069,31.020744],[34.727754,31.019727],[34.728735,31.016686],[34.731669,31.012968],[34.73188,31.011395],[34.730716,31.014557],[34.728599,31.016674],[34.727631,31.019761],[34.723731,31.018745],[34.723767,31.013149],[34.715667,31.015451],[34.699952,31.014323],[34.697387,31.013064],[34.69396,31.018014],[34.689238,31.020995],[34.685633,31.025002],[34.685839,31.033631],[34.683021,31.038313],[34.685986,31.038702],[34.685997,31.036733],[34.684756,31.03601],[34.686319,31.031984],[34.703285,31.038864],[34.710629,31.029747],[34.723104,31.021644],[34.72372,31.018991],[34.7305,31.020839],[34.733516,31.024651],[34.735938,31.02566],[34.73511,31.026372],[34.736182,31.025751],[34.741196,31.028105],[34.747215,31.028922]]]},"properties":{"FID":362,"Muni_Heb":"נווה מדבר","Muni_Eng":"Neve Midbar","Sug_Muni":"מועצה אזורית","CR_PNIM":"5568","CR_LAMAS":" ","Machoz":"דרום","Hearot":"השכבה אינה סטטוטורית באופן מלא.","Eshkol_MPn":"אשכול רשויות נגב מזרחי","Sign_Date":1530057600000,"Tikun1":null,"Tikun2":null,"Tikun3":null,"Tikun4":null,"Tikun5":null,"Tikun6":null,"Tikun7":null,"Tikun8":null,"Tikun9":null,"Tikun10":null,"Tikun11":null,"Tikun12":null,"Tikun13":null,"Tikun14":null,"Tikun15":null,"Precision_":"מקור וקטורי חתום","FIRST_Nafa":"באר שבע","LAST_Nafa2":" ","Shape_Leng":21630.9065061,"Shape_Area":6517573.00396,"Shape__Area":8902570.6767578125,"Shape__Length":25273.891449841172}},{"type":"Feature","id":363,"geometry":{"type":"Polygon","coordinates":[[[34.990062,31.082524],[34.990104,31.063869],[34.980268,31.063662],[34.973785,31.069186],[34.976697,31.075932],[34.974922,31.084524],[34.976972,31.093317],[34.978378,31.096215],[34.982195,31.100003],[34.983124,31.098223],[34.984911,31.097404],[34.985025,31.095356],[34.9878,31.094758],[34.987707,31.093333],[34.99128,31.092215],[34.993507,31.094411],[34.994826,31.093668],[34.988696,31.088241],[34.988325,31.085853],[34.990062,31.082524]]]},"properties":{"FID":363,"Muni_Heb":"נווה מדבר","Muni_Eng":"Neve Midbar","Sug_Muni":"מועצה אזורית","CR_PNIM":"5568","CR_LAMAS":" ","Machoz":"דרום","Hearot":"השכבה אינה סטטוטורית באופן מלא.","Eshkol_MPn":"אשכול רשויות נגב מזרחי","Sign_Date":1530057600000,"Tikun1":null,"Tikun2":null,"Tikun3":null,"Tikun4":null,"Tikun5":null,"Tikun6":null,"Tikun7":null,"Tikun8":null,"Tikun9":null,"Tikun10":null,"Tikun11":null,"Tikun12":null,"Tikun13":null,"Tikun14":null,"Tikun15":null,"Precision_":"מקור וקטורי חתום","FIRST_Nafa":"באר שבע","LAST_Nafa2":" ","Shape_Leng":11029.4091109,"Shape_Area":4823207.03547,"Shape__Area":6596084.4462890625,"Shape__Length":12910.713011763375}},{"type":"Feature","id":364,"geometry":{"type":"Polygon","coordinates":[[[35.004712,31.130174],[35.008183,31.12797],[35.010037,31.125438],[35.008284,31.124751],[35.007304,31.123305],[35.005337,31.123361],[35.005949,31.122162],[35.005094,31.120498],[35.003816,31.120048],[35.002311,31.120739],[34.998195,31.115381],[34.99928,31.113906],[35.001497,31.113042],[35.001638,31.111657],[34.996798,31.109878],[34.993688,31.114608],[34.992134,31.114978],[34.991359,31.116376],[34.99171,31.117864],[34.993626,31.120001],[34.994592,31.118989],[34.995619,31.122867],[35.000259,31.12452],[35.004712,31.130174]]]},"properties":{"FID":364,"Muni_Heb":"נווה מדבר","Muni_Eng":"Neve Midbar","Sug_Muni":"מועצה אזורית","CR_PNIM":"5568","CR_LAMAS":" ","Machoz":"דרום","Hearot":"השכבה אינה סטטוטורית באופן מלא.","Eshkol_MPn":"אשכול רשויות נגב מזרחי","Sign_Date":1530057600000,"Tikun1":null,"Tikun2":null,"Tikun3":null,"Tikun4":null,"Tikun5":null,"Tikun6":null,"Tikun7":null,"Tikun8":null,"Tikun9":null,"Tikun10":null,"Tikun11":null,"Tikun12":null,"Tikun13":null,"Tikun14":null,"Tikun15":null,"Precision_":"מקור וקטורי חתום","FIRST_Nafa":"באר שבע","LAST_Nafa2":" ","Shape_Leng":7158.71897772,"Shape_Area":1469165.38897,"Shape__Area":2010875.0830078125,"Shape__Length":8376.7945114391041}},{"type":"Feature","id":365,"geometry":{"type":"Polygon","coordinates":[[[34.981116,31.156467],[34.984394,31.147272],[34.980402,31.141931],[34.981086,31.141484],[34.980005,31.140206],[34.979282,31.140653],[34.970617,31.132054],[34.971261,31.131503],[34.965374,31.126769],[34.959078,31.119522],[34.956451,31.126828],[34.953331,31.132578],[34.949424,31.138018],[34.94351,31.144251],[34.94898,31.15489],[34.951107,31.154285],[34.961162,31.155572],[34.972022,31.14921],[34.978349,31.155463],[34.981116,31.156467]]]},"properties":{"FID":365,"Muni_Heb":"נווה מדבר","Muni_Eng":"Neve Midbar","Sug_Muni":"מועצה אזורית","CR_PNIM":"5568","CR_LAMAS":" ","Machoz":"דרום","Hearot":"השכבה אינה סטטוטורית באופן מלא.","Eshkol_MPn":"אשכול רשויות נגב מזרחי","Sign_Date":1530057600000,"Tikun1":null,"Tikun2":null,"Tikun3":null,"Tikun4":null,"Tikun5":null,"Tikun6":null,"Tikun7":null,"Tikun8":null,"Tikun9":null,"Tikun10":null,"Tikun11":null,"Tikun12":null,"Tikun13":null,"Tikun14":null,"Tikun15":null,"Precision_":"מקור וקטורי חתום","FIRST_Nafa":"באר שבע","LAST_Nafa2":" ","Shape_Leng":13437.9773172,"Shape_Area":8409740.01377,"Shape__Area":11515798.0703125,"Shape__Length":15732.718261511454}},{"type":"Feature","id":366,"geometry":{"type":"Polygon","coordinates":[[[34.909388,31.200606],[34.909528,31.199936],[34.916228,31.196998],[34.916937,31.194152],[34.91881,31.192508],[34.920219,31.195252],[34.920591,31.198849],[34.919573,31.199357],[34.921869,31.198577],[34.920902,31.198605],[34.920503,31.194883],[34.91907,31.19228],[34.920751,31.190804],[34.926915,31.188497],[34.931112,31.191615],[34.932466,31.190661],[34.934562,31.191509],[34.935851,31.190652],[34.934752,31.190563],[34.934152,31.18991],[34.934726,31.189504],[34.936826,31.188553],[34.937317,31.189489],[34.939967,31.188],[34.939144,31.187289],[34.936936,31.187622],[34.939696,31.186145],[34.949642,31.185645],[34.957396,31.182968],[34.958475,31.184279],[34.958023,31.184635],[34.959951,31.18392],[34.959088,31.184128],[34.958096,31.182765],[34.960557,31.182151],[34.961444,31.183404],[34.962386,31.183068],[34.960808,31.181794],[34.965635,31.179796],[34.967926,31.174805],[34.963388,31.17392],[34.963993,31.17248],[34.962662,31.173349],[34.958234,31.170507],[34.946636,31.175001],[34.946179,31.173153],[34.94535,31.173433],[34.940544,31.1698],[34.93362,31.172321],[34.932657,31.171758],[34.929625,31.172395],[34.926431,31.165146],[34.921832,31.163345],[34.920757,31.16358],[34.917379,31.167827],[34.916286,31.170272],[34.91684,31.17141],[34.914108,31.172879],[34.914141,31.17492],[34.911822,31.176954],[34.910585,31.176812],[34.910966,31.178235],[34.905814,31.179363],[34.905456,31.181994],[34.90128,31.18313],[34.901766,31.184785],[34.901029,31.185535],[34.900872,31.188782],[34.903258,31.190555],[34.90413,31.193239],[34.906622,31.194566],[34.906279,31.195372],[34.907307,31.197731],[34.908438,31.198354],[34.909388,31.200606]]]},"properties":{"FID":366,"Muni_Heb":"נווה מדבר","Muni_Eng":"Neve Midbar","Sug_Muni":"מועצה אזורית","CR_PNIM":"5568","CR_LAMAS":" ","Machoz":"דרום","Hearot":"השכבה אינה סטטוטורית באופן מלא.","Eshkol_MPn":"אשכול רשויות נגב מזרחי","Sign_Date":1530057600000,"Tikun1":null,"Tikun2":null,"Tikun3":null,"Tikun4":null,"Tikun5":null,"Tikun6":null,"Tikun7":null,"Tikun8":null,"Tikun9":null,"Tikun10":null,"Tikun11":null,"Tikun12":null,"Tikun13":null,"Tikun14":null,"Tikun15":null,"Precision_":"מקור וקטורי חתום","FIRST_Nafa":"באר שבע","LAST_Nafa2":" ","Shape_Leng":23683.8659176,"Shape_Area":11501323.0804,"Shape__Area":15761954.76953125,"Shape__Length":27719.404470150374}},{"type":"Feature","id":367,"geometry":{"type":"Polygon","coordinates":[[[35.306519,32.768479],[35.311579,32.767216],[35.312766,32.765812],[35.311954,32.764243],[35.312476,32.764104],[35.314541,32.766053],[35.317448,32.766319],[35.319176,32.765543],[35.321444,32.762264],[35.320001,32.758779],[35.322646,32.75873],[35.324911,32.755251],[35.324645,32.754495],[35.327592,32.753591],[35.325398,32.751811],[35.321827,32.751185],[35.31825,32.752428],[35.318701,32.751765],[35.317991,32.751537],[35.319313,32.74968],[35.318707,32.749274],[35.316607,32.749795],[35.319057,32.749697],[35.314328,32.755903],[35.313073,32.755161],[35.312287,32.752243],[35.309197,32.75287],[35.30622,32.755565],[35.305318,32.758757],[35.30411,32.758741],[35.301715,32.760571],[35.301352,32.760078],[35.29691,32.7617],[35.291672,32.765661],[35.289714,32.768927],[35.28984,32.769623],[35.299236,32.769575],[35.306519,32.768479]]]},"properties":{"FID":367,"Muni_Heb":"נוף הגליל","Muni_Eng":"Nof Hagalil","Sug_Muni":"עירייה","CR_PNIM":"1061","CR_LAMAS":"1061","Machoz":"צפון","Hearot":"השכבה אינה סטטוטורית באופן מלא.","Eshkol_MPn":"אשכול רשויות הגליל והעמקים","Sign_Date":1608508800000,"Tikun1":null,"Tikun2":null,"Tikun3":null,"Tikun4":null,"Tikun5":null,"Tikun6":null,"Tikun7":null,"Tikun8":null,"Tikun9":null,"Tikun10":null,"Tikun11":null,"Tikun12":null,"Tikun13":null,"Tikun14":null,"Tikun15":null,"Precision_":"מקור וקטורי חתום","FIRST_Nafa":"יזרעאל","LAST_Nafa2":" ","Shape_Leng":11931.1586391,"Shape_Area":3562962.01889,"Shape__Area":5052305.6279296875,"Shape__Length":14202.172016358418}},{"type":"Feature","id":368,"geometry":{"type":"Polygon","coordinates":[[[35.30285,32.754244],[35.30264,32.755593],[35.303546,32.755785],[35.303585,32.754671],[35.305106,32.753352],[35.304578,32.752321],[35.305502,32.749124],[35.307184,32.74687],[35.306265,32.744207],[35.30361,32.746364],[35.304422,32.749595],[35.302402,32.752834],[35.30285,32.754244]]]},"properties":{"FID":368,"Muni_Heb":"נוף הגליל","Muni_Eng":"Nof Hagalil","Sug_Muni":"עירייה","CR_PNIM":"1061","CR_LAMAS":"1061","Machoz":"צפון","Hearot":"השכבה אינה סטטוטורית באופן מלא.","Eshkol_MPn":"אשכול רשויות הגליל והעמקים","Sign_Date":1608508800000,"Tikun1":null,"Tikun2":null,"Tikun3":null,"Tikun4":null,"Tikun5":null,"Tikun6":null,"Tikun7":null,"Tikun8":null,"Tikun9":null,"Tikun10":null,"Tikun11":null,"Tikun12":null,"Tikun13":null,"Tikun14":null,"Tikun15":null,"Precision_":"מקור וקטורי חתום","FIRST_Nafa":"יזרעאל","LAST_Nafa2":" ","Shape_Leng":2979.19509951,"Shape_Area":194498.778216,"Shape__Area":275729.29296875,"Shape__Length":3551.7970532625609}},{"type":"Feature","id":369,"geometry":{"type":"Polygon","coordinates":[[[35.383407,32.702506],[35.378715,32.699919],[35.376568,32.699991],[35.372946,32.698552],[35.369451,32.700625],[35.367876,32.699327],[35.364475,32.698421],[35.364339,32.696688],[35.363346,32.696048],[35.361838,32.696751],[35.360623,32.69625],[35.358364,32.69764],[35.354017,32.694222],[35.351091,32.693724],[35.350515,32.695417],[35.350333,32.693135],[35.352188,32.684811],[35.344236,32.68117],[35.342151,32.681119],[35.340799,32.682282],[35.335718,32.688753],[35.327241,32.689247],[35.321798,32.687435],[35.319661,32.687482],[35.315827,32.683935],[35.315987,32.682893],[35.311945,32.683869],[35.306213,32.683876],[35.305301,32.687019],[35.301636,32.69017],[35.304426,32.690455],[35.304431,32.691983],[35.302322,32.692723],[35.303017,32.695219],[35.304937,32.694567],[35.308142,32.696984],[35.309997,32.699565],[35.308816,32.69999],[35.308959,32.702471],[35.31117,32.701952],[35.313543,32.706613],[35.312374,32.708322],[35.306412,32.708925],[35.306679,32.71167],[35.311076,32.713858],[35.312153,32.713565],[35.312687,32.711814],[35.315524,32.712607],[35.31519,32.713859],[35.317074,32.713287],[35.317717,32.712151],[35.319977,32.711812],[35.322529,32.712553],[35.321924,32.713904],[35.323184,32.714742],[35.323277,32.716299],[35.326047,32.715216],[35.329029,32.718027],[35.330658,32.720964],[35.331628,32.720854],[35.330976,32.721683],[35.328608,32.721598],[35.328666,32.722477],[35.326738,32.723182],[35.327973,32.72417],[35.327412,32.724879],[35.329333,32.726509],[35.328238,32.727344],[35.327824,32.726942],[35.326652,32.730048],[35.325376,32.730405],[35.325241,32.734841],[35.327047,32.73256],[35.3293,32.733857],[35.342224,32.72916],[35.342771,32.730887],[35.344139,32.730599],[35.342021,32.732783],[35.342021,32.734686],[35.344562,32.734738],[35.345345,32.73655],[35.346369,32.736581],[35.35148,32.734793],[35.351306,32.738177],[35.354717,32.740326],[35.354578,32.740877],[35.360132,32.741345],[35.365749,32.7395],[35.369267,32.737341],[35.372053,32.736995],[35.379874,32.74002],[35.382926,32.739757],[35.383088,32.741756],[35.389993,32.742254],[35.394317,32.743998],[35.396651,32.743064],[35.395785,32.740011],[35.398293,32.739399],[35.401737,32.736393],[35.411506,32.735603],[35.412321,32.724751],[35.408726,32.724318],[35.405671,32.72586],[35.385766,32.727639],[35.384166,32.724557],[35.383007,32.724507],[35.376278,32.718623],[35.377033,32.713602],[35.379399,32.710748],[35.377355,32.708019],[35.382064,32.704604],[35.383407,32.702506]],[[35.363566,32.732139],[35.359923,32.731067],[35.357596,32.728626],[35.351152,32.727759],[35.345977,32.7258],[35.346394,32.722244],[35.345241,32.722501],[35.341404,32.72102],[35.343552,32.719138],[35.342906,32.71601],[35.340955,32.715914],[35.340429,32.714822],[35.341995,32.709852],[35.336944,32.708074],[35.341698,32.705257],[35.345203,32.704241],[35.346972,32.706817],[35.352257,32.708306],[35.355565,32.707598],[35.356947,32.706163],[35.357119,32.704615],[35.358644,32.705308],[35.35958,32.706234],[35.358311,32.710164],[35.35962,32.711355],[35.359433,32.714292],[35.361079,32.71656],[35.361823,32.716075],[35.363501,32.717284],[35.364006,32.719205],[35.368065,32.719605],[35.36714,32.722105],[35.367624,32.723884],[35.37289,32.723587],[35.376603,32.724248],[35.37529,32.726555],[35.374456,32.726396],[35.373164,32.728133],[35.369072,32.728837],[35.367104,32.730667],[35.363566,32.732139]]]},"properties":{"FID":369,"Muni_Heb":"נוף הגליל","Muni_Eng":"Nof Hagalil","Sug_Muni":"עירייה","CR_PNIM":"1061","CR_LAMAS":"1061","Machoz":"צפון","Hearot":"השכבה אינה סטטוטורית באופן מלא.","Eshkol_MPn":"אשכול רשויות הגליל והעמקים","Sign_Date":1608508800000,"Tikun1":null,"Tikun2":null,"Tikun3":null,"Tikun4":null,"Tikun5":null,"Tikun6":null,"Tikun7":null,"Tikun8":null,"Tikun9":null,"Tikun10":null,"Tikun11":null,"Tikun12":null,"Tikun13":null,"Tikun14":null,"Tikun15":null,"Precision_":"מקור וקטורי חתום","FIRST_Nafa":"יזרעאל","LAST_Nafa2":" ","Shape_Leng":54692.0906205,"Shape_Area":28949746.9965,"Shape__Area":41006910.821289063,"Shape__Length":65071.696201315295}},{"type":"Feature","id":370,"geometry":{"type":"Polygon","coordinates":[[[35.289289,32.692512],[35.292122,32.692103],[35.289834,32.686747],[35.287096,32.687379],[35.289579,32.689747],[35.288285,32.690918],[35.289289,32.692512]]]},"properties":{"FID":370,"Muni_Heb":"נוף הגליל","Muni_Eng":"Nof Hagalil","Sug_Muni":"עירייה","CR_PNIM":"1061","CR_LAMAS":"1061","Machoz":"צפון","Hearot":"השכבה אינה סטטוטורית באופן מלא.","Eshkol_MPn":"אשכול רשויות הגליל והעמקים","Sign_Date":1608508800000,"Tikun1":null,"Tikun2":null,"Tikun3":null,"Tikun4":null,"Tikun5":null,"Tikun6":null,"Tikun7":null,"Tikun8":null,"Tikun9":null,"Tikun10":null,"Tikun11":null,"Tikun12":null,"Tikun13":null,"Tikun14":null,"Tikun15":null,"Precision_":"מקור וקטורי חתום","FIRST_Nafa":"יזרעאל","LAST_Nafa2":" ","Shape_Leng":2094.87980735,"Shape_Area":153946.448247,"Shape__Area":217950.95703125,"Shape__Length":2492.8080076026722}},{"type":"Feature","id":371,"geometry":{"type":"Polygon","coordinates":[[[34.576162,31.406659],[34.561055,31.415785],[34.556274,31.421571],[34.555199,31.425355],[34.555244,31.42878],[34.559469,31.441409],[34.564643,31.441337],[34.564683,31.439306],[34.565589,31.438606],[34.568731,31.439138],[34.570444,31.440907],[34.572941,31.440593],[34.572984,31.441951],[34.573871,31.44199],[34.574937,31.443441],[34.579114,31.441534],[34.590319,31.433844],[34.588617,31.430636],[34.591359,31.427951],[34.593763,31.428742],[34.593654,31.429385],[34.597662,31.430065],[34.599524,31.429529],[34.602446,31.422998],[34.601014,31.422324],[34.602127,31.419161],[34.601361,31.418821],[34.602904,31.417028],[34.605333,31.418031],[34.604965,31.415493],[34.595895,31.408423],[34.592147,31.404483],[34.589007,31.409521],[34.582136,31.406788],[34.577776,31.403935],[34.575843,31.405497],[34.577088,31.406077],[34.576162,31.406659]],[[34.601045,31.41891],[34.590269,31.415659],[34.591111,31.41445],[34.596291,31.415533],[34.597088,31.414611],[34.600272,31.415153],[34.599881,31.415969],[34.602571,31.417066],[34.601045,31.41891]]]},"properties":{"FID":371,"Muni_Heb":"נתיבות","Muni_Eng":"Netivot","Sug_Muni":"עירייה","CR_PNIM":"0246","CR_LAMAS":"246","Machoz":"דרום","Hearot":"השכבה אינה סטטוטורית באופן מלא.","Eshkol_MPn":"אשכול רשויות נגב מערבי","Sign_Date":1597795200000,"Tikun1":null,"Tikun2":null,"Tikun3":null,"Tikun4":null,"Tikun5":null,"Tikun6":null,"Tikun7":null,"Tikun8":null,"Tikun9":null,"Tikun10":null,"Tikun11":null,"Tikun12":null,"Tikun13":null,"Tikun14":null,"Tikun15":null,"Precision_":"מקור וקטורי חתום","FIRST_Nafa":"באר שבע","LAST_Nafa2":" ","Shape_Leng":20052.8262882,"Shape_Area":12764364.7264,"Shape__Area":17581105.305664063,"Shape__Length":23533.0716539272}},{"type":"Feature","id":372,"geometry":{"type":"Polygon","coordinates":[[[34.612562,31.417732],[34.620237,31.423895],[34.624315,31.416838],[34.630521,31.415775],[34.631157,31.403149],[34.629925,31.402333],[34.629065,31.40436],[34.629803,31.407374],[34.628087,31.40577],[34.628554,31.40326],[34.618793,31.402845],[34.618833,31.400802],[34.613361,31.400157],[34.613077,31.404341],[34.61146,31.409159],[34.608058,31.41555],[34.612562,31.417732]]]},"properties":{"FID":372,"Muni_Heb":"נתיבות","Muni_Eng":"Netivot","Sug_Muni":"עירייה","CR_PNIM":"0246","CR_LAMAS":"246","Machoz":"דרום","Hearot":"השכבה אינה סטטוטורית באופן מלא.","Eshkol_MPn":"אשכול רשויות נגב מערבי","Sign_Date":1597795200000,"Tikun1":null,"Tikun2":null,"Tikun3":null,"Tikun4":null,"Tikun5":null,"Tikun6":null,"Tikun7":null,"Tikun8":null,"Tikun9":null,"Tikun10":null,"Tikun11":null,"Tikun12":null,"Tikun13":null,"Tikun14":null,"Tikun15":null,"Precision_":"מקור וקטורי חתום","FIRST_Nafa":"באר שבע","LAST_Nafa2":" ","Shape_Leng":9244.02639329,"Shape_Area":3454233.99657,"Shape__Area":4756502.921875,"Shape__Length":10852.886829540339}},{"type":"Feature","id":373,"geometry":{"type":"Polygon","coordinates":[[[34.89116,32.04983],[34.891566,32.038884],[34.889324,32.040279],[34.883378,32.040364],[34.88338,32.038257],[34.880063,32.036571],[34.876479,32.036393],[34.875584,32.037092],[34.875954,32.038233],[34.873582,32.039967],[34.868809,32.041754],[34.867429,32.044015],[34.866084,32.043972],[34.865809,32.046557],[34.867216,32.046432],[34.868335,32.048042],[34.866776,32.055273],[34.879608,32.056051],[34.87954,32.05693],[34.882857,32.057378],[34.884332,32.049418],[34.89116,32.04983]]]},"properties":{"FID":373,"Muni_Heb":"סביון","Muni_Eng":"Savyon","Sug_Muni":"מועצה מקומית","CR_PNIM":"0587","CR_LAMAS":"587","Machoz":"מרכז","Hearot":"השכבה אינה סטטוטורית באופן מלא.","Eshkol_MPn":" ","Sign_Date":1478563200000,"Tikun1":null,"Tikun2":null,"Tikun3":null,"Tikun4":null,"Tikun5":null,"Tikun6":null,"Tikun7":null,"Tikun8":null,"Tikun9":null,"Tikun10":null,"Tikun11":null,"Tikun12":null,"Tikun13":null,"Tikun14":null,"Tikun15":null,"Precision_":"מקור וקטורי חתום","FIRST_Nafa":"פתח תקווה","LAST_Nafa2":" ","Shape_Leng":9182.34133719,"Shape_Area":3711044.04495,"Shape__Area":5180320.4609375,"Shape__Length":10848.613880169827}},{"type":"Feature","id":374,"geometry":{"type":"Polygon","coordinates":[[[34.866535,32.034296],[34.867188,32.034309],[34.866925,32.033215],[34.86622,32.032999],[34.866535,32.034296]]]},"properties":{"FID":374,"Muni_Heb":"סביון","Muni_Eng":"Savyon","Sug_Muni":"מועצה מקומית","CR_PNIM":"0587","CR_LAMAS":"587","Machoz":"מרכז","Hearot":"השכבה אינה סטטוטורית באופן מלא.","Eshkol_MPn":" ","Sign_Date":1478563200000,"Tikun1":null,"Tikun2":null,"Tikun3":null,"Tikun4":null,"Tikun5":null,"Tikun6":null,"Tikun7":null,"Tikun8":null,"Tikun9":null,"Tikun10":null,"Tikun11":null,"Tikun12":null,"Tikun13":null,"Tikun14":null,"Tikun15":null,"Precision_":"מקור וקטורי חתום","FIRST_Nafa":"פתח תקווה","LAST_Nafa2":" ","Shape_Leng":412.730488432,"Shape_Area":8793.62593362,"Shape__Area":12271.6845703125,"Shape__Length":487.9959767393533}},{"type":"Feature","id":375,"geometry":{"type":"Polygon","coordinates":[[[35.463772,32.653616],[35.465948,32.654673],[35.468041,32.654493],[35.472723,32.658275],[35.47469,32.658732],[35.476049,32.658826],[35.479807,32.656863],[35.492248,32.665694],[35.495802,32.665756],[35.495893,32.666635],[35.497136,32.667202],[35.496475,32.6691],[35.49914,32.669655],[35.500677,32.671265],[35.500138,32.674659],[35.501728,32.676059],[35.50427,32.676064],[35.506853,32.679897],[35.50922,32.680777],[35.511877,32.677882],[35.518728,32.674742],[35.519511,32.672822],[35.522785,32.670454],[35.523512,32.668686],[35.523034,32.668078],[35.524301,32.669466],[35.525966,32.669542],[35.527739,32.67504],[35.530231,32.675243],[35.530376,32.676347],[35.533608,32.677008],[35.536406,32.671816],[35.539088,32.670849],[35.537817,32.670585],[35.535968,32.668287],[35.532564,32.668704],[35.531108,32.666825],[35.533376,32.663159],[35.535838,32.661045],[35.535503,32.658606],[35.539435,32.655367],[35.545196,32.656927],[35.544872,32.655265],[35.549757,32.652012],[35.555133,32.653149],[35.556686,32.654864],[35.556941,32.653857],[35.558026,32.653686],[35.55644,32.65089],[35.557034,32.648072],[35.555214,32.645743],[35.556453,32.644362],[35.554784,32.637531],[35.553569,32.637405],[35.553979,32.635024],[35.552132,32.631586],[35.553251,32.630959],[35.555205,32.631371],[35.553787,32.630153],[35.554066,32.627319],[35.553196,32.625881],[35.548639,32.624579],[35.546339,32.620519],[35.542766,32.616221],[35.540696,32.614866],[35.539826,32.609795],[35.541004,32.607536],[35.539672,32.606732],[35.537302,32.60718],[35.533775,32.605303],[35.530308,32.605636],[35.531896,32.606907],[35.53323,32.609794],[35.529195,32.612154],[35.518856,32.612778],[35.510056,32.615712],[35.509344,32.616824],[35.505142,32.618752],[35.503942,32.61873],[35.502304,32.61708],[35.500828,32.61784],[35.497745,32.621858],[35.494758,32.621404],[35.495699,32.622576],[35.494087,32.623436],[35.493196,32.622752],[35.493306,32.623961],[35.490548,32.624386],[35.487971,32.623704],[35.487377,32.62261],[35.484939,32.622709],[35.480912,32.624371],[35.480637,32.624998],[35.481649,32.625842],[35.480317,32.627689],[35.471419,32.632638],[35.46724,32.631978],[35.466588,32.633339],[35.467277,32.635598],[35.471117,32.639431],[35.471686,32.64233],[35.470998,32.644731],[35.467183,32.645271],[35.46652,32.646576],[35.467329,32.647205],[35.470098,32.647093],[35.468547,32.65024],[35.470297,32.651208],[35.470613,32.65226],[35.468314,32.652421],[35.46533,32.651096],[35.463646,32.652341],[35.463772,32.653616]]]},"properties":{"FID":375,"Muni_Heb":"עמק הירדן","Muni_Eng":"Emek Hayarden","Sug_Muni":"מועצה אזורית","CR_PNIM":"5506","CR_LAMAS":" ","Machoz":"צפון","Hearot":"השכבה אינה סטטוטורית באופן מלא.","Eshkol_MPn":"אשכול רשויות הכנרת והעמקים","Sign_Date":1528848000000,"Tikun1":null,"Tikun2":null,"Tikun3":null,"Tikun4":null,"Tikun5":null,"Tikun6":null,"Tikun7":null,"Tikun8":null,"Tikun9":null,"Tikun10":null,"Tikun11":null,"Tikun12":null,"Tikun13":null,"Tikun14":null,"Tikun15":null,"Precision_":"מקור וקטורי חתום","FIRST_Nafa":"כנרת","LAST_Nafa2":" ","Shape_Leng":37096.7971354,"Shape_Area":41781696.6057,"Shape__Area":59090045.4609375,"Shape__Length":44112.146795999026}},{"type":"Feature","id":376,"geometry":{"type":"Polygon","coordinates":[[[35.446678,32.840214],[35.446102,32.841824],[35.441793,32.841056],[35.436954,32.842317],[35.434533,32.846562],[35.431201,32.849021],[35.437885,32.851773],[35.444397,32.852074],[35.444242,32.854032],[35.451999,32.856308],[35.452846,32.85459],[35.458513,32.855157],[35.461563,32.856313],[35.465334,32.855985],[35.47176,32.85417],[35.473157,32.852392],[35.472957,32.848575],[35.470974,32.848639],[35.470397,32.847651],[35.467301,32.846608],[35.463925,32.844075],[35.45992,32.843626],[35.454965,32.841722],[35.456468,32.840882],[35.456058,32.839938],[35.453524,32.840512],[35.450384,32.838969],[35.446678,32.840214]]]},"properties":{"FID":376,"Muni_Heb":"עמק הירדן","Muni_Eng":"Emek Hayarden","Sug_Muni":"מועצה אזורית","CR_PNIM":"5506","CR_LAMAS":" ","Machoz":"צפון","Hearot":"השכבה אינה סטטוטורית באופן מלא.","Eshkol_MPn":"אשכול רשויות הכנרת והעמקים","Sign_Date":1528848000000,"Tikun1":null,"Tikun2":null,"Tikun3":null,"Tikun4":null,"Tikun5":null,"Tikun6":null,"Tikun7":null,"Tikun8":null,"Tikun9":null,"Tikun10":null,"Tikun11":null,"Tikun12":null,"Tikun13":null,"Tikun14":null,"Tikun15":null,"Precision_":"מקור וקטורי חתום","FIRST_Nafa":"כנרת","LAST_Nafa2":" ","Shape_Leng":10614.4711684,"Shape_Area":4588606.82132,"Shape__Area":6519256.9892578125,"Shape__Length":12640.20291012658}},{"type":"Feature","id":377,"geometry":{"type":"Polygon","coordinates":[[[35.644048,32.864139],[35.643119,32.861209],[35.64802,32.852787],[35.649808,32.843523],[35.649095,32.839311],[35.646928,32.836985],[35.645433,32.83655],[35.644216,32.83451],[35.641347,32.834108],[35.644671,32.825839],[35.645462,32.821725],[35.645183,32.815342],[35.644036,32.810658],[35.655679,32.808425],[35.65485,32.79283],[35.662452,32.777177],[35.661816,32.772998],[35.655522,32.753986],[35.657238,32.74439],[35.655886,32.743141],[35.654814,32.739309],[35.651872,32.733784],[35.652243,32.73086],[35.651603,32.728352],[35.650021,32.726454],[35.649903,32.724056],[35.65098,32.720889],[35.649782,32.717852],[35.649836,32.714588],[35.644664,32.708045],[35.637645,32.705194],[35.638466,32.701218],[35.63509,32.691836],[35.635621,32.687799],[35.639404,32.686862],[35.643983,32.68318],[35.648746,32.682116],[35.65032,32.682601],[35.652555,32.68556],[35.65916,32.686429],[35.659992,32.687593],[35.661515,32.686957],[35.664578,32.687489],[35.671991,32.691078],[35.674868,32.686632],[35.674733,32.685388],[35.673631,32.684544],[35.670325,32.684584],[35.665465,32.680724],[35.663394,32.680209],[35.658833,32.684896],[35.655913,32.685295],[35.645341,32.677587],[35.643275,32.678189],[35.642288,32.681276],[35.637343,32.683899],[35.634711,32.68637],[35.633107,32.685564],[35.627736,32.679288],[35.62437,32.677758],[35.620575,32.677906],[35.617676,32.680395],[35.612379,32.678483],[35.607386,32.67546],[35.605531,32.670597],[35.60349,32.669602],[35.600324,32.669522],[35.598172,32.66759],[35.600165,32.664924],[35.60342,32.663489],[35.606583,32.660269],[35.607062,32.655506],[35.606054,32.651659],[35.59762,32.650974],[35.595465,32.652964],[35.593717,32.653078],[35.589334,32.650044],[35.591447,32.648089],[35.591673,32.646249],[35.591179,32.645232],[35.587698,32.643719],[35.586474,32.641603],[35.58577,32.641596],[35.584394,32.643819],[35.580092,32.644724],[35.578321,32.644108],[35.57858,32.642393],[35.577424,32.641252],[35.573415,32.640777],[35.572544,32.641582],[35.57247,32.645929],[35.569907,32.649385],[35.570082,32.65385],[35.571574,32.65669],[35.575121,32.660559],[35.567214,32.662412],[35.56554,32.661421],[35.566233,32.660393],[35.564654,32.660864],[35.56522,32.664818],[35.56325,32.66923],[35.561145,32.672157],[35.558201,32.672865],[35.556679,32.674713],[35.557397,32.677477],[35.560207,32.680441],[35.562056,32.681242],[35.561558,32.682929],[35.540249,32.681978],[35.540709,32.684304],[35.543387,32.688293],[35.542445,32.69237],[35.534096,32.690276],[35.527996,32.690809],[35.53408,32.692909],[35.536469,32.695466],[35.536754,32.700243],[35.535606,32.709781],[35.545999,32.710566],[35.546927,32.71878],[35.541947,32.716833],[35.542263,32.716419],[35.540207,32.714936],[35.535844,32.715977],[35.527412,32.716362],[35.523932,32.721302],[35.527374,32.723064],[35.532146,32.727514],[35.542143,32.732524],[35.532555,32.740012],[35.531548,32.742281],[35.525311,32.738888],[35.523587,32.736914],[35.52058,32.737498],[35.522122,32.742091],[35.524242,32.743858],[35.523672,32.744297],[35.526566,32.747927],[35.518259,32.753151],[35.511584,32.758482],[35.513436,32.760188],[35.515669,32.760722],[35.516656,32.759061],[35.518706,32.760548],[35.520902,32.758961],[35.531442,32.766516],[35.529361,32.762067],[35.533139,32.759554],[35.533721,32.764192],[35.532457,32.767524],[35.53661,32.765585],[35.538249,32.766641],[35.546645,32.759818],[35.548188,32.762704],[35.551899,32.764038],[35.553262,32.762161],[35.555902,32.760625],[35.558933,32.756689],[35.55693,32.755333],[35.557702,32.754005],[35.562812,32.755209],[35.565141,32.75003],[35.567062,32.747975],[35.570511,32.733993],[35.57064,32.729407],[35.571591,32.727333],[35.57094,32.725466],[35.571599,32.721104],[35.5766,32.713169],[35.580654,32.708947],[35.584371,32.706745],[35.592932,32.706612],[35.597974,32.708132],[35.600624,32.710284],[35.606584,32.713224],[35.6146,32.720779],[35.616729,32.72499],[35.627505,32.739343],[35.633982,32.75089],[35.635813,32.761579],[35.637261,32.764847],[35.637577,32.769267],[35.639074,32.773633],[35.638146,32.776325],[35.63571,32.779053],[35.635532,32.785349],[35.63593,32.787332],[35.63888,32.789372],[35.640399,32.792787],[35.639288,32.798324],[35.643877,32.810906],[35.64516,32.817387],[35.644831,32.823272],[35.642668,32.828105],[35.640984,32.829398],[35.640077,32.834125],[35.647753,32.840401],[35.648847,32.843726],[35.647025,32.853241],[35.644812,32.857293],[35.641817,32.860249],[35.642141,32.861732],[35.641149,32.864938],[35.643304,32.865537],[35.642515,32.867064],[35.635066,32.876917],[35.630039,32.881476],[35.6295,32.883865],[35.623888,32.889381],[35.621703,32.891423],[35.613322,32.89526],[35.621793,32.891513],[35.629617,32.883952],[35.629934,32.881834],[35.635883,32.876188],[35.64271,32.867048],[35.644048,32.864139]]]},"properties":{"FID":377,"Muni_Heb":"עמק הירדן","Muni_Eng":"Emek Hayarden","Sug_Muni":"מועצה אזורית","CR_PNIM":"5506","CR_LAMAS":" ","Machoz":"צפון","Hearot":"השכבה אינה סטטוטורית באופן מלא.","Eshkol_MPn":"אשכול רשויות הכנרת והעמקים","Sign_Date":1528848000000,"Tikun1":null,"Tikun2":null,"Tikun3":null,"Tikun4":null,"Tikun5":null,"Tikun6":null,"Tikun7":null,"Tikun8":null,"Tikun9":null,"Tikun10":null,"Tikun11":null,"Tikun12":null,"Tikun13":null,"Tikun14":null,"Tikun15":null,"Precision_":"מקור וקטורי חתום","FIRST_Nafa":"כנרת","LAST_Nafa2":" ","Shape_Leng":116951.070294,"Shape_Area":93415329.6153,"Shape__Area":132329680.96777344,"Shape__Length":139311.08300758593}},{"type":"Feature","id":378,"geometry":{"type":"Polygon","coordinates":[[[35.485946,32.868121],[35.485957,32.869787],[35.487292,32.869859],[35.486578,32.872259],[35.482072,32.8721],[35.481742,32.871417],[35.479226,32.872802],[35.479033,32.876659],[35.476372,32.878417],[35.474004,32.878507],[35.473807,32.879939],[35.475785,32.880753],[35.476693,32.886219],[35.478801,32.887375],[35.477095,32.888394],[35.472848,32.888933],[35.473319,32.889628],[35.472433,32.890977],[35.467898,32.892253],[35.468435,32.894631],[35.472091,32.892926],[35.475556,32.893713],[35.476101,32.891742],[35.478061,32.891964],[35.478586,32.891434],[35.477956,32.890188],[35.479864,32.889165],[35.480361,32.891632],[35.478936,32.898917],[35.485456,32.89677],[35.4859,32.895697],[35.489933,32.893067],[35.495977,32.892087],[35.500492,32.887065],[35.505366,32.885804],[35.509084,32.886961],[35.508587,32.884991],[35.510003,32.884396],[35.511713,32.884855],[35.513451,32.887221],[35.515466,32.887822],[35.521459,32.885381],[35.523382,32.886083],[35.524978,32.884116],[35.525196,32.881256],[35.521881,32.880547],[35.522433,32.878659],[35.521101,32.87738],[35.526825,32.878528],[35.526599,32.876876],[35.527867,32.877117],[35.529854,32.880265],[35.536194,32.884917],[35.53673,32.886725],[35.537671,32.886676],[35.539076,32.888566],[35.539128,32.893289],[35.543114,32.891845],[35.546038,32.892499],[35.552414,32.894489],[35.553102,32.895636],[35.559392,32.896942],[35.560956,32.899088],[35.565132,32.899938],[35.569049,32.899512],[35.57135,32.896174],[35.573504,32.897474],[35.575708,32.897151],[35.579534,32.902279],[35.583459,32.905459],[35.585082,32.910006],[35.588666,32.912028],[35.588167,32.913724],[35.585981,32.914963],[35.586199,32.916833],[35.589944,32.918677],[35.596273,32.918169],[35.599206,32.922125],[35.604837,32.924208],[35.605802,32.925401],[35.607847,32.924924],[35.610597,32.925526],[35.614142,32.934179],[35.613525,32.936338],[35.615157,32.940034],[35.614487,32.941634],[35.616166,32.940457],[35.618324,32.94069],[35.619788,32.939968],[35.622434,32.94096],[35.624357,32.940302],[35.625267,32.946029],[35.626338,32.947549],[35.625499,32.951654],[35.62617,32.953523],[35.624978,32.955036],[35.624889,32.959563],[35.626846,32.960055],[35.630267,32.958791],[35.628937,32.956596],[35.628084,32.937426],[35.624179,32.916284],[35.624153,32.914166],[35.625778,32.913806],[35.627319,32.911826],[35.625364,32.910187],[35.625571,32.908808],[35.623414,32.908488],[35.625284,32.907474],[35.62278,32.90492],[35.61679,32.90509],[35.617259,32.904039],[35.616371,32.902682],[35.613614,32.900516],[35.614629,32.899322],[35.613322,32.89526],[35.612467,32.895498],[35.611537,32.894118],[35.612476,32.892492],[35.603323,32.894442],[35.598922,32.891158],[35.595653,32.890909],[35.593997,32.889965],[35.59278,32.890399],[35.592073,32.889554],[35.592383,32.887881],[35.584075,32.88536],[35.582457,32.883543],[35.576858,32.880266],[35.567879,32.879405],[35.56567,32.875161],[35.564355,32.874395],[35.560466,32.874072],[35.55745,32.872342],[35.551137,32.87172],[35.548736,32.870323],[35.545325,32.870365],[35.54089,32.866751],[35.540112,32.864247],[35.536525,32.860628],[35.531826,32.850618],[35.527397,32.847041],[35.526579,32.844714],[35.527234,32.843674],[35.526563,32.843061],[35.522456,32.842644],[35.518766,32.844203],[35.515811,32.844429],[35.517914,32.848233],[35.515473,32.848366],[35.514441,32.849265],[35.513061,32.849041],[35.512304,32.847203],[35.508968,32.848547],[35.508848,32.847363],[35.510164,32.845986],[35.509601,32.845711],[35.506176,32.84785],[35.503183,32.846868],[35.502373,32.848241],[35.49845,32.849405],[35.500501,32.85462],[35.497787,32.85516],[35.496451,32.856296],[35.494138,32.855956],[35.489997,32.857731],[35.485803,32.857224],[35.486345,32.858596],[35.485543,32.85953],[35.486357,32.860484],[35.492366,32.861398],[35.494544,32.859956],[35.495193,32.858613],[35.49829,32.858027],[35.50145,32.862096],[35.503303,32.862714],[35.503127,32.864905],[35.497029,32.866602],[35.496049,32.866111],[35.490493,32.867427],[35.489877,32.866694],[35.485946,32.868121]]]},"properties":{"FID":378,"Muni_Heb":"עמק הירדן","Muni_Eng":"Emek Hayarden","Sug_Muni":"מועצה אזורית","CR_PNIM":"5506","CR_LAMAS":" ","Machoz":"צפון","Hearot":"השכבה אינה סטטוטורית באופן מלא.","Eshkol_MPn":"אשכול רשויות הכנרת והעמקים","Sign_Date":1528848000000,"Tikun1":null,"Tikun2":null,"Tikun3":null,"Tikun4":null,"Tikun5":null,"Tikun6":null,"Tikun7":null,"Tikun8":null,"Tikun9":null,"Tikun10":null,"Tikun11":null,"Tikun12":null,"Tikun13":null,"Tikun14":null,"Tikun15":null,"Precision_":"מקור וקטורי חתום","FIRST_Nafa":"כנרת","LAST_Nafa2":" ","Shape_Leng":65517.8558125,"Shape_Area":45914386.3708,"Shape__Area":65289291.25,"Shape__Length":78127.295162867187}},{"type":"Feature","id":379,"geometry":{"type":"Polygon","coordinates":[[[35.493112,32.617181],[35.497745,32.621858],[35.500828,32.61784],[35.502304,32.61708],[35.503942,32.61873],[35.505142,32.618752],[35.51169,32.615337],[35.502723,32.611379],[35.501914,32.609773],[35.502395,32.606814],[35.500182,32.607139],[35.497274,32.609843],[35.495706,32.60975],[35.494363,32.611683],[35.497016,32.611862],[35.497721,32.612743],[35.495699,32.615417],[35.493112,32.617181]]]},"properties":{"FID":379,"Muni_Heb":"עמק המעיינות","Muni_Eng":"Emek Hama'ayanot","Sug_Muni":"מועצה אזורית","CR_PNIM":"5507","CR_LAMAS":" ","Machoz":"צפון","Hearot":"השכבה אינה סטטוטורית באופן מלא.","Eshkol_MPn":"אשכול רשויות הכנרת והעמקים","Sign_Date":1530057600000,"Tikun1":null,"Tikun2":null,"Tikun3":null,"Tikun4":null,"Tikun5":null,"Tikun6":null,"Tikun7":null,"Tikun8":null,"Tikun9":null,"Tikun10":null,"Tikun11":null,"Tikun12":null,"Tikun13":null,"Tikun14":null,"Tikun15":null,"Precision_":"מקור וקטורי חתום","FIRST_Nafa":"יזרעאל","LAST_Nafa2":" ","Shape_Leng":6229.74485635,"Shape_Area":1162671.13754,"Shape__Area":1643293.765625,"Shape__Length":7404.8158656197638}},{"type":"Feature","id":380,"geometry":{"type":"Polygon","coordinates":[[[35.533608,32.677008],[35.532383,32.679273],[35.5359,32.67686],[35.539972,32.676624],[35.540249,32.681978],[35.561417,32.682997],[35.562056,32.681242],[35.560207,32.680441],[35.557397,32.677477],[35.556679,32.674713],[35.558201,32.672865],[35.561145,32.672157],[35.56325,32.66923],[35.56522,32.664818],[35.564654,32.660864],[35.566233,32.660393],[35.56554,32.661421],[35.567214,32.662412],[35.575121,32.660559],[35.570198,32.654546],[35.569907,32.649385],[35.572252,32.645479],[35.565147,32.647698],[35.562153,32.646833],[35.561347,32.64514],[35.567386,32.644067],[35.567961,32.641433],[35.56645,32.639246],[35.562441,32.638753],[35.560634,32.637234],[35.567792,32.633967],[35.566604,32.629931],[35.563414,32.629002],[35.561502,32.625031],[35.56426,32.624825],[35.567415,32.622219],[35.57069,32.615501],[35.572442,32.613854],[35.572484,32.60591],[35.56653,32.603556],[35.567045,32.596665],[35.569173,32.5961],[35.571194,32.597952],[35.574731,32.598122],[35.577265,32.597772],[35.578251,32.596524],[35.575921,32.587],[35.577951,32.580655],[35.576861,32.577358],[35.576577,32.567891],[35.574737,32.565759],[35.570897,32.566762],[35.570261,32.564943],[35.577193,32.557194],[35.575798,32.554466],[35.577279,32.552244],[35.572667,32.549119],[35.571066,32.550774],[35.571477,32.552279],[35.569347,32.552123],[35.568576,32.551196],[35.568291,32.549105],[35.570345,32.548928],[35.571521,32.547346],[35.571598,32.54548],[35.569516,32.54389],[35.571694,32.54033],[35.566292,32.539165],[35.565107,32.540827],[35.564569,32.544724],[35.563475,32.545386],[35.561142,32.544978],[35.561284,32.543318],[35.563275,32.540715],[35.563121,32.539336],[35.560519,32.53837],[35.560158,32.533168],[35.559238,32.531872],[35.560596,32.530705],[35.563054,32.530671],[35.564235,32.527854],[35.563846,32.526232],[35.566614,32.526495],[35.566649,32.527297],[35.567469,32.527349],[35.567118,32.524789],[35.564336,32.521127],[35.555556,32.521368],[35.554508,32.520009],[35.555633,32.519105],[35.555721,32.517184],[35.552647,32.51473],[35.560119,32.509741],[35.560414,32.508938],[35.559421,32.508066],[35.560152,32.50736],[35.561721,32.508555],[35.561284,32.513705],[35.56249,32.514568],[35.564505,32.507285],[35.561439,32.5043],[35.557978,32.503796],[35.55808,32.502578],[35.559002,32.501773],[35.564227,32.501677],[35.566777,32.498099],[35.567745,32.497943],[35.570306,32.499757],[35.575986,32.49671],[35.580289,32.487482],[35.577639,32.487336],[35.575638,32.484493],[35.565528,32.481159],[35.567097,32.479657],[35.569126,32.47912],[35.570001,32.477169],[35.568591,32.475514],[35.564628,32.474281],[35.564627,32.471197],[35.567043,32.471578],[35.567492,32.469575],[35.565473,32.467435],[35.563671,32.468837],[35.56301,32.468578],[35.562556,32.46664],[35.563806,32.465419],[35.562124,32.465118],[35.56232,32.463539],[35.564175,32.46182],[35.566174,32.46177],[35.566936,32.460875],[35.567749,32.461982],[35.569788,32.461083],[35.570652,32.461766],[35.571638,32.461014],[35.570988,32.460638],[35.571559,32.459969],[35.573979,32.458735],[35.571255,32.455794],[35.570681,32.453181],[35.566468,32.452914],[35.566329,32.447377],[35.567268,32.445355],[35.564839,32.441764],[35.565635,32.44123],[35.567372,32.442271],[35.568346,32.441123],[35.56597,32.437243],[35.56606,32.435962],[35.562319,32.433692],[35.560746,32.433822],[35.558192,32.436165],[35.55645,32.430931],[35.555673,32.430825],[35.555573,32.429752],[35.557213,32.427538],[35.56218,32.425513],[35.562376,32.42398],[35.559304,32.424069],[35.555186,32.425848],[35.552964,32.425972],[35.551738,32.422179],[35.551611,32.419744],[35.55266,32.418623],[35.557691,32.419421],[35.559229,32.418434],[35.558155,32.418265],[35.556516,32.415213],[35.561296,32.411394],[35.559642,32.409983],[35.558071,32.410475],[35.558893,32.40857],[35.55757,32.407491],[35.560628,32.401234],[35.553842,32.399909],[35.553367,32.400704],[35.554267,32.40255],[35.550892,32.404038],[35.549599,32.402247],[35.546597,32.400993],[35.548683,32.398787],[35.548688,32.397479],[35.549979,32.395772],[35.549639,32.393239],[35.554086,32.391558],[35.555015,32.389132],[35.553231,32.38807],[35.548373,32.388629],[35.542148,32.387062],[35.537832,32.388355],[35.535628,32.390517],[35.531937,32.392329],[35.493254,32.401754],[35.481792,32.409538],[35.478497,32.410881],[35.467105,32.412247],[35.460965,32.411574],[35.458239,32.413087],[35.45393,32.412579],[35.448534,32.410236],[35.444778,32.410357],[35.443644,32.406787],[35.441078,32.406004],[35.431785,32.408644],[35.420074,32.416365],[35.41797,32.419084],[35.416638,32.42418],[35.411852,32.435136],[35.411898,32.437559],[35.417131,32.456893],[35.420335,32.459028],[35.419318,32.462652],[35.416766,32.464099],[35.413061,32.472626],[35.411535,32.473786],[35.408252,32.479306],[35.405571,32.490355],[35.416952,32.493413],[35.42271,32.49754],[35.432849,32.503148],[35.443549,32.513044],[35.447634,32.521268],[35.448772,32.520939],[35.452089,32.523275],[35.456772,32.521937],[35.45888,32.520553],[35.471494,32.519938],[35.476362,32.517317],[35.490143,32.512886],[35.489027,32.508994],[35.486137,32.507217],[35.484603,32.504457],[35.485557,32.490098],[35.489762,32.486721],[35.492321,32.483524],[35.493609,32.480181],[35.499062,32.480039],[35.499425,32.479444],[35.499617,32.480036],[35.508359,32.479977],[35.509566,32.48375],[35.510937,32.484742],[35.512153,32.490331],[35.510849,32.490641],[35.51082,32.492156],[35.512074,32.494606],[35.513347,32.494308],[35.514496,32.495499],[35.514306,32.497328],[35.515648,32.498313],[35.520218,32.508076],[35.519165,32.50787],[35.511155,32.510801],[35.506907,32.513334],[35.502997,32.517873],[35.500497,32.519392],[35.485578,32.520258],[35.480725,32.522715],[35.481149,32.521977],[35.480221,32.520056],[35.472239,32.524031],[35.47624,32.535568],[35.47973,32.536855],[35.4823,32.541392],[35.486421,32.543833],[35.48973,32.544643],[35.49038,32.546629],[35.494619,32.551353],[35.499005,32.54799],[35.498987,32.549221],[35.500433,32.549544],[35.506775,32.545967],[35.512357,32.544396],[35.518233,32.545988],[35.521423,32.550099],[35.517624,32.550775],[35.514812,32.550203],[35.514515,32.551099],[35.513281,32.550914],[35.513528,32.552937],[35.515559,32.55621],[35.520632,32.559696],[35.521675,32.565629],[35.52836,32.567454],[35.529349,32.569234],[35.529057,32.571219],[35.526297,32.573965],[35.517011,32.573322],[35.504359,32.577696],[35.506762,32.581746],[35.50785,32.581818],[35.510096,32.584526],[35.506368,32.586014],[35.509293,32.591451],[35.513529,32.590751],[35.513419,32.590172],[35.514949,32.589798],[35.518105,32.595707],[35.520526,32.59711],[35.51955,32.598543],[35.521163,32.602177],[35.519499,32.60424],[35.516868,32.605865],[35.50913,32.607],[35.509692,32.608664],[35.516481,32.613567],[35.523589,32.612229],[35.529195,32.612154],[35.531855,32.610667],[35.53323,32.609794],[35.532903,32.608508],[35.530308,32.605636],[35.533775,32.605303],[35.537302,32.60718],[35.539672,32.606732],[35.541009,32.607562],[35.539826,32.609795],[35.540696,32.614866],[35.542766,32.616221],[35.546339,32.620519],[35.548639,32.624579],[35.553196,32.625881],[35.554066,32.627319],[35.553787,32.630153],[35.555205,32.631371],[35.553251,32.630959],[35.552132,32.631586],[35.553979,32.635024],[35.553569,32.637405],[35.554784,32.637531],[35.556453,32.644362],[35.555214,32.645743],[35.557034,32.648072],[35.55644,32.65089],[35.558026,32.653686],[35.556941,32.653857],[35.556686,32.654864],[35.555133,32.653149],[35.549757,32.652012],[35.544872,32.655265],[35.545196,32.656927],[35.539435,32.655367],[35.535503,32.658606],[35.535838,32.661045],[35.533376,32.663159],[35.531108,32.666825],[35.532564,32.668704],[35.535968,32.668287],[35.537817,32.670585],[35.539088,32.670849],[35.536406,32.671816],[35.533608,32.677008]]]},"properties":{"FID":380,"Muni_Heb":"עמק המעיינות","Muni_Eng":"Emek Hama'ayanot","Sug_Muni":"מועצה אזורית","CR_PNIM":"5507","CR_LAMAS":" ","Machoz":"צפון","Hearot":"השכבה אינה סטטוטורית באופן מלא.","Eshkol_MPn":"אשכול רשויות הכנרת והעמקים","Sign_Date":1530057600000,"Tikun1":null,"Tikun2":null,"Tikun3":null,"Tikun4":null,"Tikun5":null,"Tikun6":null,"Tikun7":null,"Tikun8":null,"Tikun9":null,"Tikun10":null,"Tikun11":null,"Tikun12":null,"Tikun13":null,"Tikun14":null,"Tikun15":null,"Precision_":"מקור וקטורי חתום","FIRST_Nafa":"יזרעאל","LAST_Nafa2":" ","Shape_Leng":152564.981683,"Shape_Area":244505950.477,"Shape__Area":344680925.25585938,"Shape__Length":181210.45007919284}},{"type":"Feature","id":381,"geometry":{"type":"Polygon","coordinates":[[[35.304644,32.6019],[35.305525,32.60177],[35.303143,32.605999],[35.303815,32.606359],[35.303275,32.606774],[35.303617,32.609765],[35.314275,32.611052],[35.317689,32.618479],[35.319164,32.617945],[35.323747,32.621486],[35.325574,32.616898],[35.330325,32.613328],[35.332057,32.610603],[35.330005,32.606224],[35.330624,32.605946],[35.330784,32.603516],[35.335714,32.601889],[35.353954,32.602761],[35.35093,32.598071],[35.349669,32.593905],[35.344549,32.586969],[35.335668,32.580985],[35.3308,32.579651],[35.326774,32.579645],[35.322955,32.576358],[35.319334,32.582049],[35.316238,32.58388],[35.307751,32.585194],[35.303415,32.584474],[35.300658,32.585237],[35.29927,32.581913],[35.297452,32.580268],[35.305764,32.572631],[35.297087,32.566266],[35.296223,32.568144],[35.296367,32.572455],[35.292474,32.576057],[35.292884,32.580073],[35.294763,32.585364],[35.296917,32.583256],[35.297553,32.583592],[35.296885,32.58607],[35.299736,32.599784],[35.303553,32.603139],[35.304644,32.6019]]]},"properties":{"FID":381,"Muni_Heb":"עמק יזרעאל","Muni_Eng":"Emek Yizrael","Sug_Muni":"מועצה אזורית","CR_PNIM":"5509","CR_LAMAS":" ","Machoz":"צפון","Hearot":"השכבה אינה סטטוטורית באופן מלא.","Eshkol_MPn":"אשכול רשויות הגליל והעמקים","Sign_Date":1662508800000,"Tikun1":null,"Tikun2":null,"Tikun3":null,"Tikun4":null,"Tikun5":null,"Tikun6":null,"Tikun7":null,"Tikun8":null,"Tikun9":null,"Tikun10":null,"Tikun11":null,"Tikun12":null,"Tikun13":null,"Tikun14":null,"Tikun15":null,"Precision_":"מקור וקטורי חתום","FIRST_Nafa":"יזרעאל","LAST_Nafa2":" ","Shape_Leng":23908.0512747,"Shape_Area":14949030.4371,"Shape__Area":21119784.62109375,"Shape__Length":28422.560044288697}},{"type":"Feature","id":382,"geometry":{"type":"Polygon","coordinates":[[[35.310954,32.77719],[35.313409,32.775185],[35.318245,32.774638],[35.318736,32.773462],[35.317608,32.769622],[35.316913,32.770234],[35.314891,32.769662],[35.313583,32.768274],[35.310749,32.769454],[35.313294,32.771781],[35.315173,32.772093],[35.310724,32.774841],[35.310023,32.777321],[35.310954,32.77719]]]},"properties":{"FID":382,"Muni_Heb":"עמק יזרעאל","Muni_Eng":"Emek Yizrael","Sug_Muni":"מועצה אזורית","CR_PNIM":"5509","CR_LAMAS":" ","Machoz":"צפון","Hearot":"השכבה אינה סטטוטורית באופן מלא.","Eshkol_MPn":"אשכול רשויות הגליל והעמקים","Sign_Date":1662508800000,"Tikun1":null,"Tikun2":null,"Tikun3":null,"Tikun4":null,"Tikun5":null,"Tikun6":null,"Tikun7":null,"Tikun8":null,"Tikun9":null,"Tikun10":null,"Tikun11":null,"Tikun12":null,"Tikun13":null,"Tikun14":null,"Tikun15":null,"Precision_":"מקור וקטורי חתום","FIRST_Nafa":"יזרעאל","LAST_Nafa2":" ","Shape_Leng":3767.84488441,"Shape_Area":369733.976862,"Shape__Area":524416.8203125,"Shape__Length":4486.3836927423272}},{"type":"Feature","id":383,"geometry":{"type":"Polygon","coordinates":[[[35.405034,32.646059],[35.404636,32.646564],[35.401468,32.642676],[35.397961,32.634389],[35.394784,32.631582],[35.394838,32.630456],[35.395595,32.630535],[35.395536,32.628873],[35.390597,32.629632],[35.388162,32.627233],[35.386407,32.622146],[35.382685,32.620355],[35.381414,32.61743],[35.381723,32.609227],[35.380729,32.607546],[35.379795,32.607335],[35.379519,32.606115],[35.375347,32.607807],[35.373535,32.607339],[35.372796,32.605135],[35.374353,32.601593],[35.371584,32.600893],[35.373351,32.596788],[35.37314,32.593693],[35.371629,32.591512],[35.365283,32.5938],[35.361393,32.593733],[35.357474,32.592423],[35.357085,32.600632],[35.358519,32.604431],[35.355034,32.604507],[35.357465,32.608325],[35.354384,32.607093],[35.35026,32.607509],[35.350679,32.609612],[35.352908,32.611988],[35.3554,32.611074],[35.363688,32.610393],[35.367752,32.607974],[35.367945,32.609853],[35.370493,32.611612],[35.368357,32.613155],[35.368729,32.613804],[35.373408,32.613197],[35.373034,32.615262],[35.374245,32.617545],[35.366215,32.623464],[35.362806,32.624516],[35.36112,32.623891],[35.360811,32.626858],[35.359295,32.629957],[35.359667,32.631311],[35.352369,32.638148],[35.352116,32.639398],[35.354964,32.645602],[35.343952,32.639927],[35.343529,32.640578],[35.339645,32.639027],[35.332804,32.638852],[35.322707,32.641782],[35.316136,32.641042],[35.311646,32.637905],[35.305718,32.62884],[35.300528,32.625361],[35.29402,32.624154],[35.29,32.625184],[35.288364,32.623342],[35.28148,32.621177],[35.276772,32.618159],[35.275454,32.618704],[35.274828,32.617711],[35.270874,32.619515],[35.272707,32.614195],[35.262097,32.603111],[35.256401,32.598476],[35.257401,32.598008],[35.214285,32.581577],[35.208824,32.592252],[35.204818,32.588681],[35.201526,32.591437],[35.20563,32.597046],[35.206053,32.598726],[35.198063,32.60025],[35.196122,32.596543],[35.194722,32.595495],[35.194092,32.596477],[35.195092,32.597397],[35.194638,32.599453],[35.191394,32.599074],[35.190087,32.597622],[35.188115,32.599752],[35.191017,32.601776],[35.192022,32.604004],[35.179651,32.60586],[35.179403,32.607797],[35.181777,32.61171],[35.176996,32.615325],[35.176713,32.618217],[35.16837,32.618267],[35.164809,32.620543],[35.163106,32.618135],[35.161644,32.6193],[35.163681,32.622406],[35.165616,32.62037],[35.166491,32.628142],[35.168824,32.627621],[35.172221,32.640169],[35.170615,32.641434],[35.166043,32.642918],[35.1635,32.646044],[35.169417,32.651156],[35.165601,32.650956],[35.159225,32.653885],[35.152153,32.63896],[35.145845,32.641317],[35.145726,32.639242],[35.144027,32.636169],[35.148931,32.632326],[35.145747,32.629941],[35.1384,32.636336],[35.136489,32.633709],[35.13554,32.634629],[35.132962,32.633466],[35.130271,32.639442],[35.140095,32.644867],[35.142114,32.641586],[35.149981,32.654958],[35.149871,32.655922],[35.147535,32.657877],[35.14618,32.662305],[35.140052,32.665645],[35.138075,32.669696],[35.135625,32.669218],[35.134955,32.670953],[35.131199,32.674343],[35.129826,32.67455],[35.128167,32.676695],[35.12588,32.677117],[35.122355,32.679273],[35.120031,32.681043],[35.119132,32.68291],[35.114974,32.684214],[35.113079,32.683278],[35.107927,32.685076],[35.109551,32.685241],[35.11147,32.687523],[35.110089,32.688662],[35.111356,32.689093],[35.111637,32.691622],[35.109587,32.696874],[35.111794,32.697984],[35.112779,32.700373],[35.110482,32.702278],[35.113996,32.704989],[35.114859,32.704042],[35.119745,32.703794],[35.121313,32.701584],[35.122297,32.701348],[35.130777,32.703396],[35.133158,32.701454],[35.135533,32.705114],[35.135935,32.707526],[35.133442,32.707717],[35.131544,32.710843],[35.131702,32.718269],[35.134052,32.719474],[35.134873,32.718874],[35.136764,32.719831],[35.135652,32.721016],[35.144101,32.724222],[35.144415,32.726674],[35.145563,32.728331],[35.147001,32.727823],[35.150221,32.728914],[35.15057,32.732235],[35.152972,32.733608],[35.155233,32.733858],[35.156826,32.736458],[35.160938,32.73709],[35.161645,32.737987],[35.160782,32.741688],[35.16228,32.743903],[35.164224,32.744672],[35.159064,32.747261],[35.158307,32.748746],[35.156532,32.749172],[35.15624,32.747777],[35.155727,32.749885],[35.15628,32.752277],[35.15396,32.751413],[35.153717,32.750731],[35.154658,32.750112],[35.153222,32.748531],[35.15088,32.750415],[35.151936,32.751654],[35.151452,32.752503],[35.152571,32.752722],[35.154762,32.757292],[35.154441,32.764089],[35.153307,32.765318],[35.153099,32.769252],[35.16089,32.772689],[35.159717,32.773669],[35.159746,32.775831],[35.161293,32.778897],[35.156948,32.781085],[35.148964,32.782202],[35.148564,32.784729],[35.151084,32.789563],[35.151876,32.790046],[35.153308,32.787878],[35.155156,32.791487],[35.157096,32.792569],[35.160037,32.796336],[35.162327,32.794756],[35.166531,32.794084],[35.16708,32.791717],[35.16818,32.791347],[35.170969,32.79081],[35.172026,32.791733],[35.175766,32.789878],[35.177093,32.791442],[35.177689,32.786489],[35.182753,32.776573],[35.185513,32.775695],[35.188215,32.776039],[35.187937,32.774389],[35.191225,32.773777],[35.193517,32.772595],[35.193058,32.771227],[35.197644,32.769405],[35.19793,32.770123],[35.200124,32.76971],[35.201179,32.772619],[35.200094,32.774591],[35.198267,32.775836],[35.201038,32.776848],[35.203903,32.781028],[35.202532,32.783234],[35.205152,32.789004],[35.204989,32.791386],[35.204227,32.79184],[35.204823,32.792504],[35.20852,32.79147],[35.208894,32.79208],[35.211545,32.791631],[35.215162,32.792201],[35.213492,32.789366],[35.213442,32.788583],[35.214558,32.788265],[35.214025,32.785817],[35.215783,32.784402],[35.213612,32.776002],[35.211072,32.776866],[35.21289,32.773426],[35.211266,32.771784],[35.2118,32.771415],[35.212707,32.772343],[35.213616,32.77141],[35.213244,32.770441],[35.213896,32.770937],[35.215568,32.770182],[35.215145,32.767893],[35.212667,32.769324],[35.211604,32.768661],[35.212806,32.768819],[35.213194,32.767754],[35.211708,32.766982],[35.20979,32.767951],[35.21113,32.766082],[35.213993,32.767972],[35.216679,32.766622],[35.216051,32.76774],[35.216458,32.770444],[35.226926,32.767468],[35.228137,32.767705],[35.226248,32.769277],[35.231187,32.771236],[35.230171,32.775615],[35.230353,32.782268],[35.232378,32.782844],[35.233233,32.781861],[35.232467,32.782914],[35.234108,32.786902],[35.233507,32.788996],[35.234988,32.789025],[35.234989,32.78987],[35.233964,32.789879],[35.234304,32.790854],[35.236872,32.79122],[35.236991,32.792963],[35.240841,32.791742],[35.243253,32.791957],[35.245249,32.793846],[35.247979,32.793144],[35.250204,32.795558],[35.264983,32.794058],[35.265139,32.792898],[35.267742,32.792882],[35.267434,32.791999],[35.271992,32.794557],[35.271716,32.795995],[35.277044,32.798911],[35.28538,32.795415],[35.291241,32.790645],[35.297891,32.788947],[35.298096,32.7871],[35.29685,32.786152],[35.296542,32.78309],[35.299183,32.781195],[35.297715,32.780538],[35.299345,32.778571],[35.300876,32.778439],[35.302094,32.777014],[35.301751,32.77291],[35.302425,32.772208],[35.30152,32.77058],[35.305022,32.769668],[35.306519,32.768479],[35.299236,32.769575],[35.28984,32.769623],[35.289714,32.768927],[35.291672,32.765661],[35.29691,32.7617],[35.301352,32.760078],[35.303538,32.757493],[35.302402,32.752834],[35.304365,32.749825],[35.304133,32.74699],[35.303455,32.745626],[35.29495,32.746515],[35.294906,32.745122],[35.291736,32.744444],[35.290504,32.7416],[35.284877,32.738751],[35.284408,32.737059],[35.282688,32.735431],[35.276504,32.73453],[35.277163,32.731913],[35.276367,32.729257],[35.275577,32.729618],[35.270421,32.726968],[35.265327,32.727084],[35.262671,32.729869],[35.255689,32.731217],[35.255732,32.726789],[35.252876,32.724445],[35.255779,32.721726],[35.254751,32.719553],[35.253785,32.719747],[35.252693,32.718619],[35.25381,32.71763],[35.253029,32.71535],[35.254854,32.713151],[35.253378,32.711367],[35.253664,32.710292],[35.254213,32.709818],[35.266486,32.711186],[35.275497,32.707813],[35.277124,32.706029],[35.280875,32.707286],[35.28187,32.704193],[35.280571,32.701528],[35.282209,32.700242],[35.280981,32.698982],[35.282395,32.695396],[35.272461,32.697945],[35.275126,32.693512],[35.274031,32.693686],[35.273833,32.692487],[35.272594,32.693635],[35.272088,32.692673],[35.27319,32.692051],[35.273019,32.691299],[35.27202,32.69016],[35.270907,32.690338],[35.271162,32.688332],[35.270373,32.688279],[35.2635,32.690689],[35.261523,32.692112],[35.260384,32.691191],[35.259769,32.69203],[35.256707,32.692534],[35.256615,32.694581],[35.255992,32.695736],[35.255216,32.695612],[35.256123,32.696289],[35.255877,32.697907],[35.24944,32.695815],[35.247986,32.694562],[35.248679,32.694345],[35.248218,32.69307],[35.235233,32.694887],[35.231238,32.693851],[35.231223,32.692793],[35.229915,32.691773],[35.221592,32.695375],[35.215549,32.690561],[35.215683,32.688755],[35.217953,32.687492],[35.219643,32.68882],[35.226537,32.684309],[35.229403,32.684822],[35.230109,32.683042],[35.229167,32.68123],[35.230045,32.675214],[35.23137,32.673898],[35.228517,32.671133],[35.232057,32.669084],[35.234289,32.669211],[35.240526,32.666672],[35.238552,32.664812],[35.2363,32.663994],[35.236015,32.662526],[35.237888,32.662191],[35.238065,32.663063],[35.24451,32.662656],[35.246572,32.66337],[35.245633,32.667349],[35.247708,32.667752],[35.248225,32.671711],[35.250495,32.671716],[35.251216,32.672553],[35.258067,32.672728],[35.264713,32.677502],[35.266564,32.669213],[35.268511,32.671137],[35.273712,32.6718],[35.274027,32.673469],[35.275782,32.674484],[35.27922,32.67438],[35.281412,32.67631],[35.284059,32.677318],[35.284975,32.673253],[35.288299,32.67279],[35.289433,32.676246],[35.292392,32.676084],[35.300923,32.678992],[35.305125,32.683193],[35.305678,32.686152],[35.306273,32.683853],[35.314723,32.683336],[35.310093,32.681792],[35.310005,32.680313],[35.307627,32.677724],[35.307746,32.674911],[35.310351,32.673863],[35.313516,32.67489],[35.313504,32.672337],[35.317197,32.672416],[35.313472,32.664421],[35.316877,32.664162],[35.315947,32.660626],[35.319916,32.660169],[35.319351,32.661544],[35.323769,32.66291],[35.323576,32.657688],[35.325681,32.657654],[35.327283,32.65855],[35.328061,32.656792],[35.333268,32.657212],[35.332046,32.663099],[35.33309,32.663512],[35.352002,32.663036],[35.351953,32.67051],[35.35038,32.674899],[35.355015,32.672711],[35.353135,32.680821],[35.359573,32.680155],[35.359541,32.679026],[35.365659,32.678349],[35.366321,32.67995],[35.372546,32.679415],[35.379812,32.677033],[35.380491,32.678743],[35.386394,32.675361],[35.385907,32.673967],[35.392057,32.672378],[35.393336,32.669017],[35.394441,32.669124],[35.394373,32.671562],[35.396824,32.673074],[35.399662,32.665077],[35.400985,32.664592],[35.403386,32.665879],[35.405978,32.665831],[35.407057,32.668171],[35.4091,32.669755],[35.415346,32.670224],[35.416944,32.66985],[35.415838,32.666937],[35.419774,32.666672],[35.421707,32.664781],[35.430346,32.66007],[35.435273,32.658335],[35.439969,32.653693],[35.443889,32.653321],[35.446196,32.651518],[35.448545,32.653218],[35.448441,32.654843],[35.451458,32.657873],[35.452554,32.657267],[35.452289,32.655696],[35.453901,32.653178],[35.455303,32.654218],[35.456687,32.653026],[35.458762,32.655295],[35.461377,32.654142],[35.463381,32.654496],[35.463604,32.652411],[35.46533,32.651096],[35.468314,32.652421],[35.470548,32.652386],[35.470297,32.651208],[35.468547,32.65024],[35.470098,32.647093],[35.467329,32.647205],[35.46652,32.646576],[35.467183,32.645271],[35.470998,32.644731],[35.471686,32.64233],[35.471117,32.639431],[35.467277,32.635598],[35.466941,32.632228],[35.471419,32.632638],[35.480317,32.627689],[35.481652,32.625761],[35.480514,32.624639],[35.479717,32.625044],[35.473991,32.623576],[35.470056,32.620455],[35.465874,32.619227],[35.460502,32.619452],[35.454586,32.623258],[35.441062,32.626749],[35.433369,32.63248],[35.436755,32.637096],[35.436899,32.643449],[35.435136,32.644557],[35.433748,32.643346],[35.434698,32.646343],[35.430822,32.645994],[35.431233,32.647795],[35.429023,32.647864],[35.428669,32.650002],[35.424649,32.649899],[35.424151,32.654125],[35.424673,32.655754],[35.423314,32.653863],[35.419221,32.65118],[35.411971,32.648683],[35.41108,32.645669],[35.405034,32.646059]],[[35.221474,32.768683],[35.220446,32.768714],[35.221048,32.768103],[35.221474,32.768683]],[[35.250303,32.610441],[35.247433,32.610325],[35.247429,32.605729],[35.250244,32.605729],[35.250244,32.607166],[35.253145,32.608012],[35.253145,32.6048],[35.259959,32.604563],[35.259963,32.609785],[35.253144,32.610042],[35.252035,32.611681],[35.250303,32.610441]],[[35.237105,32.725661],[35.237889,32.72711],[35.236527,32.730613],[35.231571,32.733937],[35.23052,32.736695],[35.22059,32.735898],[35.220743,32.73707],[35.217824,32.737452],[35.219008,32.735764],[35.217104,32.733139],[35.214254,32.732622],[35.211891,32.733349],[35.20939,32.73137],[35.2103,32.726354],[35.218983,32.720523],[35.216743,32.719307],[35.218611,32.717529],[35.218662,32.715768],[35.216368,32.714019],[35.213058,32.714583],[35.211975,32.708959],[35.213061,32.70893],[35.213613,32.712332],[35.214662,32.71272],[35.215054,32.711819],[35.218484,32.712557],[35.218215,32.713443],[35.21921,32.713626],[35.222823,32.713534],[35.229531,32.710747],[35.230403,32.713224],[35.229555,32.714435],[35.231985,32.714443],[35.231638,32.714931],[35.23426,32.718174],[35.231149,32.720245],[35.229176,32.718365],[35.226414,32.720683],[35.223392,32.721818],[35.224626,32.723462],[35.230621,32.724517],[35.232851,32.726236],[35.237105,32.725661]],[[35.199152,32.748249],[35.195589,32.748819],[35.198494,32.747933],[35.197356,32.746881],[35.192362,32.747665],[35.192928,32.747331],[35.191227,32.74665],[35.193296,32.745493],[35.194323,32.743301],[35.196148,32.743281],[35.197116,32.74195],[35.19963,32.741782],[35.201125,32.739481],[35.20287,32.7394],[35.202505,32.741553],[35.203637,32.742158],[35.203095,32.742571],[35.201118,32.743233],[35.197076,32.742248],[35.197685,32.743741],[35.200302,32.744632],[35.201272,32.746115],[35.197841,32.747142],[35.199152,32.748249]],[[35.15538,32.702747],[35.156004,32.701361],[35.165072,32.69596],[35.168043,32.700418],[35.172706,32.699096],[35.173793,32.701844],[35.174771,32.701624],[35.174251,32.705972],[35.176593,32.705609],[35.182412,32.714694],[35.177544,32.716425],[35.169494,32.70979],[35.1675,32.709216],[35.165196,32.706491],[35.163311,32.705905],[35.157301,32.707385],[35.15538,32.702747]],[[35.178441,32.758567],[35.181554,32.757356],[35.181614,32.755993],[35.184684,32.757509],[35.185132,32.756464],[35.188866,32.756784],[35.188643,32.75436],[35.18957,32.75142],[35.189148,32.74893],[35.184675,32.752207],[35.184745,32.752898],[35.181993,32.753099],[35.181854,32.751646],[35.178409,32.751704],[35.177853,32.752134],[35.179981,32.754299],[35.17909,32.755266],[35.1782,32.754751],[35.179172,32.753818],[35.177409,32.75324],[35.178112,32.752941],[35.177407,32.752766],[35.177707,32.752258],[35.175428,32.753629],[35.178279,32.751557],[35.180788,32.751451],[35.17965,32.749047],[35.180645,32.747784],[35.176876,32.747259],[35.17541,32.748265],[35.172309,32.748725],[35.172488,32.752092],[35.171177,32.752566],[35.169391,32.751864],[35.168985,32.750053],[35.166128,32.749276],[35.165563,32.748445],[35.166133,32.746733],[35.169365,32.745407],[35.171901,32.746997],[35.170993,32.745785],[35.171568,32.745231],[35.177146,32.745791],[35.177357,32.746486],[35.181142,32.745634],[35.181544,32.744693],[35.185745,32.746421],[35.186175,32.745908],[35.189213,32.74661],[35.189388,32.753356],[35.190747,32.753362],[35.190413,32.755956],[35.191652,32.757125],[35.188702,32.757804],[35.188504,32.759787],[35.18662,32.760326],[35.185799,32.761659],[35.184503,32.760728],[35.182215,32.760736],[35.178441,32.758567]]]},"properties":{"FID":383,"Muni_Heb":"עמק יזרעאל","Muni_Eng":"Emek Yizrael","Sug_Muni":"מועצה אזורית","CR_PNIM":"5509","CR_LAMAS":" ","Machoz":"צפון","Hearot":"השכבה אינה סטטוטורית באופן מלא.","Eshkol_MPn":"אשכול רשויות הגליל והעמקים","Sign_Date":1662508800000,"Tikun1":null,"Tikun2":null,"Tikun3":null,"Tikun4":null,"Tikun5":null,"Tikun6":null,"Tikun7":null,"Tikun8":null,"Tikun9":null,"Tikun10":null,"Tikun11":null,"Tikun12":null,"Tikun13":null,"Tikun14":null,"Tikun15":null,"Precision_":"מקור וקטורי חתום","FIRST_Nafa":"יזרעאל","LAST_Nafa2":" ","Shape_Leng":267916.422715,"Shape_Area":314390198.606,"Shape__Area":445051265.19433594,"Shape__Length":318745.95132617711}},{"type":"Feature","id":384,"geometry":{"type":"Polygon","coordinates":[[[35.335022,32.63865],[35.339645,32.639027],[35.343529,32.640578],[35.34259,32.639444],[35.343969,32.628125],[35.342656,32.627171],[35.346772,32.625101],[35.348445,32.623125],[35.346845,32.622576],[35.350834,32.6243],[35.359986,32.623082],[35.363298,32.624452],[35.367369,32.622901],[35.37313,32.618628],[35.374245,32.617545],[35.373034,32.615262],[35.373408,32.613197],[35.368729,32.613804],[35.368357,32.613155],[35.370493,32.611612],[35.367945,32.609853],[35.367752,32.607974],[35.363688,32.610393],[35.3554,32.611074],[35.345606,32.614125],[35.34294,32.61137],[35.342233,32.6121],[35.340211,32.611272],[35.336409,32.612304],[35.336084,32.611433],[35.333173,32.613532],[35.330325,32.613328],[35.326252,32.616282],[35.324154,32.619354],[35.323747,32.621486],[35.319164,32.617945],[35.317689,32.618479],[35.314275,32.611052],[35.303617,32.609765],[35.303275,32.606774],[35.303815,32.606359],[35.303143,32.605999],[35.305525,32.60177],[35.303553,32.603139],[35.299674,32.599665],[35.296885,32.58607],[35.297553,32.583592],[35.296917,32.583256],[35.294565,32.585108],[35.292884,32.580073],[35.292474,32.576057],[35.290918,32.576989],[35.286149,32.576296],[35.282222,32.576677],[35.280827,32.577894],[35.276432,32.578343],[35.275183,32.579687],[35.272348,32.580815],[35.269473,32.584655],[35.269654,32.586898],[35.265484,32.588075],[35.264274,32.589562],[35.262556,32.589862],[35.263163,32.591367],[35.261219,32.592059],[35.261984,32.593462],[35.263279,32.593947],[35.262248,32.59562],[35.262748,32.597401],[35.258762,32.597015],[35.256401,32.598476],[35.262097,32.603111],[35.272707,32.614195],[35.270874,32.619515],[35.274828,32.617711],[35.275454,32.618704],[35.276772,32.618159],[35.28148,32.621177],[35.288364,32.623342],[35.29,32.625184],[35.29402,32.624154],[35.300528,32.625361],[35.305718,32.62884],[35.31242,32.638745],[35.317868,32.64156],[35.323184,32.641726],[35.335022,32.63865]],[[35.349008,32.618101],[35.348642,32.617509],[35.349621,32.61747],[35.34931,32.618084],[35.350806,32.618194],[35.351583,32.619164],[35.347928,32.619753],[35.34838,32.621127],[35.346681,32.623024],[35.344967,32.623654],[35.343121,32.622807],[35.340531,32.623941],[35.342191,32.621824],[35.341365,32.619967],[35.34239,32.619602],[35.342543,32.618518],[35.34463,32.618287],[35.344805,32.619351],[35.346777,32.61905],[35.347816,32.619715],[35.35152,32.619152],[35.350777,32.618242],[35.349008,32.618101]]]},"properties":{"FID":384,"Muni_Heb":"עפולה","Muni_Eng":"Afula","Sug_Muni":"עירייה","CR_PNIM":"7700","CR_LAMAS":"7700","Machoz":"צפון","Hearot":"השכבה אינה סטטוטורית באופן מלא.","Eshkol_MPn":"אשכול רשויות הגליל והעמקים","Sign_Date":1658707200000,"Tikun1":null,"Tikun2":null,"Tikun3":null,"Tikun4":null,"Tikun5":null,"Tikun6":null,"Tikun7":null,"Tikun8":null,"Tikun9":null,"Tikun10":null,"Tikun11":null,"Tikun12":null,"Tikun13":null,"Tikun14":null,"Tikun15":null,"Precision_":"מקור וקטורי חתום","FIRST_Nafa":"יזרעאל","LAST_Nafa2":" ","Shape_Leng":41653.8624971,"Shape_Area":29038020.2984,"Shape__Area":41039896.826171875,"Shape__Length":49506.856855327147}},{"type":"Feature","id":385,"geometry":{"type":"Polygon","coordinates":[[[35.250303,32.610441],[35.252035,32.611681],[35.253144,32.610042],[35.259963,32.609785],[35.259959,32.604563],[35.253145,32.6048],[35.253145,32.608012],[35.250244,32.607166],[35.250244,32.605729],[35.247429,32.605729],[35.247433,32.610325],[35.250303,32.610441]]]},"properties":{"FID":385,"Muni_Heb":"עפולה","Muni_Eng":"Afula","Sug_Muni":"עירייה","CR_PNIM":"7700","CR_LAMAS":"7700","Machoz":"צפון","Hearot":"השכבה אינה סטטוטורית באופן מלא.","Eshkol_MPn":"אשכול רשויות הגליל והעמקים","Sign_Date":1658707200000,"Tikun1":null,"Tikun2":null,"Tikun3":null,"Tikun4":null,"Tikun5":null,"Tikun6":null,"Tikun7":null,"Tikun8":null,"Tikun9":null,"Tikun10":null,"Tikun11":null,"Tikun12":null,"Tikun13":null,"Tikun14":null,"Tikun15":null,"Precision_":"מקור וקטורי חתום","FIRST_Nafa":"יזרעאל","LAST_Nafa2":" ","Shape_Leng":4196.47942382,"Shape_Area":620822.651243,"Shape__Area":877341.939453125,"Shape__Length":4987.6501513323647}},{"type":"Feature","id":386,"geometry":{"type":"Polygon","coordinates":[[[35.067506,32.499822],[35.064542,32.507001],[35.067844,32.508843],[35.067975,32.512453],[35.069429,32.515336],[35.081085,32.515319],[35.082474,32.511687],[35.08538,32.510456],[35.086123,32.506895],[35.087122,32.507068],[35.088224,32.504416],[35.085492,32.503032],[35.073909,32.501683],[35.067506,32.499822]]]},"properties":{"FID":386,"Muni_Heb":"ערערה","Muni_Eng":"Ar'ara","Sug_Muni":"מועצה מקומית","CR_PNIM":"0637","CR_LAMAS":"637","Machoz":"חיפה","Hearot":"השכבה אינה סטטוטורית באופן מלא.","Eshkol_MPn":" ","Sign_Date":1539129600000,"Tikun1":null,"Tikun2":null,"Tikun3":null,"Tikun4":null,"Tikun5":null,"Tikun6":null,"Tikun7":null,"Tikun8":null,"Tikun9":null,"Tikun10":null,"Tikun11":null,"Tikun12":null,"Tikun13":null,"Tikun14":null,"Tikun15":null,"Precision_":"מקור וקטורי חתום","FIRST_Nafa":"חדרה","LAST_Nafa2":" ","Shape_Leng":6857.43246085,"Shape_Area":2519516.72695,"Shape__Area":3552698.74609375,"Shape__Length":8140.14197077537}},{"type":"Feature","id":387,"geometry":{"type":"Polygon","coordinates":[[[35.113471,32.494138],[35.108653,32.496494],[35.105244,32.495855],[35.102034,32.493342],[35.102953,32.492677],[35.102177,32.492374],[35.102571,32.491136],[35.094444,32.490095],[35.093715,32.489053],[35.090241,32.489179],[35.089159,32.487628],[35.087386,32.487396],[35.086231,32.489284],[35.084428,32.489222],[35.08426,32.491028],[35.07857,32.492471],[35.068896,32.499904],[35.075279,32.501445],[35.085676,32.502607],[35.090128,32.504977],[35.109843,32.508198],[35.117597,32.512305],[35.121582,32.50457],[35.119178,32.504392],[35.121371,32.501037],[35.11929,32.497284],[35.121904,32.495617],[35.12092,32.494044],[35.118778,32.495165],[35.11653,32.494089],[35.113471,32.494138]]]},"properties":{"FID":387,"Muni_Heb":"ערערה","Muni_Eng":"Ar'ara","Sug_Muni":"מועצה מקומית","CR_PNIM":"0637","CR_LAMAS":"637","Machoz":"חיפה","Hearot":"השכבה אינה סטטוטורית באופן מלא.","Eshkol_MPn":" ","Sign_Date":1539129600000,"Tikun1":null,"Tikun2":null,"Tikun3":null,"Tikun4":null,"Tikun5":null,"Tikun6":null,"Tikun7":null,"Tikun8":null,"Tikun9":null,"Tikun10":null,"Tikun11":null,"Tikun12":null,"Tikun13":null,"Tikun14":null,"Tikun15":null,"Precision_":"מקור וקטורי חתום","FIRST_Nafa":"חדרה","LAST_Nafa2":" ","Shape_Leng":14465.1821169,"Shape_Area":6657220.93947,"Shape__Area":9385384.095703125,"Shape__Length":17160.702813015381}},{"type":"Feature","id":388,"geometry":{"type":"Polygon","coordinates":[[[34.850185,32.04513],[34.854749,32.050422],[34.846713,32.06201],[34.845683,32.061441],[34.84143,32.06234],[34.84082,32.060216],[34.836653,32.061072],[34.837125,32.062218],[34.839538,32.064896],[34.845043,32.065311],[34.849815,32.067106],[34.859186,32.068523],[34.867648,32.071062],[34.866514,32.063913],[34.866546,32.056556],[34.868335,32.048042],[34.867216,32.046432],[34.865809,32.046557],[34.867137,32.036807],[34.866276,32.033218],[34.860292,32.033948],[34.859896,32.040995],[34.858408,32.040948],[34.857403,32.045097],[34.850185,32.04513]]]},"properties":{"FID":388,"Muni_Heb":"קרית אונו","Muni_Eng":"Kiryat Ono","Sug_Muni":"עירייה","CR_PNIM":"2620","CR_LAMAS":"2620","Machoz":"תל אביב","Hearot":"השכבה אינה סטטוטורית באופן מלא.","Eshkol_MPn":" ","Sign_Date":1658707200000,"Tikun1":null,"Tikun2":null,"Tikun3":null,"Tikun4":null,"Tikun5":null,"Tikun6":null,"Tikun7":null,"Tikun8":null,"Tikun9":null,"Tikun10":null,"Tikun11":null,"Tikun12":null,"Tikun13":null,"Tikun14":null,"Tikun15":null,"Precision_":"מקור וקטורי חתום","FIRST_Nafa":"תל אביב - יפו","LAST_Nafa2":" ","Shape_Leng":13945.5303817,"Shape_Area":5373510.84062,"Shape__Area":7502328.5966796875,"Shape__Length":16483.498039102062}},{"type":"Feature","id":389,"geometry":{"type":"Polygon","coordinates":[[[35.155863,32.828195],[35.154829,32.826431],[35.156017,32.826015],[35.155221,32.823632],[35.15285,32.824244],[35.154061,32.829028],[35.155863,32.828195]]]},"properties":{"FID":389,"Muni_Heb":"קרית אתא","Muni_Eng":"Kiryat Ata","Sug_Muni":"עירייה","CR_PNIM":"6800","CR_LAMAS":"6800","Machoz":"חיפה","Hearot":"השכבה אינה סטטוטורית באופן מלא.","Eshkol_MPn":"אשכול רשויות המפרץ","Sign_Date":1644969600000,"Tikun1":null,"Tikun2":null,"Tikun3":null,"Tikun4":null,"Tikun5":null,"Tikun6":null,"Tikun7":null,"Tikun8":null,"Tikun9":null,"Tikun10":null,"Tikun11":null,"Tikun12":null,"Tikun13":null,"Tikun14":null,"Tikun15":null,"Precision_":"מקור וקטורי חתום","FIRST_Nafa":"חיפה","LAST_Nafa2":"עכו","Shape_Leng":1592.66365603,"Shape_Area":121485.558794,"Shape__Area":172516.783203125,"Shape__Length":1899.2735125794145}},{"type":"Feature","id":390,"geometry":{"type":"Polygon","coordinates":[[[35.085378,32.794831],[35.085371,32.798432],[35.083692,32.798442],[35.083291,32.802711],[35.080312,32.793632],[35.080639,32.776684],[35.076854,32.774846],[35.07687,32.773973],[35.076401,32.774947],[35.070693,32.774008],[35.070711,32.776699],[35.069228,32.777846],[35.068843,32.779332],[35.066402,32.779039],[35.065338,32.779868],[35.076034,32.786707],[35.076363,32.786049],[35.076347,32.791806],[35.062471,32.79889],[35.056027,32.804244],[35.069281,32.80748],[35.072309,32.808805],[35.076418,32.812159],[35.082029,32.806852],[35.085113,32.809102],[35.086302,32.812291],[35.091344,32.814202],[35.094142,32.823497],[35.093572,32.823667],[35.095609,32.828584],[35.098322,32.832093],[35.101899,32.830269],[35.104767,32.831249],[35.107161,32.833637],[35.111966,32.831291],[35.112503,32.828129],[35.11703,32.827207],[35.118781,32.832223],[35.122627,32.832269],[35.121956,32.826696],[35.134616,32.824085],[35.140156,32.824471],[35.149091,32.822145],[35.151475,32.823133],[35.147197,32.808978],[35.147572,32.806216],[35.145991,32.806428],[35.142339,32.79474],[35.128612,32.800382],[35.125343,32.801058],[35.124015,32.80223],[35.119742,32.801839],[35.11975,32.801033],[35.117789,32.801557],[35.11188,32.799001],[35.107851,32.793883],[35.098492,32.794255],[35.097703,32.793988],[35.097708,32.790051],[35.090317,32.790039],[35.088049,32.786474],[35.085312,32.786398],[35.085378,32.794831]]]},"properties":{"FID":390,"Muni_Heb":"קרית אתא","Muni_Eng":"Kiryat Ata","Sug_Muni":"עירייה","CR_PNIM":"6800","CR_LAMAS":"6800","Machoz":"חיפה","Hearot":"השכבה אינה סטטוטורית באופן מלא.","Eshkol_MPn":"אשכול רשויות המפרץ","Sign_Date":1644969600000,"Tikun1":null,"Tikun2":null,"Tikun3":null,"Tikun4":null,"Tikun5":null,"Tikun6":null,"Tikun7":null,"Tikun8":null,"Tikun9":null,"Tikun10":null,"Tikun11":null,"Tikun12":null,"Tikun13":null,"Tikun14":null,"Tikun15":null,"Precision_":"מקור וקטורי חתום","FIRST_Nafa":"חיפה","LAST_Nafa2":"עכו","Shape_Leng":35373.3885021,"Shape_Area":24036875.0336,"Shape__Area":34120236.981445313,"Shape__Length":42148.148043143905}},{"type":"Feature","id":391,"geometry":{"type":"Polygon","coordinates":[[[34.765051,31.651267],[34.777414,31.646229],[34.777722,31.625182],[34.781556,31.612206],[34.783059,31.610903],[34.783112,31.613065],[34.786718,31.613244],[34.787455,31.610787],[34.786358,31.608239],[34.789612,31.606625],[34.788629,31.604743],[34.793374,31.60289],[34.794237,31.604439],[34.79535,31.60399],[34.794231,31.602364],[34.798187,31.600089],[34.79954,31.597762],[34.802886,31.598698],[34.80392,31.597259],[34.801242,31.58428],[34.799869,31.584731],[34.799568,31.583879],[34.798461,31.583803],[34.800139,31.58312],[34.799826,31.582559],[34.798329,31.58268],[34.797109,31.580311],[34.794454,31.581677],[34.793223,31.580528],[34.792079,31.583164],[34.788631,31.584482],[34.787173,31.585901],[34.78368,31.575287],[34.777353,31.577678],[34.77884,31.579868],[34.778145,31.581164],[34.779124,31.583846],[34.780181,31.584732],[34.779832,31.589878],[34.777724,31.592548],[34.775272,31.5926],[34.774685,31.593308],[34.775359,31.596034],[34.773168,31.599553],[34.770145,31.60097],[34.765257,31.601006],[34.755139,31.597213],[34.750102,31.606632],[34.749353,31.617485],[34.750033,31.62184],[34.764661,31.629644],[34.767287,31.632185],[34.768914,31.635349],[34.769087,31.640454],[34.765051,31.651267]]]},"properties":{"FID":391,"Muni_Heb":"קרית גת","Muni_Eng":"Kiryat Gat","Sug_Muni":"עירייה","CR_PNIM":"2630","CR_LAMAS":"2630","Machoz":"דרום","Hearot":"השכבה אינה סטטוטורית באופן מלא.","Eshkol_MPn":" ","Sign_Date":1656288000000,"Tikun1":null,"Tikun2":null,"Tikun3":null,"Tikun4":null,"Tikun5":null,"Tikun6":null,"Tikun7":null,"Tikun8":null,"Tikun9":null,"Tikun10":null,"Tikun11":null,"Tikun12":null,"Tikun13":null,"Tikun14":null,"Tikun15":null,"Precision_":"מקור וקטורי חתום","FIRST_Nafa":"אשקלון","LAST_Nafa2":" ","Shape_Leng":27452.373108,"Shape_Area":16803700.471,"Shape__Area":23237029.947265625,"Shape__Length":32305.565050916797}},{"type":"Feature","id":392,"geometry":{"type":"Polygon","coordinates":[[[34.739777,31.626024],[34.738919,31.626464],[34.740284,31.628289],[34.744753,31.62606],[34.743639,31.624671],[34.739777,31.626024]]]},"properties":{"FID":392,"Muni_Heb":"קרית גת","Muni_Eng":"Kiryat Gat","Sug_Muni":"עירייה","CR_PNIM":"2630","CR_LAMAS":"2630","Machoz":"דרום","Hearot":"השכבה אינה סטטוטורית באופן מלא.","Eshkol_MPn":" ","Sign_Date":1656288000000,"Tikun1":null,"Tikun2":null,"Tikun3":null,"Tikun4":null,"Tikun5":null,"Tikun6":null,"Tikun7":null,"Tikun8":null,"Tikun9":null,"Tikun10":null,"Tikun11":null,"Tikun12":null,"Tikun13":null,"Tikun14":null,"Tikun15":null,"Precision_":"מקור וקטורי חתום","FIRST_Nafa":"אשקלון","LAST_Nafa2":" ","Shape_Leng":1480.92933239,"Shape_Area":108147.03765,"Shape__Area":149604.59375,"Shape__Length":1740.9733181122535}},{"type":"Feature","id":393,"geometry":{"type":"Polygon","coordinates":[[[35.101786,31.809967],[35.102741,31.809465],[35.102437,31.808027],[35.103504,31.806843],[35.101749,31.808055],[35.101786,31.809967]]]},"properties":{"FID":393,"Muni_Heb":"קרית יערים","Muni_Eng":"Kiryat Ye'arim","Sug_Muni":"מועצה מקומית","CR_PNIM":"1137","CR_LAMAS":"1137","Machoz":"ירושלים","Hearot":"השכבה אינה סטטוטורית באופן מלא.","Eshkol_MPn":" ","Sign_Date":722131200000,"Tikun1":null,"Tikun2":null,"Tikun3":null,"Tikun4":null,"Tikun5":null,"Tikun6":null,"Tikun7":null,"Tikun8":null,"Tikun9":null,"Tikun10":null,"Tikun11":null,"Tikun12":null,"Tikun13":null,"Tikun14":null,"Tikun15":null,"Precision_":"מקור וקטורי חתום","FIRST_Nafa":"ירושלים","LAST_Nafa2":" ","Shape_Leng":957.615139345,"Shape_Area":27452.6897007,"Shape__Area":38126.4130859375,"Shape__Length":1129.1115091063587}},{"type":"Feature","id":394,"geometry":{"type":"Polygon","coordinates":[[[35.103094,31.806325],[35.104005,31.805307],[35.10501,31.806222],[35.105734,31.805828],[35.106598,31.803916],[35.107258,31.803923],[35.10412,31.801698],[35.091335,31.800949],[35.091511,31.802582],[35.092963,31.804036],[35.099638,31.803718],[35.103094,31.806325]]]},"properties":{"FID":394,"Muni_Heb":"קרית יערים","Muni_Eng":"Kiryat Ye'arim","Sug_Muni":"מועצה מקומית","CR_PNIM":"1137","CR_LAMAS":"1137","Machoz":"ירושלים","Hearot":"השכבה אינה סטטוטורית באופן מלא.","Eshkol_MPn":" ","Sign_Date":722131200000,"Tikun1":null,"Tikun2":null,"Tikun3":null,"Tikun4":null,"Tikun5":null,"Tikun6":null,"Tikun7":null,"Tikun8":null,"Tikun9":null,"Tikun10":null,"Tikun11":null,"Tikun12":null,"Tikun13":null,"Tikun14":null,"Tikun15":null,"Precision_":"מקור וקטורי חתום","FIRST_Nafa":"ירושלים","LAST_Nafa2":" ","Shape_Leng":3907.16348342,"Shape_Area":470936.913073,"Shape__Area":653962.1904296875,"Shape__Length":4599.5786736154187}},{"type":"Feature","id":395,"geometry":{"type":"Polygon","coordinates":[[[35.095314,32.873798],[35.096584,32.873652],[35.096057,32.869314],[35.094705,32.869289],[35.095314,32.873798]]]},"properties":{"FID":395,"Muni_Heb":"קרית מוצקין","Muni_Eng":"Kiryat Motskin","Sug_Muni":"עירייה","CR_PNIM":"8200","CR_LAMAS":"8200","Machoz":"חיפה","Hearot":"השכבה אינה סטטוטורית באופן מלא.","Eshkol_MPn":"אשכול רשויות המפרץ","Sign_Date":1155772800000,"Tikun1":null,"Tikun2":null,"Tikun3":null,"Tikun4":null,"Tikun5":null,"Tikun6":null,"Tikun7":null,"Tikun8":null,"Tikun9":null,"Tikun10":null,"Tikun11":null,"Tikun12":null,"Tikun13":null,"Tikun14":null,"Tikun15":null,"Precision_":"מקור וקטורי חתום","FIRST_Nafa":"חיפה","LAST_Nafa2":" ","Shape_Leng":1233.47121726,"Shape_Area":60269.7463084,"Shape__Area":85673.4091796875,"Shape__Length":1472.671399284156}},{"type":"Feature","id":396,"geometry":{"type":"Polygon","coordinates":[[[35.07549,32.840515],[35.089518,32.860158],[35.091548,32.859219],[35.09498,32.860498],[35.093579,32.849693],[35.080567,32.8294],[35.079672,32.823007],[35.075368,32.82437],[35.073333,32.828895],[35.07248,32.828719],[35.071688,32.831474],[35.069288,32.83183],[35.07549,32.840515]]]},"properties":{"FID":396,"Muni_Heb":"קרית מוצקין","Muni_Eng":"Kiryat Motskin","Sug_Muni":"עירייה","CR_PNIM":"8200","CR_LAMAS":"8200","Machoz":"חיפה","Hearot":"השכבה אינה סטטוטורית באופן מלא.","Eshkol_MPn":"אשכול רשויות המפרץ","Sign_Date":1155772800000,"Tikun1":null,"Tikun2":null,"Tikun3":null,"Tikun4":null,"Tikun5":null,"Tikun6":null,"Tikun7":null,"Tikun8":null,"Tikun9":null,"Tikun10":null,"Tikun11":null,"Tikun12":null,"Tikun13":null,"Tikun14":null,"Tikun15":null,"Precision_":"מקור וקטורי חתום","FIRST_Nafa":"חיפה","LAST_Nafa2":" ","Shape_Leng":10403.3660941,"Shape_Area":3774967.52997,"Shape__Area":5362549.45703125,"Shape__Length":12413.028437189301}},{"type":"Feature","id":397,"geometry":{"type":"Polygon","coordinates":[[[34.743092,31.743762],[34.745692,31.739807],[34.747887,31.740619],[34.750242,31.739355],[34.752235,31.739897],[34.755213,31.738072],[34.756917,31.73789],[34.75875,31.736146],[34.757903,31.735485],[34.758095,31.733795],[34.756558,31.732264],[34.750182,31.728303],[34.740471,31.718083],[34.733844,31.724572],[34.733265,31.726727],[34.73572,31.730359],[34.734267,31.734182],[34.734368,31.736605],[34.741235,31.736887],[34.743092,31.743762]]]},"properties":{"FID":397,"Muni_Heb":"קרית מלאכי","Muni_Eng":"Kiryat Mal'ahi","Sug_Muni":"עירייה","CR_PNIM":"1034","CR_LAMAS":"1034","Machoz":"דרום","Hearot":"השכבה אינה סטטוטורית באופן מלא.","Eshkol_MPn":"אשכול רשויות שורק דרומי","Sign_Date":1530057600000,"Tikun1":null,"Tikun2":null,"Tikun3":null,"Tikun4":null,"Tikun5":null,"Tikun6":null,"Tikun7":null,"Tikun8":null,"Tikun9":null,"Tikun10":null,"Tikun11":null,"Tikun12":null,"Tikun13":null,"Tikun14":null,"Tikun15":null,"Precision_":"מקור וקטורי חתום","FIRST_Nafa":"אשקלון","LAST_Nafa2":" ","Shape_Leng":9024.64909949,"Shape_Area":3452371.9089,"Shape__Area":4786525.3974609375,"Shape__Length":10629.79334175756}},{"type":"Feature","id":398,"geometry":{"type":"Polygon","coordinates":[[[34.755306,31.723875],[34.756728,31.729321],[34.760805,31.728235],[34.761912,31.729041],[34.763238,31.728737],[34.766595,31.726186],[34.771429,31.724696],[34.768091,31.722835],[34.766956,31.718392],[34.754695,31.721534],[34.755306,31.723875]]]},"properties":{"FID":398,"Muni_Heb":"קרית מלאכי","Muni_Eng":"Kiryat Mal'ahi","Sug_Muni":"עירייה","CR_PNIM":"1034","CR_LAMAS":"1034","Machoz":"דרום","Hearot":"השכבה אינה סטטוטורית באופן מלא.","Eshkol_MPn":"אשכול רשויות שורק דרומי","Sign_Date":1530057600000,"Tikun1":null,"Tikun2":null,"Tikun3":null,"Tikun4":null,"Tikun5":null,"Tikun6":null,"Tikun7":null,"Tikun8":null,"Tikun9":null,"Tikun10":null,"Tikun11":null,"Tikun12":null,"Tikun13":null,"Tikun14":null,"Tikun15":null,"Precision_":"מקור וקטורי חתום","FIRST_Nafa":"אשקלון","LAST_Nafa2":" ","Shape_Leng":4699.1722033,"Shape_Area":1126307.18718,"Shape__Area":1561326.095703125,"Shape__Length":5530.85571705274}},{"type":"Feature","id":399,"geometry":{"type":"Polygon","coordinates":[[[35.592755,33.009845],[35.591046,33.009277],[35.59059,33.008248],[35.583723,33.00607],[35.583561,33.004859],[35.580522,33.00287],[35.580993,33.001068],[35.580461,32.999534],[35.578491,32.998811],[35.575718,32.999697],[35.571574,32.998043],[35.573121,32.996848],[35.570231,32.995893],[35.570562,32.994534],[35.569016,32.994158],[35.568976,32.99985],[35.565284,32.999469],[35.557516,32.981978],[35.56129,32.990875],[35.558277,32.990439],[35.553837,32.991132],[35.557304,32.993719],[35.558268,32.996393],[35.556919,32.996664],[35.562455,33.00391],[35.564947,33.011895],[35.557325,33.015967],[35.562518,33.018096],[35.562117,33.018539],[35.563315,33.019472],[35.565421,33.024923],[35.564465,33.026628],[35.572797,33.030256],[35.5721,33.022356],[35.575351,33.02024],[35.571438,33.018476],[35.571427,33.019532],[35.573723,33.020508],[35.571495,33.020075],[35.571312,33.020682],[35.570971,33.017889],[35.56851,33.015487],[35.572988,33.018458],[35.573943,33.017541],[35.572965,33.016227],[35.573338,33.015679],[35.574007,33.016409],[35.577011,33.015095],[35.575988,33.018698],[35.579597,33.019808],[35.580457,33.019659],[35.58159,33.015761],[35.585764,33.018727],[35.588736,33.014796],[35.586555,33.011083],[35.588385,33.010212],[35.588155,33.009333],[35.592755,33.009845]]]},"properties":{"FID":399,"Muni_Heb":"ראש פינה","Muni_Eng":"Rosh Pina","Sug_Muni":"מועצה מקומית","CR_PNIM":"0026","CR_LAMAS":"26","Machoz":"צפון","Hearot":"השכבה אינה סטטוטורית באופן מלא.","Eshkol_MPn":"אשכול רשויות גליל מזרחי","Sign_Date":1386547200000,"Tikun1":null,"Tikun2":null,"Tikun3":null,"Tikun4":null,"Tikun5":null,"Tikun6":null,"Tikun7":null,"Tikun8":null,"Tikun9":null,"Tikun10":null,"Tikun11":null,"Tikun12":null,"Tikun13":null,"Tikun14":null,"Tikun15":null,"Precision_":"מקור וקטורי חתום","FIRST_Nafa":"צפת","LAST_Nafa2":" ","Shape_Leng":22820.6703913,"Shape_Area":6207982.9486,"Shape__Area":8851739.529296875,"Shape__Length":27258.188696684643}},{"type":"Feature","id":400,"geometry":{"type":"Polygon","coordinates":[[[35.58329,32.98291],[35.577858,32.982955],[35.577488,32.980335],[35.574289,32.98086],[35.5745,32.985278],[35.583066,32.985635],[35.58329,32.98291]]]},"properties":{"FID":400,"Muni_Heb":"ראש פינה","Muni_Eng":"Rosh Pina","Sug_Muni":"מועצה מקומית","CR_PNIM":"0026","CR_LAMAS":"26","Machoz":"צפון","Hearot":"השכבה אינה סטטוטורית באופן מלא.","Eshkol_MPn":"אשכול רשויות גליל מזרחי","Sign_Date":1386547200000,"Tikun1":null,"Tikun2":null,"Tikun3":null,"Tikun4":null,"Tikun5":null,"Tikun6":null,"Tikun7":null,"Tikun8":null,"Tikun9":null,"Tikun10":null,"Tikun11":null,"Tikun12":null,"Tikun13":null,"Tikun14":null,"Tikun15":null,"Precision_":"מקור וקטורי חתום","FIRST_Nafa":"צפת","LAST_Nafa2":" ","Shape_Leng":2725.99642452,"Shape_Area":314598.235771,"Shape__Area":448312.0791015625,"Shape__Length":3252.5635406607839}},{"type":"Feature","id":401,"geometry":{"type":"Polygon","coordinates":[[[35.574936,32.960591],[35.574097,32.960646],[35.574119,32.961754],[35.564474,32.9614],[35.56203,32.960611],[35.558326,32.961016],[35.556064,32.958878],[35.553743,32.959857],[35.551743,32.956484],[35.549804,32.957],[35.547922,32.955446],[35.544252,32.955938],[35.541176,32.954687],[35.535453,32.954982],[35.534586,32.95386],[35.53528,32.95636],[35.534803,32.959008],[35.53703,32.963836],[35.532633,32.964244],[35.533067,32.966494],[35.531897,32.968157],[35.529847,32.96955],[35.526168,32.969884],[35.521736,32.973606],[35.522502,32.974968],[35.525766,32.974151],[35.530399,32.97488],[35.529797,32.977028],[35.532267,32.977191],[35.532591,32.979778],[35.533638,32.98021],[35.534131,32.978192],[35.533069,32.977262],[35.533052,32.975694],[35.536355,32.976117],[35.537427,32.975239],[35.540632,32.974928],[35.541091,32.975864],[35.546735,32.974876],[35.549356,32.977869],[35.555038,32.976714],[35.557787,32.981807],[35.561823,32.981461],[35.562073,32.983498],[35.565801,32.98349],[35.566084,32.984496],[35.570888,32.984932],[35.570767,32.983166],[35.572462,32.983136],[35.572031,32.980673],[35.571013,32.980655],[35.569765,32.975478],[35.573059,32.975778],[35.571994,32.974408],[35.579625,32.97333],[35.583452,32.971162],[35.586798,32.972442],[35.58806,32.971521],[35.588396,32.969237],[35.587224,32.968441],[35.583588,32.968439],[35.583146,32.966322],[35.581806,32.96491],[35.581905,32.962261],[35.583098,32.961299],[35.582578,32.960157],[35.575309,32.961813],[35.574936,32.960591]]]},"properties":{"FID":401,"Muni_Heb":"ראש פינה","Muni_Eng":"Rosh Pina","Sug_Muni":"מועצה מקומית","CR_PNIM":"0026","CR_LAMAS":"26","Machoz":"צפון","Hearot":"השכבה אינה סטטוטורית באופן מלא.","Eshkol_MPn":"אשכול רשויות גליל מזרחי","Sign_Date":1386547200000,"Tikun1":null,"Tikun2":null,"Tikun3":null,"Tikun4":null,"Tikun5":null,"Tikun6":null,"Tikun7":null,"Tikun8":null,"Tikun9":null,"Tikun10":null,"Tikun11":null,"Tikun12":null,"Tikun13":null,"Tikun14":null,"Tikun15":null,"Precision_":"מקור וקטורי חתום","FIRST_Nafa":"צפת","LAST_Nafa2":" ","Shape_Leng":21317.1336838,"Shape_Area":10230772.2886,"Shape__Area":14574416.2421875,"Shape__Length":25431.88641704345}},{"type":"Feature","id":402,"geometry":{"type":"Polygon","coordinates":[[[35.586278,32.977316],[35.583223,32.976277],[35.580671,32.979082],[35.586278,32.977316]]]},"properties":{"FID":402,"Muni_Heb":"ראש פינה","Muni_Eng":"Rosh Pina","Sug_Muni":"מועצה מקומית","CR_PNIM":"0026","CR_LAMAS":"26","Machoz":"צפון","Hearot":"השכבה אינה סטטוטורית באופן מלא.","Eshkol_MPn":"אשכול רשויות גליל מזרחי","Sign_Date":1386547200000,"Tikun1":null,"Tikun2":null,"Tikun3":null,"Tikun4":null,"Tikun5":null,"Tikun6":null,"Tikun7":null,"Tikun8":null,"Tikun9":null,"Tikun10":null,"Tikun11":null,"Tikun12":null,"Tikun13":null,"Tikun14":null,"Tikun15":null,"Precision_":"מקור וקטורי חתום","FIRST_Nafa":"צפת","LAST_Nafa2":" ","Shape_Leng":1276.3245289,"Shape_Area":61042.3288996,"Shape__Area":86975.5322265625,"Shape__Length":1522.045808623302}},{"type":"Feature","id":403,"geometry":{"type":"Polygon","coordinates":[[[34.958676,32.013436],[34.953821,32.013789],[34.953977,32.020887],[34.961391,32.022122],[34.962942,32.021758],[34.96416,32.022469],[34.965871,32.018295],[34.966018,32.014554],[34.958676,32.013436]]]},"properties":{"FID":403,"Muni_Heb":"שהם","Muni_Eng":"Shoham","Sug_Muni":"מועצה מקומית","CR_PNIM":"1304","CR_LAMAS":"1304","Machoz":"מרכז","Hearot":"השכבה אינה סטטוטורית באופן מלא.","Eshkol_MPn":" ","Sign_Date":1232496000000,"Tikun1":null,"Tikun2":null,"Tikun3":null,"Tikun4":null,"Tikun5":null,"Tikun6":null,"Tikun7":null,"Tikun8":null,"Tikun9":null,"Tikun10":null,"Tikun11":null,"Tikun12":null,"Tikun13":null,"Tikun14":null,"Tikun15":null,"Precision_":"מקור וקטורי חתום","FIRST_Nafa":"רמלה","LAST_Nafa2":"פתח תקוה","Shape_Leng":3921.50338598,"Shape_Area":985045.017411,"Shape__Area":1374187.9716796875,"Shape__Length":4630.9491095148314}},{"type":"Feature","id":404,"geometry":{"type":"Polygon","coordinates":[[[34.938554,31.990527],[34.936762,31.991509],[34.937084,31.993311],[34.940486,31.994574],[34.941267,31.997259],[34.941239,31.999506],[34.939716,31.99956],[34.939109,32.000958],[34.939995,32.007536],[34.950218,32.012642],[34.95306,32.012668],[34.952678,32.004816],[34.958947,32.003702],[34.96486,32.004169],[34.967787,32.001366],[34.967085,31.998249],[34.967993,31.995282],[34.966613,31.991534],[34.956889,31.988082],[34.953054,31.988809],[34.950194,31.986776],[34.951013,31.984491],[34.941611,31.98257],[34.93685,31.982634],[34.931715,31.984166],[34.932621,31.988972],[34.934267,31.988301],[34.938554,31.990527]],[[34.938554,31.990527],[34.939648,31.987977],[34.941849,31.988476],[34.941701,31.989141],[34.944651,31.990426],[34.943168,31.991173],[34.941876,31.993251],[34.938248,31.991183],[34.938554,31.990527]]]},"properties":{"FID":404,"Muni_Heb":"שהם","Muni_Eng":"Shoham","Sug_Muni":"מועצה מקומית","CR_PNIM":"1304","CR_LAMAS":"1304","Machoz":"מרכז","Hearot":"השכבה אינה סטטוטורית באופן מלא.","Eshkol_MPn":" ","Sign_Date":1232496000000,"Tikun1":null,"Tikun2":null,"Tikun3":null,"Tikun4":null,"Tikun5":null,"Tikun6":null,"Tikun7":null,"Tikun8":null,"Tikun9":null,"Tikun10":null,"Tikun11":null,"Tikun12":null,"Tikun13":null,"Tikun14":null,"Tikun15":null,"Precision_":"מקור וקטורי חתום","FIRST_Nafa":"רמלה","LAST_Nafa2":"פתח תקוה","Shape_Leng":14573.4678772,"Shape_Area":6177437.69101,"Shape__Area":8613887.171875,"Shape__Length":17205.261386290138}},{"type":"Feature","id":405,"geometry":{"type":"Polygon","coordinates":[[[35.237344,30.819443],[35.228613,30.82517],[35.224473,30.829802],[35.216014,30.834116],[35.20293,30.837896],[35.201758,30.838977],[35.201408,30.841623],[35.199163,30.843287],[35.182129,30.851412],[35.176042,30.85554],[35.169282,30.856829],[35.160232,30.86321],[35.154257,30.866252],[35.148136,30.87227],[35.146307,30.879287],[35.140872,30.886794],[35.138796,30.888015],[35.13883,30.889781],[35.134238,30.891551],[35.131505,30.899911],[35.129494,30.902412],[35.13138,30.90337],[35.131445,30.904851],[35.13025,30.905139],[35.131726,30.905692],[35.13084,30.906039],[35.132167,30.906763],[35.131419,30.907259],[35.132457,30.907268],[35.131304,30.908442],[35.132569,30.908549],[35.131714,30.909167],[35.133368,30.909356],[35.132355,30.910126],[35.134016,30.912492],[35.133928,30.915355],[35.13454,30.915924],[35.136227,30.914829],[35.136128,30.916391],[35.138801,30.918122],[35.133464,30.919251],[35.13262,30.920901],[35.133585,30.923086],[35.135993,30.924029],[35.143232,30.92456],[35.142315,30.927972],[35.143372,30.931055],[35.142508,30.93271],[35.152342,30.935798],[35.158165,30.939374],[35.158091,30.942823],[35.160566,30.943577],[35.159546,30.948003],[35.157287,30.952706],[35.157505,30.953772],[35.163042,30.958276],[35.165184,30.960917],[35.164975,30.962644],[35.165854,30.964262],[35.170934,30.968424],[35.168367,30.970718],[35.163279,30.978708],[35.179907,30.984182],[35.183878,30.989943],[35.185029,30.993003],[35.191871,30.993444],[35.193332,30.994708],[35.194447,30.998589],[35.196129,30.998897],[35.200935,31.003611],[35.201226,31.004488],[35.199332,31.005931],[35.197292,31.010069],[35.195324,31.010446],[35.194012,31.013706],[35.191886,31.012784],[35.184242,31.022493],[35.184113,31.023985],[35.188673,31.030342],[35.187449,31.036749],[35.188955,31.041106],[35.158887,31.038326],[35.102921,31.036383],[35.092845,31.036417],[35.088133,31.037877],[35.073183,31.037242],[35.063617,31.039209],[35.067727,31.048236],[35.068693,31.052401],[35.071644,31.054672],[35.072823,31.056663],[35.073127,31.059304],[35.071808,31.065277],[35.072862,31.067837],[35.096739,31.06788],[35.112344,31.069688],[35.125185,31.072167],[35.132707,31.074845],[35.139372,31.078899],[35.147715,31.088258],[35.161077,31.118997],[35.165329,31.139724],[35.166816,31.158647],[35.170631,31.17297],[35.17319,31.177138],[35.189343,31.193843],[35.188824,31.200003],[35.183944,31.205652],[35.223831,31.235047],[35.228128,31.238791],[35.226426,31.240782],[35.228614,31.239104],[35.23047,31.239833],[35.232028,31.238964],[35.234717,31.23995],[35.235456,31.240989],[35.233482,31.242249],[35.233218,31.243238],[35.230151,31.244274],[35.230906,31.244487],[35.230215,31.245274],[35.231495,31.245471],[35.23151,31.244363],[35.233757,31.244966],[35.234774,31.243611],[35.235583,31.244643],[35.236614,31.243272],[35.238078,31.243143],[35.238213,31.246348],[35.236806,31.248664],[35.243213,31.249918],[35.24279,31.251776],[35.240478,31.253033],[35.24519,31.252678],[35.245346,31.254129],[35.247179,31.255777],[35.245618,31.25643],[35.247731,31.256909],[35.248294,31.258679],[35.24999,31.258965],[35.249613,31.260391],[35.244083,31.262153],[35.242152,31.263931],[35.246859,31.262354],[35.247095,31.263598],[35.249035,31.262848],[35.250476,31.264442],[35.254472,31.262134],[35.254491,31.264821],[35.251817,31.265079],[35.25168,31.266255],[35.252531,31.266576],[35.251513,31.268673],[35.25213,31.268168],[35.253014,31.268833],[35.251948,31.270706],[35.255794,31.269972],[35.256864,31.271397],[35.259055,31.270851],[35.259431,31.271949],[35.258431,31.272517],[35.262506,31.277191],[35.268588,31.282408],[35.280055,31.288964],[35.287699,31.291942],[35.299344,31.301032],[35.308729,31.305946],[35.327494,31.309211],[35.341042,31.308601],[35.347296,31.30919],[35.348167,31.310532],[35.347997,31.312918],[35.345225,31.318141],[35.343491,31.320082],[35.340539,31.321427],[35.329424,31.324123],[35.317437,31.325178],[35.309792,31.324738],[35.289979,31.316699],[35.284071,31.315658],[35.257491,31.314181],[35.253669,31.312691],[35.251062,31.310156],[35.248454,31.306727],[35.247237,31.303595],[35.240757,31.301899],[35.233808,31.298799],[35.226278,31.293811],[35.219955,31.298787],[35.19451,31.295593],[35.178716,31.311677],[35.177522,31.31363],[35.175478,31.322128],[35.126103,31.308919],[35.117448,31.317129],[35.115549,31.320297],[35.115445,31.32463],[35.118936,31.331062],[35.096861,31.330925],[35.089058,31.33168],[35.09129,31.332773],[35.09217,31.334738],[35.095143,31.33456],[35.094305,31.337624],[35.094739,31.338582],[35.097292,31.338409],[35.093265,31.341551],[35.091408,31.34175],[35.091471,31.343081],[35.093373,31.342715],[35.095771,31.345837],[35.099168,31.345905],[35.099726,31.346696],[35.100847,31.345764],[35.103956,31.34824],[35.105122,31.347665],[35.107192,31.350499],[35.109085,31.351292],[35.10879,31.353104],[35.106296,31.354448],[35.110609,31.356772],[35.127785,31.355214],[35.134724,31.355304],[35.146871,31.360306],[35.157129,31.363227],[35.174582,31.364051],[35.203481,31.37127],[35.224835,31.372728],[35.228934,31.373711],[35.237579,31.380287],[35.25018,31.391552],[35.257828,31.39577],[35.277118,31.4103],[35.287948,31.416623],[35.293246,31.422031],[35.299333,31.425844],[35.301106,31.428265],[35.321249,31.43983],[35.369482,31.471819],[35.384088,31.481957],[35.388264,31.486073],[35.398331,31.492324],[35.412401,31.495667],[35.420253,31.496324],[35.451808,31.496645],[35.476009,31.493117],[35.475931,31.45782],[35.474654,31.443649],[35.473572,31.410905],[35.466559,31.382009],[35.46086,31.367823],[35.451786,31.350311],[35.441013,31.333173],[35.423396,31.309985],[35.413606,31.292276],[35.405305,31.274754],[35.402172,31.265505],[35.400212,31.256496],[35.400034,31.242853],[35.401313,31.235316],[35.404543,31.227752],[35.423256,31.200974],[35.446398,31.17227],[35.450896,31.164446],[35.455972,31.148981],[35.457988,31.136108],[35.458563,31.126257],[35.456838,31.107332],[35.454439,31.09761],[35.448685,31.08253],[35.442489,31.071338],[35.425179,31.04577],[35.421904,31.022355],[35.416819,31.003022],[35.416629,30.970583],[35.417359,30.968293],[35.415256,30.949756],[35.401858,30.933822],[35.396876,30.931314],[35.392959,30.926597],[35.381152,30.927566],[35.370145,30.926639],[35.353942,30.908953],[35.334778,30.873131],[35.331018,30.861984],[35.329194,30.841428],[35.333179,30.829724],[35.329959,30.828975],[35.328925,30.831303],[35.326162,30.832976],[35.32347,30.8362],[35.321815,30.840378],[35.322442,30.844077],[35.327154,30.851769],[35.32824,30.857009],[35.326653,30.858446],[35.320835,30.854947],[35.313157,30.851955],[35.311053,30.847299],[35.309204,30.846245],[35.30442,30.845588],[35.302567,30.840415],[35.296915,30.838566],[35.293857,30.835627],[35.292192,30.831547],[35.293101,30.818684],[35.28594,30.80631],[35.282454,30.80353],[35.276773,30.797079],[35.267445,30.792854],[35.258029,30.790334],[35.253991,30.789579],[35.251052,30.790326],[35.245366,30.790094],[35.243029,30.788271],[35.241086,30.788302],[35.242042,30.796318],[35.248964,30.803959],[35.255113,30.804654],[35.262632,30.808475],[35.268821,30.808777],[35.279788,30.807241],[35.281611,30.808221],[35.282072,30.814212],[35.283835,30.815971],[35.282988,30.818936],[35.284394,30.820341],[35.281181,30.838471],[35.260882,30.838511],[35.260768,30.830522],[35.261457,30.828898],[35.246416,30.82889],[35.245263,30.825264],[35.245497,30.820668],[35.242427,30.816297],[35.237344,30.819443]]]},"properties":{"FID":405,"Muni_Heb":"תמר","Muni_Eng":"Tamar","Sug_Muni":"מועצה אזורית","CR_PNIM":"5551","CR_LAMAS":" ","Machoz":"דרום","Hearot":"השכבה אינה סטטוטורית באופן מלא.","Eshkol_MPn":" ","Sign_Date":1602547200000,"Tikun1":null,"Tikun2":null,"Tikun3":null,"Tikun4":null,"Tikun5":null,"Tikun6":null,"Tikun7":null,"Tikun8":null,"Tikun9":null,"Tikun10":null,"Tikun11":null,"Tikun12":null,"Tikun13":null,"Tikun14":null,"Tikun15":null,"Precision_":"מקור וקטורי חתום","FIRST_Nafa":"באר שבע","LAST_Nafa2":" ","Shape_Leng":295312.404293,"Shape_Area":1597414763.72,"Shape__Area":2187746264.5703125,"Shape__Length":345623.71684167261}},{"type":"Feature","id":406,"geometry":{"type":"Polygon","coordinates":[[[35.267734,33.029811],[35.265258,33.029445],[35.265207,33.028842],[35.264588,33.030357],[35.263759,33.03038],[35.264467,33.033222],[35.265887,33.034145],[35.264587,33.035387],[35.263381,33.035369],[35.262585,33.036695],[35.267283,33.0346],[35.267734,33.029811]]]},"properties":{"FID":406,"Muni_Heb":"ללא שיפוט - אזור מעיליא","Muni_Eng":"No Jurisdiction - Mi'ilya Area","Sug_Muni":"ללא שיפוט","CR_PNIM":"9901","CR_LAMAS":" ","Machoz":"צפון","Hearot":"השכבה אינה סטטוטורית באופן מלא.","Eshkol_MPn":" ","Sign_Date":null,"Tikun1":null,"Tikun2":null,"Tikun3":null,"Tikun4":null,"Tikun5":null,"Tikun6":null,"Tikun7":null,"Tikun8":null,"Tikun9":null,"Tikun10":null,"Tikun11":null,"Tikun12":null,"Tikun13":null,"Tikun14":null,"Tikun15":null,"Precision_":"מקור וקטורי חתום","FIRST_Nafa":" ","LAST_Nafa2":" ","Shape_Leng":2617.93624489,"Shape_Area":200137.623889,"Shape__Area":285523.3369140625,"Shape__Length":3127.7319563636729}},{"type":"Feature","id":407,"geometry":{"type":"Polygon","coordinates":[[[35.077799,32.811011],[35.086516,32.811645],[35.085576,32.811387],[35.085113,32.809102],[35.082029,32.806852],[35.077799,32.811011]]]},"properties":{"FID":407,"Muni_Heb":"זבולון","Muni_Eng":"Zevulun","Sug_Muni":"מועצה אזורית","CR_PNIM":"5512","CR_LAMAS":" ","Machoz":"חיפה","Hearot":"השכבה אינה סטטוטורית באופן מלא.","Eshkol_MPn":" ","Sign_Date":1658707200000,"Tikun1":null,"Tikun2":null,"Tikun3":null,"Tikun4":null,"Tikun5":null,"Tikun6":null,"Tikun7":null,"Tikun8":null,"Tikun9":null,"Tikun10":null,"Tikun11":null,"Tikun12":null,"Tikun13":null,"Tikun14":null,"Tikun15":null,"Precision_":"מקור וקטורי חתום","FIRST_Nafa":"חיפה","LAST_Nafa2":" ","Shape_Leng":2209.12824474,"Shape_Area":224631.584434,"Shape__Area":318871.431640625,"Shape__Length":2630.6183512590419}},{"type":"Feature","id":408,"geometry":{"type":"Polygon","coordinates":[[[35.088756,32.81352],[35.089479,32.814694],[35.087808,32.814914],[35.087481,32.813199],[35.086837,32.813294],[35.087174,32.815022],[35.080441,32.815819],[35.084577,32.820696],[35.082747,32.821633],[35.084063,32.823474],[35.082848,32.824096],[35.083271,32.827371],[35.086793,32.825585],[35.094142,32.823497],[35.091344,32.814202],[35.088756,32.81352]]]},"properties":{"FID":408,"Muni_Heb":"זבולון","Muni_Eng":"Zevulun","Sug_Muni":"מועצה אזורית","CR_PNIM":"5512","CR_LAMAS":" ","Machoz":"חיפה","Hearot":"השכבה אינה סטטוטורית באופן מלא.","Eshkol_MPn":" ","Sign_Date":1658707200000,"Tikun1":null,"Tikun2":null,"Tikun3":null,"Tikun4":null,"Tikun5":null,"Tikun6":null,"Tikun7":null,"Tikun8":null,"Tikun9":null,"Tikun10":null,"Tikun11":null,"Tikun12":null,"Tikun13":null,"Tikun14":null,"Tikun15":null,"Precision_":"מקור וקטורי חתום","FIRST_Nafa":"חיפה","LAST_Nafa2":" ","Shape_Leng":5507.01457483,"Shape_Area":1141930.12196,"Shape__Area":1621387.3369140625,"Shape__Length":6562.7192832972733}},{"type":"Feature","id":409,"geometry":{"type":"Polygon","coordinates":[[[34.824095,32.155515],[34.820952,32.153097],[34.821822,32.155692],[34.824095,32.155515]]]},"properties":{"FID":409,"Muni_Heb":"רמת השרון","Muni_Eng":"Ramat Hasharon","Sug_Muni":"עירייה","CR_PNIM":"2650","CR_LAMAS":"2650","Machoz":"תל אביב","Hearot":"השכבה אינה סטטוטורית באופן מלא.","Eshkol_MPn":" ","Sign_Date":1672012800000,"Tikun1":null,"Tikun2":null,"Tikun3":null,"Tikun4":null,"Tikun5":null,"Tikun6":null,"Tikun7":null,"Tikun8":null,"Tikun9":null,"Tikun10":null,"Tikun11":null,"Tikun12":null,"Tikun13":null,"Tikun14":null,"Tikun15":null,"Precision_":"מקור וקטורי חתום","FIRST_Nafa":"תל אביב - יפו","LAST_Nafa2":" ","Shape_Leng":937.968192568,"Shape_Area":40767.6433526,"Shape__Area":57041.1708984375,"Shape__Length":1109.5843144691}}]}