שם יישוב,סמל יישוב,תעתיק,סמל מחוז,שם מחוז,סמל נפה,שם נפה,אזור טבעי,סמל מעמד מונציפאלי,שם מעמד מונציפאלי,שיוך מטרופוליני,דת יישוב,סך הכל אוכלוסייה 2023 - ארעי,סך הכל ישראלים 2023 - ארעי,יהודים ואחרים - ארעי,ערבים - ארעי,זרים - ארעי,שנת ייסוד,צורת יישוב שוטפת - ארעי,השתייכות ארגונית,קואורדינטות,גובה ממוצע עודכון בתאריך 12/02/2025,ועדת תכנון,תחנת משטרה,שנה,שם יישוב באנגלית,אשכול רשויות מקומיות
שחר,7,SHAHAR,6,הדרום,61,אשקלון,612,50,מועצה אזורית לכיש,,1,812,716,716,,96,1955.0,310,1,174014614251,100,634,10001813,2023,Shahar,ללא שיוך לאשכול
תירוש,10,TIROSH,1,ירושלים,11,ירושלים,112,26,מועצה אזורית מטה יהודה,,1,478,448,448,,30,1955.0,310,2,189282628714,149,151,15000597,2023,Tirosh,ללא שיוך לאשכול
"ניר ח""ן",11,NIR HEN,6,הדרום,61,אשקלון,612,50,מועצה אזורית לכיש,,1,652,605,603,2,47,1955.0,310,1,172978613039,104,634,10001813,2023,Nir Hen,ללא שיוך לאשכול
חצבה,13,HAZEVA,6,הדרום,62,באר שבע,625,54,מועצה אזורית הערבה התיכונה,,1,1218,785,770,15,433,1965.0,310,1,226679519767,-156,657,10001918,2023,Hazeva,אשכול רשויות נגב מזרחי
נועם,15,NO'AM,6,הדרום,61,אשקלון,612,34,מועצה אזורית שפיר,,1,466,456,456,,10,1955.0,310,2,180004608494,161,631,10001813,2023,No'am,ללא שיוך לאשכול
בית ניר,16,BET NIR,6,הדרום,61,אשקלון,612,35,מועצה אזורית יואב,,1,660,656,656,,4,1955.0,330,15,187997617384,240,632,10001813,2023,Bet Nir,אשכול רשויות שורק דרומי
שדה משה,18,SEDE MOSHE,6,הדרום,61,אשקלון,612,50,מועצה אזורית לכיש,,1,678,625,624,1,53,1956.0,310,1,181217613291,140,634,10001813,2023,Sede Moshe,ללא שיוך לאשכול
באר אורה,21,BE'ER ORA,6,הדרום,62,באר שבע,625,53,מועצה אזורית חבל אילות,,1,1332,1326,1294,32,6,1950.0,370,19,198390402533,108,608,10001955,2023,Be'er Ora,אשכול רשויות נגב מזרחי
מקווה ישראל,22,MIQWE YISRA'EL,5,תל אביב,53,תל אביב,513,,חסר מעמד מוניציפלי,123,1,330,330,330,,,1870.0,340,,179489659635,27,599,15005645,2023,Miqwe Yisra'el,ללא שיוך לאשכול
אמציה,23,AMAZYA,6,הדרום,61,אשקלון,612,50,מועצה אזורית לכיש,,1,186,181,176,5,5,1955.0,320,9,191847604508,360,634,10001813,2023,Amazya,ללא שיוך לאשכול
לכיש,24,LAKHISH,6,הדרום,61,אשקלון,612,50,מועצה אזורית לכיש,,1,1135,810,810,,325,1955.0,310,1,185055607722,247,634,10001813,2023,Lakhish,ללא שיוך לאשכול
ראש פינה,26,ROSH PINNA,2,הצפון,21,צפת,213,99,מועצה מקומית,,1,3375,3268,3201,67,107,1882.0,190,,251064763728,307,259,10004540,2023,Rosh Pinna,אשכול רשויות גליל מזרחי
שדות מיכה,27,SEDOT MIKHA,1,ירושלים,11,ירושלים,112,26,מועצה אזורית מטה יהודה,,1,351,344,344,,7,1955.0,310,1,192540625434,219,151,15000597,2023,Sedot Mikha,ללא שיוך לאשכול
מזכרת בתיה,28,MAZKERET BATYA,4,המרכז,44,רחובות,441,99,מועצה מקומית,143,1,16382,16270,16259,11,112,1883.0,170,,185303639848,62,453,10002241,2023,Mazkeret Batya,אשכול רשויות שורק דרומי
יסוד המעלה,29,YESUD HAMA'ALA,2,הצפון,21,צפת,211,99,מועצה מקומית,,1,1966,1812,1812,,154,1883.0,350,,256670773603,95,259,10004540,2023,Yesud HaMa'ala,אשכול רשויות גליל מזרחי
אופקים,31,OFAQIM,6,הדרום,62,באר שבע,622,0,עירייה,,1,37837,37616,37214,402,221,1955.0,160,,163869579594,142,601,10001893,2023,Ofaqim,אשכול רשויות נגב מערבי
עוצם,32,OZEM,6,הדרום,61,אשקלון,612,50,מועצה אזורית לכיש,,1,853,832,829,3,21,1955.0,310,1,171963616156,88,634,10001813,2023,Ozem,ללא שיוך לאשכול
בת שלמה,33,BAT SHELOMO,3,חיפה,32,חדרה,322,15,מועצה אזורית חוף הכרמל,243,1,650,627,627,,23,1889.0,310,7,200598722920,91,303,10004333,2023,Bat Shelomo,אשכול רשויות מישור החוף
גדות,35,GADOT,2,הצפון,21,צפת,213,1,מועצה אזורית הגליל העליון,,1,480,472,471,1,8,1949.0,330,15,258253769413,116,253,10004540,2023,Gadot,אשכול רשויות גליל מזרחי
שדה דוד,36,SEDE DAWID,6,הדרום,61,אשקלון,612,50,מועצה אזורית לכיש,,1,787,717,716,1,70,1955.0,310,6,170055609442,93,634,10001813,2023,Sede Dawid,ללא שיוך לאשכול
איתן,37,ETAN,6,הדרום,61,אשקלון,612,34,מועצה אזורית שפיר,,1,852,821,821,,31,1955.0,310,2,176145608986,156,631,10001813,2023,Etan,ללא שיוך לאשכול
גפן,39,GEFEN,1,ירושלים,11,ירושלים,112,26,מועצה אזורית מטה יהודה,,1,441,407,407,,34,1955.0,310,2,188573627617,159,151,15000597,2023,Gefen,ללא שיוך לאשכול
אליכין,41,ELYAKHIN,4,המרכז,41,השרון,411,99,מועצה מקומית,141,1,3838,3795,3793,2,43,1950.0,190,,193179701567,31,457,10004261,2023,Elyakhin,ללא שיוך לאשכול
מטולה,43,METULA,2,הצפון,21,צפת,211,99,מועצה מקומית,,1,2152,2065,1987,78,87,1896.0,190,,254170798178,445,259,10004591,2023,Metula,אשכול רשויות גליל מזרחי
זוהר,44,ZOHAR,6,הדרום,61,אשקלון,612,50,מועצה אזורית לכיש,,1,373,332,332,,41,1956.0,310,10,170881611568,117,634,10001813,2023,Zohar,ללא שיוך לאשכול
יבנאל,46,YAVNE'EL,2,הצפון,22,כנרת,222,99,מועצה מקומית,,1,4718,4591,4588,3,127,1901.0,190,,247492734925,12,251,10004552,2023,Yavne'el,אשכול רשויות הכנרת והעמקים
כפר תבור,47,KEFAR TAVOR,2,הצפון,22,כנרת,222,99,מועצה מקומית,,1,4376,4307,4267,40,69,1901.0,190,,239714732528,103,251,15002472,2023,Kefar Tavor,אשכול רשויות הכנרת והעמקים
מנחמיה,48,MENAHEMYA,2,הצפון,23,יזרעאל,231,7,מועצה אזורית עמק המעיינות,,1,1202,1161,1157,4,41,1902.0,350,,252341730234,-133,202,10004568,2023,Menahemya,אשכול רשויות הכנרת והעמקים
אילנייה,49,ILANIYYA,2,הצפון,22,כנרת,222,3,מועצה אזורית הגליל התחתון,,1,528,525,520,5,3,1902.0,310,10,238470739984,236,206,10004552,2023,Ilaniyya,אשכול רשויות הכנרת והעמקים
לוזית,52,LUZIT,1,ירושלים,11,ירושלים,112,26,מועצה אזורית מטה יהודה,,1,870,863,861,2,7,1955.0,310,1,189314621648,190,151,15000597,2023,Luzit,ללא שיוך לאשכול
עתלית,53,ATLIT,3,חיפה,32,חדרה,321,15,מועצה אזורית חוף הכרמל,223,1,11184,11126,10990,136,58,1904.0,170,,194971733087,12,303,10004710,2023,Atlit,אשכול רשויות מישור החוף
נוגה,55,NOGAH,6,הדרום,61,אשקלון,612,50,מועצה אזורית לכיש,,1,739,585,585,,154,1955.0,310,1,171098614785,108,634,10001813,2023,Nogah,ללא שיוך לאשכול
כנרת (קבוצה),57,KINNERET(QEVUZA),2,הצפון,22,כנרת,221,6,מועצה אזורית עמק הירדן,,1,800,769,769,,31,1908.0,330,15,252942735504,-171,214,10004552,2023,Kinneret(Qevuza),אשכול רשויות הכנרת והעמקים
מצפה,58,MIZPA,2,הצפון,22,כנרת,222,3,מועצה אזורית הגליל התחתון,,1,158,147,147,,11,1908.0,350,,248046743975,84,206,10004552,2023,Mizpa,אשכול רשויות הכנרת והעמקים
נחושה,59,NEHUSHA,1,ירושלים,11,ירושלים,112,26,מועצה אזורית מטה יהודה,444,1,1477,1469,1469,,8,1982.0,310,2,195537615030,413,151,15000597,2023,Nehusha,ללא שיוך לאשכול
דגניה א',62,DEGANYA ALEF,2,הצפון,22,כנרת,221,6,מועצה אזורית עמק הירדן,,1,634,618,617,1,16,1909.0,330,15,254180734892,-200,214,10004552,2023,Deganya Alef,אשכול רשויות הכנרת והעמקים
כנרת (מושבה),63,KINNERET(MOSHAVA),2,הצפון,22,כנרת,221,6,מועצה אזורית עמק הירדן,,1,681,653,629,24,28,1909.0,350,,253215736724,-74,214,10004552,2023,Kinneret(Moshava),אשכול רשויות הכנרת והעמקים
"יד רמב""ם",64,YAD RAMBAM,4,המרכז,43,רמלה,432,30,מועצה אזורית גזר,143,1,1241,1220,1220,,21,1955.0,310,2,190720645284,82,426,10002228,2023,Yad Rambam,ללא שיוך לאשכול
מגדל,65,MIGDAL,2,הצפון,22,כנרת,221,99,מועצה מקומית,,1,2171,2104,2049,55,67,1910.0,190,,247441749356,-88,251,10004552,2023,Migdal,אשכול רשויות הכנרת והעמקים
מרחביה (קיבוץ),66,MERHAVYA(QIBBUZ),2,הצפון,23,יזרעאל,234,9,מועצה אזורית עמק יזרעאל,,1,1370,1353,1332,21,17,1911.0,330,15,229101723554,70,254,10004394,2023,Merhavya(Qibbuz),אשכול רשויות הגליל והעמקים
אור הנר,67,OR HANER,6,הדרום,61,אשקלון,614,37,מועצה אזורית שער הנגב,,1,1024,985,985,,39,1957.0,330,15,162056607367,53,651,10001829,2023,Or HaNer,אשכול רשויות נגב מערבי
ניר עוז,69,NIR OZ,6,הדרום,62,באר שבע,622,38,מועצה אזורית אשכול,,1,421,396,394,2,25,1955.0,330,15,143044580175,105,651,10001893,2023,Nir Oz,אשכול רשויות נגב מערבי
אשדוד,70,ASHDOD,6,הדרום,61,אשקלון,613,0,עירייה,143,1,229173,225193,224513,680,3980,1955.0,130,,166892633764,22,603,10001836,2023,Ashdod,ללא שיוך לאשכול
אשבול,71,ESHBOL,6,הדרום,62,באר שבע,621,42,מועצה אזורית מרחבים,,1,747,739,739,,8,1955.0,310,1,168275595185,169,651,10001930,2023,Eshbol,אשכול רשויות נגב מערבי
גן שמואל,72,GAN SHEMU'EL,3,חיפה,32,חדרה,324,14,מועצה אזורית מנשה,,1,1188,1130,1129,1,58,1913.0,330,15,195584706490,23,351,10004261,2023,Gan Shemu'el,ללא שיוך לאשכול
עין הוד,74,EN HOD,3,חיפה,32,חדרה,322,15,מועצה אזורית חוף הכרמל,243,1,628,622,618,4,6,1954.0,370,19,198700733943,124,303,10004333,2023,En Hod,אשכול רשויות מישור החוף
כפר גלעדי,76,KEFAR GIL'ADI,2,הצפון,21,צפת,211,1,מועצה אזורית הגליל העליון,,1,789,753,753,,36,1916.0,330,15,253940794189,325,253,10004591,2023,Kefar Gil'adi,אשכול רשויות גליל מזרחי
איילת השחר,77,AYYELET HASHAHAR,2,הצפון,21,צפת,211,1,מועצה אזורית הגליל העליון,,1,1110,1071,1071,,39,1918.0,330,15,254188769903,170,253,10004540,2023,Ayyelet HaShahar,אשכול רשויות גליל מזרחי
קריית ענבים,78,QIRYAT ANAVIM,1,ירושלים,11,ירושלים,111,26,מועצה אזורית מטה יהודה,444,1,388,358,351,7,30,1920.0,330,15,211410635314,677,151,10002475,2023,Qiryat Anavim,ללא שיוך לאשכול
דגניה ב',79,DEGANYA BET,2,הצפון,22,כנרת,221,6,מועצה אזורית עמק הירדן,,1,764,744,743,1,20,1920.0,330,15,254213734039,-199,214,10004552,2023,Deganya Bet,אשכול רשויות הכנרת והעמקים
נהלל,80,NAHALAL,2,הצפון,23,יזרעאל,234,9,מועצה אזורית עמק יזרעאל,,1,1573,1277,1271,6,296,1921.0,310,1,218714732878,85,254,10004411,2023,Nahalal,אשכול רשויות הגליל והעמקים
עין חרוד (מאוחד),82,EN HAROD(ME'UHAD),2,הצפון,23,יזרעאל,232,8,מועצה אזורית הגלבוע,,1,839,816,816,,23,1921.0,330,15,237029718253,-16,204,10004394,2023,En Harod(Me'uhad),אשכול רשויות הגליל והעמקים
תל יוסף,84,TEL YOSEF,2,הצפון,23,יזרעאל,232,8,מועצה אזורית הגלבוע,,1,542,526,526,,16,1921.0,330,15,237784718018,-14,204,10004394,2023,Tel Yosef,אשכול רשויות הגליל והעמקים
כפר יחזקאל,85,KEFAR YEHEZQEL,2,הצפון,23,יזרעאל,232,8,מועצה אזורית הגלבוע,,1,1181,1146,1146,,35,1921.0,310,1,234036719221,6,204,10004394,2023,Kefar Yehezqel,אשכול רשויות הגליל והעמקים
גבע,86,GEVA,2,הצפון,23,יזרעאל,232,8,מועצה אזורית הגלבוע,,1,633,612,612,,21,1921.0,330,15,235199719128,12,204,10004394,2023,Geva,אשכול רשויות הגליל והעמקים
כרם בן שמן,88,KEREM BEN SHEMEN,4,המרכז,43,רמלה,432,25,מועצה אזורית חבל מודיעין,142,1,129,128,128,,1,1958.0,350,,193800651733,80,424,10002261,2023,Kerem Ben Shemen,ללא שיוך לאשכול
עין חרוד (איחוד),89,EN HAROD (IHUD),2,הצפון,23,יזרעאל,232,8,מועצה אזורית הגלבוע,,1,586,568,568,,18,1921.0,330,15,236990718837,44,204,10004394,2023,En Harod (Ihud),אשכול רשויות הגליל והעמקים
חפצי-בה,90,HEFZI-BAH,2,הצפון,23,יזרעאל,232,8,מועצה אזורית הגלבוע,,1,828,819,819,,9,1922.0,330,15,240084713898,-76,204,10004568,2023,Hefzi-Bah,אשכול רשויות הגליל והעמקים
גיניגר,92,GINNEGAR,2,הצפון,23,יזרעאל,234,9,מועצה אזורית עמק יזרעאל,,1,697,685,679,6,12,1922.0,330,15,224407729954,109,254,10004411,2023,Ginnegar,אשכול רשויות הגליל והעמקים
בלפוריה,94,BALFURYA,2,הצפון,23,יזרעאל,234,9,מועצה אזורית עמק יזרעאל,,1,628,613,613,,15,1922.0,310,1,228103726195,87,254,10004394,2023,Balfurya,אשכול רשויות הגליל והעמקים
בית אלפא,95,BET ALFA,2,הצפון,23,יזרעאל,232,8,מועצה אזורית הגלבוע,,1,1413,1392,1333,59,21,1922.0,330,15,240788713663,-84,204,10004568,2023,Bet Alfa,אשכול רשויות הגליל והעמקים
יגור,96,YAGUR,3,חיפה,31,חיפה,311,12,מועצה אזורית זבולון,223,1,1550,1525,1524,1,25,1922.0,330,15,207531738614,16,301,15005224,2023,Yagur,אשכול רשויות המפרץ
מרחביה (מושב),97,MERHAVYA(MOSHAV),2,הצפון,23,יזרעאל,234,9,מועצה אזורית עמק יזרעאל,,1,750,734,734,,16,1922.0,310,1,229967723282,76,254,10004394,2023,Merhavya(Moshav),אשכול רשויות הגליל והעמקים
"כפר מל""ל",98,KEFAR MALAL,4,המרכז,42,פתח תקווה,421,20,מועצה אזורית דרום השרון,131,1,320,312,312,,8,1922.0,310,1,190175674999,63,417,10002133,2023,Kefar Malal,אשכול רשויות השרון
מצפה רמון,99,MIZPE RAMON,6,הדרום,62,באר שבע,626,99,מועצה מקומית,,1,5625,5540,5181,359,85,1954.0,180,,180834503700,712,613,10001918,2023,Mizpe Ramon,אשכול רשויות נגב מזרחי
מאיר שפיה,102,ME'IR SHEFEYA,3,חיפה,32,חדרה,322,15,מועצה אזורית חוף הכרמל,,1,184,184,169,15,,1923.0,340,,197569721906,107,303,10004333,2023,Me'ir Shefeya,אשכול רשויות מישור החוף
תל עדשים,103,TEL ADASHIM,2,הצפון,23,יזרעאל,234,9,מועצה אזורית עמק יזרעאל,,1,1340,1298,1289,9,42,1923.0,310,1,228692729107,98,254,10004394,2023,Tel Adashim,אשכול רשויות הגליל והעמקים
מזרע,104,MIZRA,2,הצפון,23,יזרעאל,234,9,מועצה אזורית עמק יזרעאל,,1,970,945,945,,25,1923.0,330,15,227145728505,99,254,10004394,2023,Mizra,אשכול רשויות הגליל והעמקים
כפר גדעון,106,KEFAR GID'ON,2,הצפון,23,יזרעאל,234,9,מועצה אזורית עמק יזרעאל,,1,339,337,337,,2,1923.0,310,19,227606727744,90,254,10004394,2023,Kefar Gid'on,אשכול רשויות הגליל והעמקים
כפר סילבר,107,KEFAR SILVER,6,הדרום,61,אשקלון,614,36,מועצה אזורית חוף אשקלון,,1,279,239,234,5,40,1957.0,340,,163253620228,55,633,10001821,2023,Kefar Silver,אשכול רשויות נגב מערבי
כפר חסידים א',112,KEFAR HASIDIM ALEF,3,חיפה,31,חיפה,311,12,מועצה אזורית זבולון,222,1,1025,985,975,10,40,1924.0,310,19,208988739552,14,301,10004207,2023,Kefar Hasidim Alef,אשכול רשויות המפרץ
אדירים,113,ADDIRIM,2,הצפון,23,יזרעאל,234,8,מועצה אזורית הגלבוע,,1,364,323,323,,41,1956.0,310,1,225799717202,71,204,10004394,2023,Addirim,אשכול רשויות הגליל והעמקים
חופית,115,HOFIT,4,המרכז,41,השרון,411,16,מועצה אזורית עמק חפר,141,1,903,874,874,,29,1955.0,350,,188374699058,16,409,15000060,2023,Hofit,ללא שיוך לאשכול
רמת ישי,122,RAMAT YISHAY,2,הצפון,23,יזרעאל,235,99,מועצה מקומית,242,1,8009,7971,7958,13,38,1925.0,180,,215804734259,93,257,10004411,2023,Ramat Yishay,ללא שיוך לאשכול
שריד,126,SARID,2,הצפון,23,יזרעאל,234,9,מועצה אזורית עמק יזרעאל,,1,989,958,958,,31,1926.0,330,15,221404729872,89,254,10004411,2023,Sarid,אשכול רשויות הגליל והעמקים
רמת רחל,127,RAMAT RAHEL,1,ירושלים,11,ירושלים,111,26,מועצה אזורית מטה יהודה,444,1,580,565,565,,15,1926.0,330,15,220803627437,791,151,15000705,2023,Ramat Rahel,ללא שיוך לאשכול
גת רימון,128,GAT RIMMON,4,המרכז,42,פתח תקווה,422,20,מועצה אזורית דרום השרון,132,1,258,253,253,,5,1926.0,350,,188844663953,67,417,10002116,2023,Gat Rimmon,אשכול רשויות השרון
משמר העמק,130,MISHMAR HAEMEQ,2,הצפון,23,יזרעאל,234,13,מועצה אזורית מגידו,,1,1219,1199,1199,,20,1926.0,330,15,213632723991,104,254,10004411,2023,Mishmar HaEmeq,אשכול רשויות הגליל והעמקים
כפר ברוך,132,KEFAR BARUKH,2,הצפון,23,יזרעאל,234,9,מועצה אזורית עמק יזרעאל,,1,782,772,772,,10,1926.0,310,1,218186727950,55,254,10004411,2023,Kefar Barukh,אשכול רשויות הגליל והעמקים
גבת,133,GEVAT,2,הצפון,23,יזרעאל,234,9,מועצה אזורית עמק יזרעאל,,1,1093,1085,1085,,8,1926.0,330,15,220210731149,94,254,10004411,2023,Gevat,אשכול רשויות הגליל והעמקים
יפעת,134,YIF'AT,2,הצפון,23,יזרעאל,234,9,מועצה אזורית עמק יזרעאל,,1,1322,1304,1296,8,18,1926.0,330,15,221365731373,128,254,10004411,2023,Yif'at,אשכול רשויות הגליל והעמקים
רמת דוד,135,RAMAT DAWID,2,הצפון,23,יזרעאל,234,9,מועצה אזורית עמק יזרעאל,,1,704,698,698,,6,1926.0,330,15,219207731530,81,254,10004411,2023,Ramat Dawid,אשכול רשויות הגליל והעמקים
עין שמר,139,EN SHEMER,3,חיפה,32,חדרה,324,14,מועצה אזורית מנשה,,1,884,869,869,,15,1927.0,330,15,200907707757,43,351,10004333,2023,En Shemer,ללא שיוך לאשכול
כפר יהושע,140,KEFAR YEHOSHUA,2,הצפון,23,יזרעאל,235,9,מועצה אזורית עמק יזרעאל,,1,1230,1174,1174,,56,1927.0,310,1,214575732021,47,254,10004411,2023,Kefar Yehoshua,אשכול רשויות הגליל והעמקים
ברק,141,BARAQ,2,הצפון,23,יזרעאל,234,8,מועצה אזורית הגלבוע,,1,425,418,418,,7,1956.0,310,1,225131716513,72,204,10004394,2023,Baraq,אשכול רשויות הגליל והעמקים
שדה יעקב,142,SEDE YA'AQOV,2,הצפון,23,יזרעאל,235,9,מועצה אזורית עמק יזרעאל,,1,1102,1074,1074,,28,1927.0,310,2,213542733750,64,254,10004411,2023,Sede Ya'aqov,אשכול רשויות הגליל והעמקים
בית זרע,143,BET ZERA,2,הצפון,22,כנרת,221,6,מועצה אזורית עמק הירדן,,1,756,739,738,1,17,1926.0,330,15,254059732775,-200,214,10004552,2023,Bet Zera,אשכול רשויות הכנרת והעמקים
גן שלמה,144,GAN SHELOMO,4,המרכז,44,רחובות,441,28,מועצה אזורית ברנר,143,1,627,609,609,,18,1927.0,330,15,181071642877,45,456,15002488,2023,Gan Shelomo,אשכול רשויות שורק דרומי
גדיש,145,GADISH,2,הצפון,23,יזרעאל,234,8,מועצה אזורית הגלבוע,,1,347,338,338,,9,1956.0,310,1,223249718297,66,204,10004394,2023,Gadish,אשכול רשויות הגליל והעמקים
דבורה,146,DEVORA,2,הצפון,23,יזרעאל,234,8,מועצה אזורית הגלבוע,,1,338,325,321,4,13,1956.0,310,1,225051717622,69,204,10004394,2023,Devora,אשכול רשויות הגליל והעמקים
גבעת ברנר,147,GIV'AT BRENNER,4,המרכז,44,רחובות,441,28,מועצה אזורית ברנר,143,1,2479,2435,2433,2,44,1928.0,193,,181271641675,59,456,15002488,2023,Giv'at Brenner,אשכול רשויות שורק דרומי
תל מונד,154,TEL MOND,4,המרכז,41,השרון,411,99,מועצה מקומית,141,1,14591,14452,14444,8,139,1929.0,170,,192404684386,46,457,15000060,2023,Tel Mond,אשכול רשויות השרון
באר טוביה,155,BE'ER TOVIYYA,6,הדרום,61,אשקלון,611,33,מועצה אזורית באר טוביה,143,1,1372,1288,1288,,84,1930.0,310,1,173903626988,53,616,10001821,2023,Be'er Toviyya,אשכול רשויות שורק דרומי
עיינות,156,AYANOT,4,המרכז,44,רחובות,442,27,מועצה אזורית גן רווה,143,1,193,181,179,2,12,1930.0,340,,178163647040,24,456,15002488,2023,Ayanot,ללא שיוך לאשכול
עין ורד,157,EN WERED,4,המרכז,41,השרון,411,18,מועצה אזורית לב השרון,141,1,1626,1544,1543,1,82,1930.0,310,1,193769685700,62,412,15000060,2023,En Wered,אשכול רשויות השרון
נען,158,NA'AN,4,המרכז,43,רמלה,432,30,מועצה אזורית גזר,143,1,1841,1813,1813,,28,1930.0,330,15,186654643499,91,426,10002241,2023,Na'an,ללא שיוך לאשכול
בית חנן,159,BET HANAN,4,המרכז,44,רחובות,442,27,מועצה אזורית גן רווה,143,1,625,587,586,1,38,1930.0,310,1,178686649043,39,456,15002488,2023,Bet Hanan,ללא שיוך לאשכול
חולדה,160,HULDA,4,המרכז,43,רמלה,432,30,מועצה אזורית גזר,143,1,1285,1257,1257,,28,1930.0,330,15,188984637667,119,426,10002241,2023,Hulda,ללא שיוך לאשכול
חירות,162,HERUT,4,המרכז,41,השרון,411,18,מועצה אזורית לב השרון,141,1,1313,1264,1257,7,49,1930.0,310,1,192144683000,60,412,15000060,2023,Herut,אשכול רשויות השרון
תימורים,163,TIMMORIM,6,הדרום,61,אשקלון,611,33,מועצה אזורית באר טוביה,143,1,719,708,708,,11,1954.0,320,6,177198624857,77,616,10001821,2023,Timmorim,אשכול רשויות שורק דרומי
מלאה,164,MELE'A,2,הצפון,23,יזרעאל,234,8,מועצה אזורית הגלבוע,,1,387,357,357,,30,1956.0,310,1,222567718812,66,204,10004394,2023,Mele'a,אשכול רשויות הגליל והעמקים
ניר יפה,165,NIR YAFE,2,הצפון,23,יזרעאל,234,8,מועצה אזורית הגלבוע,,1,685,680,680,,5,1956.0,310,1,223283719428,63,204,10004394,2023,Nir Yafe,אשכול רשויות הגליל והעמקים
גן יבנה,166,GAN YAVNE,4,המרכז,44,רחובות,441,99,מועצה מקומית,143,1,24473,24335,24265,70,138,1931.0,160,,172479632954,39,429,10001821,2023,Gan Yavne,ללא שיוך לאשכול
עין החורש,167,EN HAHORESH,4,המרכז,41,השרון,411,16,מועצה אזורית עמק חפר,141,1,913,893,893,,20,1931.0,330,15,194542699149,21,409,15000060,2023,En HaHoresh,ללא שיוך לאשכול
כפר יונה,168,KEFAR YONA,4,המרכז,41,השרון,411,0,עירייה,141,1,29548,29406,29392,14,142,1932.0,160,,193910691326,42,430,15000060,2023,Kefar Yona,אשכול רשויות השרון
כפר יעבץ,170,KEFAR YA'BEZ,4,המרכז,41,השרון,411,18,מועצה אזורית לב השרון,141,1,691,672,672,,19,1932.0,310,2,196945686790,51,412,15000060,2023,Kefar Ya'bez,אשכול רשויות השרון
פרדסייה,171,PARDESIYYA,4,המרכז,41,השרון,411,99,מועצה מקומית,141,1,7950,7915,7912,3,35,1942.0,180,,191771690282,52,457,15000060,2023,Pardesiyya,ללא שיוך לאשכול
גבעת חיים (מאוחד),173,GIV'AT HAYYIM(ME'UHAD),4,המרכז,41,השרון,411,16,מועצה אזורית עמק חפר,141,1,1249,1227,1227,,22,1932.0,330,15,193706699759,20,409,15000060,2023,Giv'at Hayyim(Me'uhad),ללא שיוך לאשכול
נטעים,174,NETA'IM,4,המרכז,44,רחובות,442,27,מועצה אזורית גן רווה,143,1,727,701,701,,26,1932.0,310,1,178926650312,51,456,15002488,2023,Neta'im,ללא שיוך לאשכול
אביחיל,175,AVIHAYIL,4,המרכז,41,השרון,411,16,מועצה אזורית עמק חפר,141,1,1254,1240,1239,1,14,1932.0,310,1,188086695272,37,409,10002089,2023,Avihayil,ללא שיוך לאשכול
אפיקים,176,AFIQIM,2,הצפון,22,כנרת,221,6,מועצה אזורית עמק הירדן,,1,1105,1057,1055,2,48,1932.0,330,15,254495731910,-199,214,10004552,2023,Afiqim,אשכול רשויות הכנרת והעמקים
"כפר ביל""ו",177,KEFAR BILU,4,המרכז,44,רחובות,441,30,מועצה אזורית גזר,143,1,1202,1137,1137,,65,1932.0,310,1,183612642274,63,426,10002241,2023,Kefar Bilu,ללא שיוך לאשכול
רמת יוחנן,178,RAMAT YOHANAN,3,חיפה,31,חיפה,311,12,מועצה אזורית זבולון,222,1,1114,1090,1088,2,24,1932.0,330,15,211748744316,48,301,10004207,2023,Ramat Yohanan,אשכול רשויות המפרץ
אבן יהודה,182,EVEN YEHUDA,4,המרכז,41,השרון,411,99,מועצה מקומית,141,1,15103,14885,14877,8,218,1932.0,170,,189433686424,36,457,15000060,2023,Even Yehuda,ללא שיוך לאשכול
ירקונה,183,YARQONA,4,המרכז,42,פתח תקווה,421,20,מועצה אזורית דרום השרון,142,1,360,337,337,,23,1932.0,310,1,190652672460,29,417,10002133,2023,Yarqona,אשכול רשויות השרון
רמת הכובש,184,RAMAT HAKOVESH,4,המרכז,42,פתח תקווה,421,20,מועצה אזורית דרום השרון,141,1,1077,1061,1061,,16,1932.0,330,15,194331680446,61,417,10004769,2023,Ramat HaKovesh,אשכול רשויות השרון
נעורים,186,NE'URIM,4,המרכז,41,השרון,411,16,מועצה אזורית עמק חפר,141,1,242,242,242,,,1953.0,340,,187233697851,20,409,15000060,2023,Ne'urim,ללא שיוך לאשכול
כפר הס,187,KEFAR HESS,4,המרכז,41,השרון,411,18,מועצה אזורית לב השרון,141,1,1522,1382,1382,,140,1933.0,310,1,193957683663,73,412,15000060,2023,Kefar Hess,אשכול רשויות השרון
אשדות יעקב (מאוחד),188,ASHDOT YA'AQOV(ME'UHAD),2,הצפון,22,כנרת,221,6,מועצה אזורית עמק הירדן,,1,903,875,870,5,28,1933.0,330,15,255015729774,-200,214,10004552,2023,Ashdot Ya'aqov(Me'uhad),אשכול רשויות הכנרת והעמקים
כפר פינס,189,KEFAR PINES,3,חיפה,32,חדרה,324,14,מועצה אזורית מנשה,,1,739,733,733,,6,1933.0,310,2,200463710002,60,351,10004333,2023,Kefar Pines,ללא שיוך לאשכול
כפר ויתקין,190,KEFAR VITKIN,4,המרכז,41,השרון,411,16,מועצה אזורית עמק חפר,141,1,1987,1817,1814,3,170,1933.0,310,,188721698680,14,409,15000060,2023,Kefar Vitkin,ללא שיוך לאשכול
הדר עם,191,HADAR AM,4,המרכז,41,השרון,411,16,מועצה אזורית עמק חפר,141,1,815,786,786,,29,1933.0,310,10,190909695064,27,409,15000060,2023,Hadar Am,ללא שיוך לאשכול
כפר החורש,192,KEFAR HAHORESH,2,הצפון,23,יזרעאל,237,9,מועצה אזורית עמק יזרעאל,,1,776,767,714,53,9,1933.0,330,15,225886734049,401,254,10004411,2023,Kefar HaHoresh,אשכול רשויות הגליל והעמקים
כפר חיים,193,KEFAR HAYYIM,4,המרכז,41,השרון,411,16,מועצה אזורית עמק חפר,141,1,633,517,516,1,116,1933.0,310,1,190828695636,23,409,15000060,2023,Kefar Hayyim,ללא שיוך לאשכול
משמר השרון,194,MISHMAR HASHARON,4,המרכז,41,השרון,411,16,מועצה אזורית עמק חפר,141,1,688,663,663,,25,1933.0,330,15,191129695903,19,409,15000060,2023,Mishmar HaSharon,ללא שיוך לאשכול
קדימה-צורן,195,QADIMA-ZORAN,4,המרכז,41,השרון,411,99,מועצה מקומית,141,1,22471,22104,22083,21,367,1933.0,160,,192642687447,51,457,15000060,2023,Qadima- Zoran,אשכול רשויות השרון
גיבתון,196,GIBBETON,4,המרכז,44,רחובות,441,28,מועצה אזורית ברנר,143,1,399,392,392,,7,1933.0,350,,181193644067,42,456,10002241,2023,Gibbeton,אשכול רשויות שורק דרומי
מעברות,197,MA'BAROT,4,המרכז,41,השרון,411,16,מועצה אזורית עמק חפר,141,1,970,944,944,,26,1933.0,330,15,191265696682,14,409,15000060,2023,Ma'barot,ללא שיוך לאשכול
צופית,198,ZOFIT,4,המרכז,42,פתח תקווה,421,20,מועצה אזורית דרום השרון,141,1,1115,1042,1042,,73,1933.0,310,1,192735677741,66,417,10002133,2023,Zofit,אשכול רשויות השרון
אשדות יעקב (איחוד),199,ASHDOT YA'AQOV(IHUD),2,הצפון,22,כנרת,221,6,מועצה אזורית עמק הירדן,,1,962,962,955,7,,1933.0,330,15,254716729365,-200,214,10004552,2023,Ashdot Ya'aqov(Ihud),אשכול רשויות הכנרת והעמקים
בית ינאי,200,BET YANNAY,4,המרכז,41,השרון,411,16,מועצה אזורית עמק חפר,141,1,342,341,341,,1,1933.0,310,10,187370698656,16,409,15000060,2023,Bet Yannay,ללא שיוך לאשכול
בית עובד,202,BET OVED,4,המרכז,44,רחובות,442,27,מועצה אזורית גן רווה,143,1,297,289,289,,8,1933.0,310,1,178705647731,32,456,15002488,2023,Bet Oved,ללא שיוך לאשכול
אלישיב,204,ELYASHIV,4,המרכז,41,השרון,411,16,מועצה אזורית עמק חפר,141,1,684,674,674,,10,1933.0,310,7,191718698592,19,409,15000060,2023,Elyashiv,ללא שיוך לאשכול
חגלה,205,HOGLA,4,המרכז,41,השרון,411,16,מועצה אזורית עמק חפר,141,1,766,725,725,,41,1933.0,310,1,193279699271,19,409,15000060,2023,Hogla,ללא שיוך לאשכול
רמות השבים,206,RAMOT HASHAVIM,4,המרכז,42,פתח תקווה,421,20,מועצה אזורית דרום השרון,131,1,1618,1589,1589,,29,1933.0,350,,189292674829,60,417,10002133,2023,Ramot HaShavim,אשכול רשויות השרון
"גבעת ח""ן",207,GIV'AT HEN,4,המרכז,42,פתח תקווה,421,20,מועצה אזורית דרום השרון,131,1,465,382,381,1,83,1933.0,310,1,188326674959,62,417,10002133,2023,Giv'at Hen,אשכול רשויות השרון
מוצא עילית,208,MOZA ILLIT,1,ירושלים,11,ירושלים,111,26,מועצה אזורית מטה יהודה,444,1,1645,1616,1603,13,29,1933.0,350,,215022633456,636,151,10002475,2023,Moza Illit,ללא שיוך לאשכול
בית צבי,212,BET ZEVI,3,חיפה,32,חדרה,321,15,מועצה אזורית חוף הכרמל,223,1,187,182,182,,5,1953.0,340,,197448736156,42,303,10004710,2023,Bet Zevi,אשכול רשויות מישור החוף
משמרות,213,MISHMAROT,3,חיפה,32,חדרה,324,14,מועצה אזורית מנשה,,1,1323,1310,1309,1,13,1933.0,330,15,198767710306,53,351,10004333,2023,Mishmarot,ללא שיוך לאשכול
"כפר הרא""ה",217,KEFAR HARO'E,4,המרכז,41,השרון,411,16,מועצה אזורית עמק חפר,141,1,1350,1328,1328,,22,1934.0,310,2,191924699673,23,409,15000060,2023,Kefar HaRo'e,ללא שיוך לאשכול
גני עם,218,GANNE AM,4,המרכז,42,פתח תקווה,421,20,מועצה אזורית דרום השרון,142,1,263,250,250,,13,1934.0,350,,190878673143,33,417,10002133,2023,Ganne Am,אשכול רשויות השרון
חיבת ציון,219,HIBBAT ZIYYON,4,המרכז,41,השרון,411,16,מועצה אזורית עמק חפר,141,1,931,894,894,,37,1933.0,310,7,191979700423,29,409,15000060,2023,Hibbat Ziyyon,ללא שיוך לאשכול
כפר ביאליק,220,KEFAR BIALIK,3,חיפה,31,חיפה,311,12,מועצה אזורית זבולון,222,1,765,750,748,2,15,1934.0,310,,208416747404,10,301,10004207,2023,Kefar Bialik,אשכול רשויות המפרץ
עין עירון,223,EN IRON,3,חיפה,32,חדרה,324,14,מועצה אזורית מנשה,,1,572,547,547,,25,1934.0,310,1,201111709952,62,351,10004333,2023,En Iron,ללא שיוך לאשכול
שושנת העמקים,224,SHOSHANNAT HAAMAQIM,4,המרכז,41,השרון,411,16,מועצה אזורית עמק חפר,141,1,468,464,464,,4,1951.0,350,,186751695641,19,409,10002089,2023,Shoshannat HaAmaqim,ללא שיוך לאשכול
גן השומרון,225,GAN HASHOMERON,3,חיפה,32,חדרה,324,14,מועצה אזורית מנשה,,1,871,829,828,1,42,1934.0,310,10,200085707640,44,351,10004333,2023,Gan HaShomeron,ללא שיוך לאשכול
גני תקווה,229,GANNE TIQWA,4,המרכז,42,פתח תקווה,422,0,עירייה,132,1,25093,24729,24711,18,364,1953.0,160,,188349663033,74,428,10001516,2023,Ganne Tiqwa,ללא שיוך לאשכול
מעש,230,MA'AS,4,המרכז,42,פתח תקווה,422,20,מועצה אזורית דרום השרון,132,1,893,862,862,,31,1935.0,310,1,189738663530,52,417,10002116,2023,Ma'as,אשכול רשויות השרון
שפיים,232,SHEFAYIM,4,המרכז,41,השרון,411,19,מועצה אזורית חוף השרון,141,1,1468,1446,1445,1,22,1935.0,330,15,183674680494,37,401,15000060,2023,Shefayim,ללא שיוך לאשכול
כפר ידידיה,233,KEFAR YEDIDYA,4,המרכז,41,השרון,411,16,מועצה אזורית עמק חפר,141,1,782,738,738,,44,1935.0,310,1,190647694687,24,409,15000060,2023,Kefar Yedidya,ללא שיוך לאשכול
ביצרון,234,BIZZARON,6,הדרום,61,אשקלון,611,33,מועצה אזורית באר טוביה,143,1,1285,1124,1123,1,161,1935.0,310,1,174492633801,55,616,10001821,2023,Bizzaron,אשכול רשויות שורק דרומי
חבצלת השרון,235,HAVAZZELET HASHARON,4,המרכז,41,השרון,411,16,מועצה אזורית עמק חפר,141,1,406,401,400,1,5,1935.0,310,10,187294696357,23,409,10002089,2023,Havazzelet HaSharon,ללא שיוך לאשכול
שער העמקים,237,SHA'AR HAAMAQIM,3,חיפה,31,חיפה,311,12,מועצה אזורית זבולון,222,1,794,768,768,,26,1935.0,330,15,210856736508,63,301,10004207,2023,Sha'ar HaAmaqim,אשכול רשויות המפרץ
גן חיים,239,GAN HAYYIM,4,המרכז,42,פתח תקווה,421,20,מועצה אזורית דרום השרון,141,1,705,681,681,,24,1935.0,310,1,191281677989,61,417,10002133,2023,Gan Hayyim,אשכול רשויות השרון
יקנעם עילית,240,YOQNE'AM ILLIT,2,הצפון,23,יזרעאל,235,0,עירייה,223,1,24910,24717,24684,33,193,1950.0,160,,209105728029,152,222,10004411,2023,Yoqne'am Illit,אשכול רשויות המפרץ
יקנעם (מושבה),241,YOQNE'AM(MOSHAVA),2,הצפון,23,יזרעאל,235,13,מועצה אזורית מגידו,,1,1461,1430,1430,,31,1935.0,310,10,211060728927,58,254,10004411,2023,Yoqne'am(Moshava),אשכול רשויות הגליל והעמקים
בית השיטה,242,BET HASHITTA,2,הצפון,23,יזרעאל,232,8,מועצה אזורית הגלבוע,,1,1464,1444,1443,1,20,1935.0,330,15,241563717548,-25,204,10004568,2023,Bet HaShitta,אשכול רשויות הגליל והעמקים
נתיבות,246,NETIVOT,6,הדרום,62,באר שבע,621,0,עירייה,,1,52877,51859,51762,97,1018,1956.0,150,,160378592432,134,609,10001930,2023,Netivot,אשכול רשויות נגב מערבי
רשפון,247,RISHPON,4,המרכז,41,השרון,411,19,מועצה אזורית חוף השרון,141,1,1315,1253,1253,,62,1936.0,310,1,183615678620,26,401,10001605,2023,Rishpon,ללא שיוך לאשכול
בית שערים,248,BET SHE'ARIM,2,הצפון,23,יזרעאל,235,9,מועצה אזורית עמק יזרעאל,,1,701,636,636,,65,1936.0,310,1,216999733570,74,254,10004411,2023,Bet She'arim,אשכול רשויות הגליל והעמקים
כפר סירקין,249,KEFAR SIRKIN,4,המרכז,42,פתח תקווה,422,20,מועצה אזורית דרום השרון,142,1,1432,1395,1395,,37,1936.0,310,,192997664883,41,417,10002116,2023,Kefar Sirkin,אשכול רשויות השרון
הזורע,250,HAZOREA,2,הצפון,23,יזרעאל,235,13,מועצה אזורית מגידו,,1,1045,1008,1008,,37,1936.0,330,15,211481727738,64,254,10004411,2023,HaZorea,אשכול רשויות הגליל והעמקים
ביתן אהרן,252,BITAN AHARON,4,המרכז,41,השרון,411,16,מועצה אזורית עמק חפר,141,1,270,244,244,,26,1936.0,310,10,187995696858,25,409,15000060,2023,Bitan Aharon,ללא שיוך לאשכול
חולתה,253,HULATA,2,הצפון,21,צפת,211,1,מועצה אזורית הגליל העליון,,1,752,740,739,1,12,1937.0,330,15,257324773011,80,253,10004540,2023,Hulata,אשכול רשויות גליל מזרחי
כפר המכבי,254,KEFAR HAMAKKABBI,3,חיפה,31,חיפה,311,12,מועצה אזורית זבולון,222,1,441,432,431,1,9,1936.0,330,15,211167743937,28,301,10004207,2023,Kefar HaMakkabbi,אשכול רשויות המפרץ
כפר חיטים,255,KEFAR HITTIM,2,הצפון,22,כנרת,222,3,מועצה אזורית הגליל התחתון,,1,623,618,618,,5,1936.0,320,1,247396745196,31,206,10004552,2023,Kefar Hittim,אשכול רשויות הכנרת והעמקים
ניר דוד (תל עמל),256,NIR DAWID (TEL AMAL),2,הצפון,23,יזרעאל,231,7,מועצה אזורית עמק המעיינות,,1,845,827,826,1,18,1936.0,330,15,243082712209,-103,202,10004568,2023,Nir Dawid (Tel Amal),אשכול רשויות הכנרת והעמקים
נופך,257,NOFEKH,4,המרכז,42,פתח תקווה,422,25,מועצה אזורית חבל מודיעין,142,1,683,675,675,,8,1949.0,370,19,192664661170,60,424,10002116,2023,Nofekh,ללא שיוך לאשכול
שדה נחום,259,SEDE NAHUM,2,הצפון,23,יזרעאל,231,7,מועצה אזורית עמק המעיינות,,1,1164,1155,1154,1,9,1937.0,330,15,245478714878,-75,202,10004568,2023,Sede Nahum,אשכול רשויות הכנרת והעמקים
גינוסר,262,GINNOSAR,2,הצפון,22,כנרת,221,6,מועצה אזורית עמק הירדן,,1,784,728,715,13,56,1937.0,330,15,249302750352,-203,214,10004552,2023,Ginnosar,אשכול רשויות הכנרת והעמקים
מסדה,263,MASSADA,2,הצפון,22,כנרת,221,6,מועצה אזורית עמק הירדן,,1,355,346,342,4,9,1937.0,330,15,256397732200,-191,214,10004552,2023,Massada,אשכול רשויות הכנרת והעמקים
שער הגולן,264,SHA'AR HAGOLAN,2,הצפון,22,כנרת,221,6,מועצה אזורית עמק הירדן,,1,621,596,596,,25,1937.0,330,15,256935732585,-195,214,10004552,2023,Sha'ar HaGolan,אשכול רשויות הכנרת והעמקים
בית יוסף,265,BET YOSEF,2,הצפון,23,יזרעאל,231,7,מועצה אזורית עמק המעיינות,,1,598,491,491,,107,1937.0,310,1,252063718398,-230,202,10004568,2023,Bet Yosef,אשכול רשויות הכנרת והעמקים
כפר שמריהו,267,KEFAR SHEMARYAHU,5,תל אביב,51,תל אביב,511,99,מועצה מקומית,121,1,2028,1956,1939,17,72,1937.0,190,,183305677018,31,504,10001605,2023,Kefar Shemaryahu,ללא שיוך לאשכול
טירת צבי,268,TIRAT ZEVI,2,הצפון,23,יזרעאל,231,7,מועצה אזורית עמק המעיינות,,1,1058,1022,1022,,36,1937.0,330,3,249950703021,-220,202,10004568,2023,Tirat Zevi,אשכול רשויות הכנרת והעמקים
מולדת,269,MOLEDET,2,הצפון,23,יזרעאל,233,8,מועצה אזורית הגלבוע,,1,1185,1164,1164,,21,1937.0,320,1,241617721365,62,204,10004394,2023,Moledet,אשכול רשויות הגליל והעמקים
עין השופט,270,EN HASHOFET,2,הצפון,23,יזרעאל,236,13,מועצה אזורית מגידו,,1,989,970,969,1,19,1937.0,330,15,209684722402,261,254,10004411,2023,En HaShofet,אשכול רשויות הגליל והעמקים
מעוז חיים,272,MA'OZ HAYYIM,2,הצפון,23,יזרעאל,231,7,מועצה אזורית עמק המעיינות,,1,548,519,518,1,29,1937.0,330,15,251968711050,-245,202,10004568,2023,Ma'oz Hayyim,אשכול רשויות הכנרת והעמקים
עין גב,273,EN GEV,2,הצפון,22,כנרת,221,6,מועצה אזורית עמק הירדן,,1,576,553,552,1,23,1937.0,330,15,260163743212,-200,214,10004552,2023,En Gev,אשכול רשויות הכנרת והעמקים
כפר מנחם,274,KEFAR MENAHEM,6,הדרום,61,אשקלון,611,35,מועצה אזורית יואב,,1,1358,1342,1342,,16,1937.0,330,15,184241626394,110,632,10001821,2023,Kefar Menahem,אשכול רשויות שורק דרומי
צור משה,276,ZUR MOSHE,4,המרכז,41,השרון,411,18,מועצה אזורית לב השרון,141,1,2780,2724,2716,8,56,1937.0,190,,192087689370,51,412,15000060,2023,Zur Moshe,אשכול רשויות השרון
אושה,278,USHA,3,חיפה,31,חיפה,311,12,מועצה אזורית זבולון,222,1,576,563,563,,13,1937.0,330,15,211043744622,31,301,10004207,2023,Usha,אשכול רשויות המפרץ
חניתה,280,HANITA,2,הצפון,24,עכו,244,4,מועצה אזורית מטה אשר,,1,815,799,798,1,16,1938.0,330,15,216742777019,340,201,10004302,2023,Hanita,אשכול רשויות גליל מערבי
פקיעין חדשה,281,PEQI'IN HADASHA,2,הצפון,24,עכו,243,52,מועצה אזורית מעלה יוסף,,1,684,679,668,11,5,1955.0,310,19,230497765441,540,255,10004484,2023,Peqi'in Hadasha,אשכול רשויות גליל מערבי
שבי ציון,282,SHAVE ZIYYON,2,הצפון,24,עכו,245,4,מועצה אזורית מטה אשר,241,1,1324,1311,1311,,13,1938.0,320,10,208203765201,7,201,10004302,2023,Shave Ziyyon,אשכול רשויות גליל מערבי
שדה ורבורג,284,SEDE WARBURG,4,המרכז,42,פתח תקווה,421,20,מועצה אזורית דרום השרון,141,1,1317,1298,1298,,19,1938.0,310,10,191042679373,49,417,10002133,2023,Sede Warburg,אשכול רשויות השרון
אלונים,285,ALLONIM,2,הצפון,23,יזרעאל,235,9,מועצה אזורית עמק יזרעאל,242,1,733,713,713,,20,1938.0,330,15,213911736162,105,254,10004411,2023,Allonim,אשכול רשויות הגליל והעמקים
מעלה החמישה,286,MA'ALE HAHAMISHA,1,ירושלים,11,ירושלים,111,26,מועצה אזורית מטה יהודה,444,1,893,883,879,4,10,1938.0,330,15,210566636111,786,151,10002475,2023,Ma'ale HaHamisha,ללא שיוך לאשכול
תל יצחק,287,TEL YIZHAQ,4,המרכז,41,השרון,411,19,מועצה אזורית חוף השרון,141,1,1005,901,894,7,104,1938.0,330,6,187758684426,31,401,15000060,2023,Tel Yizhaq,ללא שיוך לאשכול
בית יהושע,288,BET YEHOSHUA,4,המרכז,41,השרון,411,19,מועצה אזורית חוף השרון,141,1,1072,1064,1064,,8,1938.0,310,6,187527685213,23,401,15000060,2023,Bet Yehoshua,ללא שיוך לאשכול
עין המפרץ,289,EN HAMIFRAZ,2,הצפון,24,עכו,246,4,מועצה אזורית מטה אשר,241,1,885,845,845,,40,1938.0,330,15,209360756478,2,201,10004315,2023,En HaMifraz,אשכול רשויות גליל מערבי
מעיין צבי,290,MA'YAN ZEVI,3,חיפה,32,חדרה,322,15,מועצה אזורית חוף הכרמל,,1,792,787,787,,5,1938.0,330,15,194684719355,95,303,10004333,2023,Ma'yan Zevi,אשכול רשויות מישור החוף
שרונה,292,SHARONA,2,הצפון,22,כנרת,222,3,מועצה אזורית הגליל התחתון,,1,690,658,658,,32,1938.0,310,1,244016736876,253,206,10004552,2023,Sharona,אשכול רשויות הכנרת והעמקים
שדה יואב,293,SEDE YO'AV,6,הדרום,61,אשקלון,611,35,מועצה אזורית יואב,,1,639,629,629,,10,1956.0,330,15,169443617089,98,632,10001813,2023,Sede Yo'av,אשכול רשויות שורק דרומי
אילון,294,ELON,2,הצפון,24,עכו,244,4,מועצה אזורית מטה אשר,,1,1257,1232,1223,9,25,1938.0,330,15,220615774234,289,201,10004302,2023,Elon,אשכול רשויות גליל מערבי
כפר רופין,295,KEFAR RUPPIN,2,הצפון,23,יזרעאל,231,7,מועצה אזורית עמק המעיינות,,1,606,583,583,,23,1938.0,330,15,252570707136,-246,202,10004568,2023,Kefar Ruppin,אשכול רשויות הכנרת והעמקים
נווה איתן,296,NEWE ETAN,2,הצפון,23,יזרעאל,231,7,מועצה אזורית עמק המעיינות,,1,243,221,221,,22,1938.0,330,15,250220710925,-230,202,10004568,2023,Newe Etan,אשכול רשויות הכנרת והעמקים
כפר מסריק,297,KEFAR MASARYK,2,הצפון,24,עכו,246,4,מועצה אזורית מטה אשר,241,1,856,850,850,,6,1938.0,330,15,209708755060,4,201,10004315,2023,Kefar Masaryk,אשכול רשויות גליל מערבי
מסילות,298,MESILLOT,2,הצפון,23,יזרעאל,231,7,מועצה אזורית עמק המעיינות,,1,482,464,464,,18,1938.0,330,15,244802711308,-112,202,10004568,2023,Mesillot,אשכול רשויות הכנרת והעמקים
דלייה,300,DALIYYA,2,הצפון,23,יזרעאל,236,13,מועצה אזורית מגידו,,1,877,852,852,,25,1939.0,330,15,207294721717,201,254,10004411,2023,Daliyya,אשכול רשויות הגליל והעמקים
בית עוזיאל,301,BET UZZI'EL,4,המרכז,43,רמלה,432,30,מועצה אזורית גזר,143,1,683,665,665,,18,1956.0,310,2,191143642000,132,426,10002228,2023,Bet Uzzi'el,ללא שיוך לאשכול
דפנה,302,DAFNA,2,הצפון,21,צפת,211,1,מועצה אזורית הגליל העליון,,1,1077,1060,1059,1,17,1939.0,330,15,259917792803,140,253,10004591,2023,Dafna,אשכול רשויות גליל מזרחי
דן,303,DAN,2,הצפון,21,צפת,211,1,מועצה אזורית הגליל העליון,,1,859,848,847,1,11,1939.0,330,15,261245793938,176,253,10004591,2023,Dan,אשכול רשויות גליל מזרחי
שדה אליהו,304,SEDE ELIYYAHU,2,הצפון,23,יזרעאל,231,7,מועצה אזורית עמק המעיינות,,1,763,754,754,,9,1939.0,330,3,248537705199,-191,202,10004568,2023,Sede Eliyyahu,אשכול רשויות הכנרת והעמקים
גשר,305,GESHER,2,הצפון,23,יזרעאל,231,7,מועצה אזורית עמק המעיינות,,1,449,430,430,,19,1939.0,330,15,252000725187,-198,202,10004568,2023,Gesher,אשכול רשויות הכנרת והעמקים
שדמות דבורה,306,SHADMOT DEVORA,2,הצפון,22,כנרת,222,3,מועצה אזורית הגליל התחתון,,1,813,772,768,4,41,1939.0,310,1,241174733556,146,206,10004552,2023,Shadmot Devora,אשכול רשויות הכנרת והעמקים
הזורעים,307,HAZORE'IM,2,הצפון,22,כנרת,222,3,מועצה אזורית הגליל התחתון,,1,1154,1148,1148,,6,1939.0,310,2,247384739085,-61,206,10004552,2023,HaZore'im,אשכול רשויות הכנרת והעמקים
מחניים,308,MAHANAYIM,2,הצפון,21,צפת,213,1,מועצה אזורית הגליל העליון,,1,854,837,836,1,17,1939.0,330,15,253635766062,263,253,10004540,2023,Mahanayim,אשכול רשויות גליל מזרחי
נהורה,309,NEHORA,6,הדרום,61,אשקלון,612,50,מועצה אזורית לכיש,,1,1287,1264,1264,,23,1956.0,350,,172125614621,97,634,10001813,2023,Nehora,ללא שיוך לאשכול
כפר גליקסון,310,KEFAR GLIKSON,3,חיפה,32,חדרה,324,14,מועצה אזורית מנשה,,1,394,383,383,,11,1939.0,330,6,200653712397,62,351,10004333,2023,Kefar Glikson,ללא שיוך לאשכול
גן שורק,311,GAN SOREQ,4,המרכז,44,רחובות,442,27,מועצה אזורית גן רווה,143,1,333,319,318,1,14,1950.0,310,1,177534650296,37,456,15002488,2023,Gan Soreq,ללא שיוך לאשכול
נווה ים,312,NEWE YAM,3,חיפה,32,חדרה,321,15,מועצה אזורית חוף הכרמל,223,1,269,263,263,,6,1939.0,330,15,193776731668,4,303,10004710,2023,Newe Yam,אשכול רשויות מישור החוף
אפק,313,AFEQ,2,הצפון,24,עכו,246,4,מועצה אזורית מטה אשר,241,1,731,717,713,4,14,1939.0,330,15,212298749311,24,201,10004207,2023,Afeq,אשכול רשויות גליל מערבי
נגבה,315,NEGBA,6,הדרום,61,אשקלון,611,35,מועצה אזורית יואב,,1,872,849,849,,23,1939.0,330,15,169952618908,84,632,10001813,2023,Negba,אשכול רשויות שורק דרומי
כפר נטר,316,KEFAR NETTER,4,המרכז,41,השרון,411,19,מועצה אזורית חוף השרון,141,1,996,976,974,2,20,1939.0,310,10,188097686905,24,401,15000060,2023,Kefar Netter,ללא שיוך לאשכול
בית אורן,317,BET OREN,3,חיפה,32,חדרה,322,15,מועצה אזורית חוף הכרמל,223,1,535,502,496,6,33,1939.0,330,15,200752737390,358,303,15005224,2023,Bet Oren,אשכול רשויות מישור החוף
עמיעוז,318,AMMI'OZ,6,הדרום,62,באר שבע,622,38,מועצה אזורית אשכול,,1,584,289,287,2,295,1957.0,310,1,144060573257,127,651,10001893,2023,Ammi'oz,אשכול רשויות נגב מערבי
עמיר,319,AMIR,2,הצפון,21,צפת,211,1,מועצה אזורית הגליל העליון,,1,682,676,673,3,6,1939.0,330,15,258237787054,76,253,10004591,2023,Amir,אשכול רשויות גליל מזרחי
כפר ורבורג,320,KEFAR WARBURG,6,הדרום,61,אשקלון,611,33,מועצה אזורית באר טוביה,143,1,1170,1133,1133,,37,1939.0,310,1,174175625275,54,616,10001821,2023,Kefar Warburg,אשכול רשויות שורק דרומי
בית הלל,322,BET HILLEL,2,הצפון,21,צפת,211,55,מועצה אזורית מבואות החרמון,,1,1083,1064,1064,,19,1940.0,310,1,256874790404,87,253,10004591,2023,Bet Hillel,אשכול רשויות גליל מזרחי
שאר ישוב,324,SHE'AR YASHUV,2,הצפון,21,צפת,211,55,מועצה אזורית מבואות החרמון,,1,790,785,783,2,5,1940.0,310,6,260662792420,130,253,10004591,2023,She'ar Yashuv,אשכול רשויות גליל מזרחי
מצובה,325,MAZZUVA,2,הצפון,24,עכו,244,4,מועצה אזורית מטה אשר,,1,1193,1170,1170,,23,1940.0,330,15,215008774182,92,201,10004302,2023,Mazzuva,אשכול רשויות גליל מערבי
בית יצחק-שער חפר,326,BET YIZHAQ-SH. HEFER,4,המרכז,41,השרון,411,16,מועצה אזורית עמק חפר,141,1,2283,2185,2185,,98,1940.0,191,10,189924693422,27,409,15000060,2023,Bet Yizhaq-Sh. Hefer,ללא שיוך לאשכול
שדות ים,327,SEDOT YAM,3,חיפה,32,חדרה,324,15,מועצה אזורית חוף הכרמל,,1,1171,1148,1147,1,23,1940.0,330,15,190166710865,9,303,10004261,2023,Sedot Yam,אשכול רשויות מישור החוף
עזוז,328,EZUZ,6,הדרום,62,באר שבע,626,48,מועצה אזורית רמת נגב,,1,97,96,96,,1,1984.0,370,19,149421522649,331,620,15001466,2023,Ezuz,אשכול רשויות נגב מזרחי
שדה נחמיה,329,SEDE NEHEMYA,2,הצפון,21,צפת,211,1,מועצה אזורית הגליל העליון,,1,1157,1142,1141,1,15,1940.0,330,15,258550788076,77,253,10004591,2023,Sede Nehemya,אשכול רשויות גליל מזרחי
אלומות,330,ALUMMOT,2,הצפון,22,כנרת,221,6,מועצה אזורית עמק הירדן,,1,493,486,484,2,7,1941.0,330,15,251519734756,30,214,10004552,2023,Alummot,אשכול רשויות הכנרת והעמקים
ניר צבי,331,NIR ZEVI,4,המרכז,43,רמלה,432,40,מועצה אזורית שדות דן,133,1,1128,1099,1099,,29,1954.0,310,10,187173651099,58,425,10002228,2023,Nir Zevi,ללא שיוך לאשכול
קבוצת יבנה,334,QEVUZAT YAVNE,4,המרכז,44,רחובות,441,29,מועצה אזורית חבל יבנה,143,1,953,938,938,,15,1941.0,330,3,173550635954,50,456,10001821,2023,Qevuzat Yavne,אשכול רשויות שורק דרומי
רמת השופט,335,RAMAT HASHOFET,2,הצפון,23,יזרעאל,236,13,מועצה אזורית מגידו,,1,1099,1088,1088,,11,1941.0,330,15,209100724049,240,254,10004411,2023,Ramat HaShofet,אשכול רשויות הגליל והעמקים
דורות,336,DOROT,6,הדרום,61,אשקלון,614,37,מועצה אזורית שער הנגב,,1,885,871,868,3,14,1941.0,330,15,166317601757,104,651,10001829,2023,Dorot,אשכול רשויות נגב מערבי
איבים,338,IBBIM,6,הדרום,61,אשקלון,614,37,מועצה אזורית שער הנגב,,1,912,912,912,,,1991.0,340,,162977604769,89,651,10001829,2023,Ibbim,אשכול רשויות נגב מערבי
רמת צבי,339,RAMAT ZEVI,2,הצפון,23,יזרעאל,233,8,מועצה אזורית הגלבוע,,1,765,729,723,6,36,1942.0,310,1,239120721933,54,204,10004394,2023,Ramat Zevi,אשכול רשויות הגליל והעמקים
גת (קיבוץ),340,GAT(QIBBUZ),6,הדרום,61,אשקלון,611,35,מועצה אזורית יואב,,1,941,918,918,,23,1941.0,330,15,180582615119,140,632,10001813,2023,Gat(Qibbuz),אשכול רשויות שורק דרומי
גברעם,342,GEVAR'AM,6,הדרום,61,אשקלון,614,36,מועצה אזורית חוף אשקלון,,1,728,704,704,,24,1942.0,330,15,163244611173,85,633,10001829,2023,Gevar'am,אשכול רשויות נגב מערבי
חמדיה,343,HAMADYA,2,הצפון,23,יזרעאל,231,7,מועצה אזורית עמק המעיינות,,1,481,461,458,3,20,1942.0,330,15,249090714070,-169,202,10004568,2023,Hamadya,אשכול רשויות הכנרת והעמקים
מענית,344,MA'ANIT,3,חיפה,32,חדרה,324,14,מועצה אזורית מנשה,,1,906,874,874,,32,1942.0,330,15,202803706977,65,351,15002436,2023,Ma'anit,ללא שיוך לאשכול
כפר סאלד,345,KEFAR SZOLD,2,הצפון,21,צפת,211,1,מועצה אזורית הגליל העליון,,1,754,735,735,,19,1942.0,330,15,261752789004,122,253,10004591,2023,Kefar Szold,אשכול רשויות גליל מזרחי
גליל ים,346,GELIL YAM,5,תל אביב,51,תל אביב,511,19,מועצה אזורית חוף השרון,121,1,621,612,612,,9,1943.0,330,15,184207673810,43,401,10001605,2023,Gelil Yam,ללא שיוך לאשכול
מנרה,347,MENARA,2,הצפון,21,צפת,212,1,מועצה אזורית הגליל העליון,,1,311,299,299,,12,1943.0,330,15,251170789031,845,253,10004591,2023,Menara,אשכול רשויות גליל מזרחי
ניר עם,348,NIR AM,6,הדרום,61,אשקלון,614,37,מועצה אזורית שער הנגב,,1,659,617,617,,42,1943.0,330,15,160122603225,115,651,10001829,2023,Nir Am,אשכול רשויות נגב מערבי
ניצן,351,NIZZAN,6,הדרום,61,אשקלון,614,36,מועצה אזורית חוף אשקלון,,1,2607,2569,2569,,38,1949.0,190,,165182627624,39,633,10001805,2023,Nizzan,אשכול רשויות נגב מערבי
גבולות,352,GEVULOT,6,הדרום,62,באר שבע,622,38,מועצה אזורית אשכול,,1,438,404,404,,34,1943.0,330,15,149037569051,131,651,10001893,2023,Gevulot,אשכול רשויות נגב מערבי
בית זיד,353,BET ZEID,2,הצפון,23,יזרעאל,235,9,מועצה אזורית עמק יזרעאל,,1,80,80,80,,,1943.0,350,,211072734114,107,254,10004207,2023,Bet Zeid,אשכול רשויות הגליל והעמקים
רביבים,354,REVIVIM,6,הדרום,62,באר שבע,626,48,מועצה אזורית רמת נגב,,1,824,787,787,,37,1943.0,330,15,173381550414,283,620,15001466,2023,Revivim,אשכול רשויות נגב מזרחי
חורשים,355,HORESHIM,4,המרכז,42,פתח תקווה,421,20,מועצה אזורית דרום השרון,142,1,319,305,300,5,14,1955.0,330,15,197440671607,78,417,15000658,2023,Horeshim,אשכול רשויות השרון
הגושרים,356,HAGOSHERIM,2,הצפון,21,צפת,211,1,מועצה אזורית הגליל העליון,,1,1263,1242,1241,1,21,1948.0,330,15,258536791773,100,253,10004591,2023,HaGosherim,אשכול רשויות גליל מזרחי
כפר בלום,357,KEFAR BLUM,2,הצפון,21,צפת,211,1,מועצה אזורית הגליל העליון,,1,940,920,920,,20,1943.0,330,15,257167786509,76,253,10004591,2023,Kefar Blum,אשכול רשויות גליל מזרחי
יד מרדכי,358,YAD MORDEKHAY,6,הדרום,61,אשקלון,614,36,מועצה אזורית חוף אשקלון,,1,987,950,943,7,37,1943.0,330,15,158140610922,42,633,10001829,2023,Yad Mordekhay,אשכול רשויות נגב מערבי
ניצנים,359,NIZZANIM,6,הדרום,61,אשקלון,614,36,מועצה אזורית חוף אשקלון,,1,751,712,712,,39,1943.0,330,6,165396625131,35,633,10001821,2023,Nizzanim,אשכול רשויות נגב מערבי
"גבעת ניל""י",360,GIV'AT NILI,3,חיפה,32,חדרה,323,45,מועצה אזורית אלונה,,1,639,599,599,,40,1953.0,310,9,204143717073,135,351,10004233,2023,Giv'at Nili,אשכול רשויות מישור החוף
רוחמה,362,RUHAMA,6,הדרום,61,אשקלון,614,37,מועצה אזורית שער הנגב,,1,765,739,710,29,26,1944.0,330,15,172114600761,166,651,10001829,2023,Ruhama,אשכול רשויות נגב מערבי
חפץ חיים,363,HAFEZ HAYYIM,4,המרכז,44,רחובות,441,31,מועצה אזורית נחל שורק,143,1,688,683,683,,5,1944.0,330,8,181154633044,76,456,15002488,2023,Hafez Hayyim,אשכול רשויות שורק דרומי
כפר אוריה,364,KEFAR URIYYA,1,ירושלים,11,ירושלים,112,26,מועצה אזורית מטה יהודה,444,1,836,826,823,3,10,1944.0,310,1,195105633351,199,151,15000597,2023,Kefar Uriyya,ללא שיוך לאשכול
בית קשת,365,BET QESHET,2,הצפון,22,כנרת,222,3,מועצה אזורית הגליל התחתון,,1,737,731,731,,6,1944.0,330,15,237233736025,186,206,10004552,2023,Bet Qeshet,אשכול רשויות הכנרת והעמקים
שמיר,366,SHAMIR,2,הצפון,21,צפת,211,1,מועצה אזורית הגליל העליון,,1,833,826,826,,7,1944.0,330,15,261948785795,192,253,10004591,2023,Shamir,אשכול רשויות גליל מזרחי
עין העמק,367,EN HAEMEQ,2,הצפון,23,יזרעאל,236,13,מועצה אזורית מגידו,,1,813,811,811,,2,1944.0,350,,208228726053,240,254,10004411,2023,En HaEmeq,אשכול רשויות הגליל והעמקים
בירייה,368,BIRIYYA,2,הצפון,21,צפת,212,2,מועצה אזורית מרום הגליל,,1,968,967,967,,1,1945.0,350,,247102764806,815,209,10004528,2023,Biriyya,אשכול רשויות גליל מזרחי
גלעד (אבן יצחק),369,GAL'ED (EVEN YIZHAQ),2,הצפון,23,יזרעאל,236,13,מועצה אזורית מגידו,,1,590,576,576,,14,1945.0,330,15,207435718118,185,254,10004411,2023,Gal'ed (Even Yizhaq),אשכול רשויות הגליל והעמקים
גזר,370,GEZER,4,המרכז,43,רמלה,432,30,מועצה אזורית גזר,143,1,427,420,420,,7,1945.0,330,15,192526642684,122,426,10002228,2023,Gezer,ללא שיוך לאשכול
כדורי,371,KADOORIE,2,הצפון,22,כנרת,222,3,מועצה אזורית הגליל התחתון,,1,153,153,141,12,,1931.0,340,,238335734286,123,206,10004552,2023,Kadoorie,אשכול רשויות הכנרת והעמקים
רמות נפתלי,372,RAMOT NAFTALI,2,הצפון,21,צפת,212,55,מועצה אזורית מבואות החרמון,,1,496,478,478,,18,1945.0,310,1,252021778532,435,253,10004591,2023,Ramot Naftali,אשכול רשויות גליל מזרחי
בית הלוי,373,BET HALEWI,4,המרכז,41,השרון,411,16,מועצה אזורית עמק חפר,141,1,811,742,742,,69,1945.0,310,1,193754695573,18,409,15000060,2023,Bet HaLewi,ללא שיוך לאשכול
חוקוק,374,HUQOQ,2,הצפון,22,כנרת,221,6,מועצה אזורית עמק הירדן,,1,681,652,644,8,29,1945.0,330,15,246674754012,7,214,10004552,2023,Huqoq,אשכול רשויות הכנרת והעמקים
מגל,375,MAGGAL,3,חיפה,32,חדרה,324,14,מועצה אזורית מנשה,,1,1384,1364,1364,,20,1953.0,330,15,203348699106,71,351,15002436,2023,Maggal,ללא שיוך לאשכול
עברון,376,EVRON,2,הצפון,24,עכו,245,4,מועצה אזורית מטה אשר,241,1,956,943,943,,13,1945.0,330,15,209741766318,25,201,10004302,2023,Evron,אשכול רשויות גליל מערבי
המעפיל,377,HAMA'PIL,4,המרכז,41,השרון,412,16,מועצה אזורית עמק חפר,141,1,932,913,913,,19,1945.0,330,15,198590698295,33,409,15000060,2023,HaMa'pil,ללא שיוך לאשכול
משגב עם,378,MISGAV AM,2,הצפון,21,צפת,212,1,מועצה אזורית הגליל העליון,,1,399,379,379,,20,1945.0,330,15,251518794746,800,253,10004591,2023,Misgav Am,אשכול רשויות גליל מזרחי
גאולים,379,GE'ULIM,4,המרכז,41,השרון,411,18,מועצה אזורית לב השרון,141,1,958,930,930,,28,1945.0,310,1,195068689390,55,412,15000060,2023,Ge'ulim,אשכול רשויות השרון
להבות הבשן,380,LAHAVOT HABASHAN,2,הצפון,21,צפת,211,1,מועצה אזורית הגליל העליון,,1,895,869,864,5,26,1945.0,330,15,260781782995,89,253,10004591,2023,Lahavot HaBashan,אשכול רשויות גליל מזרחי
מכמורת,382,MIKHMORET,4,המרכז,41,השרון,411,16,מועצה אזורית עמק חפר,141,1,1294,1273,1273,,21,1945.0,310,1,188311701421,12,409,15000060,2023,Mikhmoret,ללא שיוך לאשכול
"עין הנצי""ב",383,EN HANAZIV,2,הצפון,23,יזרעאל,231,7,מועצה אזורית עמק המעיינות,,1,726,699,699,,27,1946.0,330,3,247337708548,-140,202,10004568,2023,En HaNaziv,אשכול רשויות הכנרת והעמקים
עמיעד,385,AMMI'AD,2,הצפון,21,צפת,213,1,מועצה אזורית הגליל העליון,,1,596,579,576,3,17,1946.0,330,15,250936759291,241,253,10004540,2023,Ammi'ad,אשכול רשויות גליל מזרחי
בני דרור,386,BENE DEROR,4,המרכז,41,השרון,411,18,מועצה אזורית לב השרון,141,1,1300,1158,1158,,142,1946.0,320,1,190684685434,33,412,15000060,2023,Bene Deror,אשכול רשויות השרון
כפר מונש,387,KEFAR MONASH,4,המרכז,41,השרון,411,16,מועצה אזורית עמק חפר,141,1,891,838,838,,53,1946.0,310,1,192316694883,16,409,15000060,2023,Kefar Monash,ללא שיוך לאשכול
כפר קיש,388,KEFAR KISCH,2,הצפון,22,כנרת,222,3,מועצה אזורית הגליל התחתון,,1,758,747,735,12,11,1946.0,310,1,242405730312,83,206,15002472,2023,Kefar Kisch,אשכול רשויות הכנרת והעמקים
בצרה,389,BAZRA,4,המרכז,41,השרון,411,19,מועצה אזורית חוף השרון,141,1,991,970,970,,21,1946.0,310,10,188693679972,26,401,15000060,2023,Bazra,ללא שיוך לאשכול
רגבה,390,REGBA,2,הצפון,24,עכו,245,4,מועצה אזורית מטה אשר,241,1,1088,1069,1069,,19,1946.0,320,15,209656764755,17,201,10004302,2023,Regba,אשכול רשויות גליל מערבי
קדמה,392,QEDMA,6,הדרום,61,אשקלון,611,35,מועצה אזורית יואב,,,,,,,,,510,,178746623239,100,632,10001821,2023,Qedma,אשכול רשויות שורק דרומי
גלאון,393,GAL'ON,6,הדרום,61,אשקלון,611,35,מועצה אזורית יואב,,1,728,713,713,,15,1946.0,330,15,185602615764,199,632,10001813,2023,Gal'on,אשכול רשויות שורק דרומי
שובל,394,SHOVAL,6,הדרום,62,באר שבע,621,41,מועצה אזורית בני שמעון,341,1,1032,1015,1015,,17,1946.0,330,15,175658591487,205,625,10001946,2023,Shoval,אשכול רשויות נגב מערבי
משמר הנגב,395,MISHMAR HANEGEV,6,הדרום,62,באר שבע,621,41,מועצה אזורית בני שמעון,341,1,1121,1085,1085,,36,1946.0,330,15,173081585845,199,625,10001946,2023,Mishmar HaNegev,אשכול רשויות נגב מערבי
נבטים,396,NEVATIM,6,הדרום,62,באר שבע,623,41,מועצה אזורית בני שמעון,342,1,1137,1128,1128,,9,1946.0,310,1,188695570226,324,625,15003711,2023,Nevatim,אשכול רשויות נגב מערבי
חצרים,397,HAZERIM,6,הדרום,62,באר שבע,623,41,מועצה אזורית בני שמעון,344,1,988,971,971,,17,1946.0,330,15,172681572163,240,625,10001900,2023,Hazerim,אשכול רשויות נגב מערבי
שרשרת,398,SHARSHERET,6,הדרום,62,באר שבע,621,39,מועצה אזורית שדות נגב,,1,512,395,395,,117,1951.0,310,2,162252590445,142,651,10001930,2023,Sharsheret,אשכול רשויות נגב מערבי
בארי,399,BE'ERI,6,הדרום,62,באר שבע,622,38,מועצה אזורית אשכול,,1,1077,1042,1042,,35,1946.0,330,15,151608592653,88,651,10001893,2023,Be'eri,אשכול רשויות נגב מערבי
אבן שמואל,400,EVEN SHEMU'EL,6,הדרום,61,אשקלון,612,34,מועצה אזורית שפיר,,1,2006,1994,1993,1,12,1956.0,190,,177783609265,157,631,10001813,2023,Even Shemu'el,ללא שיוך לאשכול
ניר יצחק,402,NIR YIZHAQ,6,הדרום,62,באר שבע,622,38,מועצה אזורית אשכול,,1,580,553,553,,27,1949.0,330,15,138783572100,91,651,10001893,2023,Nir Yizhaq,אשכול רשויות נגב מערבי
אורים,403,URIM,6,הדרום,62,באר שבע,622,38,מועצה אזורית אשכול,,1,453,432,431,1,21,1946.0,330,15,154547579366,94,651,10001893,2023,Urim,אשכול רשויות נגב מערבי
נווה אילן,405,NEWE ILAN,1,ירושלים,11,ירושלים,111,26,מועצה אזורית מטה יהודה,444,1,1019,999,995,4,20,1946.0,320,15,207761635066,654,151,10002475,2023,Newe Ilan,ללא שיוך לאשכול
חצור-אשדוד,406,HAZOR-ASHDOD,6,הדרום,61,אשקלון,611,33,מועצה אזורית באר טוביה,143,1,944,922,920,2,22,1937.0,330,15,173598631204,45,616,10001821,2023,Hazor-Ashdod,אשכול רשויות שורק דרומי
דברת,407,DAVERAT,2,הצפון,23,יזרעאל,234,9,מועצה אזורית עמק יזרעאל,,1,605,601,597,4,4,1946.0,330,15,233069728170,169,254,10004394,2023,Daverat,אשכול רשויות הגליל והעמקים
נאות מרדכי,408,NE'OT MORDEKHAY,2,הצפון,21,צפת,211,1,מועצה אזורית הגליל העליון,,1,750,742,741,1,8,1946.0,330,15,256057785031,75,253,10004591,2023,Ne'ot Mordekhay,אשכול רשויות גליל מזרחי
יחיעם,409,YEHI'AM,2,הצפון,24,עכו,243,4,מועצה אזורית מטה אשר,,1,841,823,823,,18,1946.0,330,15,220914766948,358,201,10004302,2023,Yehi'am,אשכול רשויות גליל מערבי
קריית שלמה,412,QIRYAT SHELOMO,4,המרכז,41,השרון,411,19,מועצה אזורית חוף השרון,141,1,334,333,322,11,1,1945.0,340,,187130682344,28,401,15000060,2023,Qiryat Shelomo,ללא שיוך לאשכול
צאלים,413,ZE'ELIM,6,הדרום,62,באר שבע,622,38,מועצה אזורית אשכול,,1,492,469,469,,23,1947.0,330,15,155578568217,143,651,10001893,2023,Ze'elim,אשכול רשויות נגב מערבי
קלחים,414,QELAHIM,6,הדרום,62,באר שבע,621,42,מועצה אזורית מרחבים,,1,647,641,640,1,6,1954.0,310,10,169407595386,170,651,10001930,2023,Qelahim,אשכול רשויות נגב מערבי
שוקדה,415,SHOQEDA,6,הדרום,62,באר שבע,621,39,מועצה אזורית שדות נגב,,1,747,730,730,,17,1957.0,310,2,154825592428,82,651,10001930,2023,Shoqeda,אשכול רשויות נגב מערבי
מעיין ברוך,416,MA'YAN BARUKH,2,הצפון,21,צפת,211,1,מועצה אזורית הגליל העליון,,1,893,873,873,,20,1947.0,330,15,256996793883,202,253,10004591,2023,Ma'yan Barukh,אשכול רשויות גליל מזרחי
יקום,417,YAQUM,4,המרכז,41,השרון,411,19,מועצה אזורית חוף השרון,141,1,772,753,753,,19,1947.0,330,15,185303683975,15,401,15000060,2023,Yaqum,ללא שיוך לאשכול
בני ציון,418,BENE ZIYYON,4,המרכז,41,השרון,411,19,מועצה אזורית חוף השרון,141,1,1147,1097,1090,7,50,1947.0,310,10,187780680650,38,401,15000060,2023,Bene Ziyyon,ללא שיוך לאשכול
סעד,419,SA'AD,6,הדרום,62,באר שבע,621,39,מועצה אזורית שדות נגב,,1,1019,966,965,1,53,1947.0,330,3,155789597819,103,651,10001930,2023,Sa'ad,אשכול רשויות נגב מערבי
משאבי שדה,421,MASH'ABBE SADE,6,הדרום,62,באר שבע,626,48,מועצה אזורית רמת נגב,,1,733,535,535,,198,1949.0,330,15,179513545873,349,620,15001466,2023,Mash'abbe Sade,אשכול רשויות נגב מזרחי
חרב לאת,422,HEREV LE'ET,4,המרכז,41,השרון,411,16,מועצה אזורית עמק חפר,141,1,889,872,872,,17,1947.0,310,10,192393700918,29,409,15000060,2023,Herev Le'Et,ללא שיוך לאשכול
העוגן,423,HAOGEN,4,המרכז,41,השרון,411,16,מועצה אזורית עמק חפר,141,1,798,783,783,,15,1947.0,330,15,193063696519,15,409,15000060,2023,HaOgen,ללא שיוך לאשכול
גבים,424,GEVIM,6,הדרום,61,אשקלון,614,37,מועצה אזורית שער הנגב,,1,680,667,667,,13,1947.0,330,15,161707601800,116,651,10001829,2023,Gevim,אשכול רשויות נגב מערבי
משמרת,425,MISHMERET,4,המרכז,41,השרון,411,18,מועצה אזורית לב השרון,141,1,988,916,915,1,72,1946.0,310,1,192661681648,60,412,15000060,2023,Mishmeret,אשכול רשויות השרון
עין כרמל,426,EN KARMEL,3,חיפה,32,חדרה,321,15,מועצה אזורית חוף הכרמל,243,1,800,774,774,,26,1947.0,330,15,195853731453,22,303,10004333,2023,En Karmel,אשכול רשויות מישור החוף
כפר גלים,427,KEFAR GALLIM,3,חיפה,32,חדרה,321,15,מועצה אזורית חוף הכרמל,223,1,206,206,199,7,,1952.0,340,,196450741315,18,303,10004710,2023,Kefar Gallim,אשכול רשויות מישור החוף
ברור חיל,428,BEROR HAYIL,6,הדרום,61,אשקלון,614,37,מועצה אזורית שער הנגב,,1,1091,1064,1053,11,27,1948.0,330,15,166504607428,73,651,10001829,2023,Beror Hayil,אשכול רשויות נגב מערבי
אלוני אבא,429,ALLONE ABBA,2,הצפון,23,יזרעאל,237,9,מועצה אזורית עמק יזרעאל,242,1,933,926,926,,7,1948.0,320,6,216270737198,149,254,10004411,2023,Allone Abba,אשכול רשויות הגליל והעמקים
בית לחם הגלילית,430,BET LEHEM HAGELILIT,2,הצפון,23,יזרעאל,237,9,מועצה אזורית עמק יזרעאל,242,1,837,801,795,6,36,1948.0,310,1,218198737835,160,254,10004411,2023,Bet Lehem HaGelilit,אשכול רשויות הגליל והעמקים
דלתון,431,DALTON,2,הצפון,21,צפת,212,2,מועצה אזורית מרום הגליל,,1,978,962,962,,16,1950.0,310,2,246053769123,807,209,10004528,2023,Dalton,אשכול רשויות גליל מזרחי
שמרת,432,SHAMERAT,2,הצפון,24,עכו,246,4,מועצה אזורית מטה אשר,241,1,715,704,704,,11,1948.0,330,15,209184761856,17,201,10004315,2023,Shamerat,אשכול רשויות גליל מערבי
נחשולים,433,NAHSHOLIM,3,חיפה,32,חדרה,321,15,מועצה אזורית חוף הכרמל,243,1,719,708,708,,11,1948.0,330,15,192833724390,5,303,10004333,2023,Nahsholim,אשכול רשויות מישור החוף
החותרים,434,HAHOTERIM,3,חיפה,32,חדרה,321,15,מועצה אזורית חוף הכרמל,223,1,945,919,918,1,26,1948.0,330,15,196248739787,15,303,10004710,2023,HaHoterim,אשכול רשויות מישור החוף
נצר סרני,435,NEZER SERENI,4,המרכז,43,רמלה,432,30,מועצה אזורית גזר,143,1,1083,1049,1049,,34,1948.0,330,15,183437647862,64,426,10002228,2023,Nezer Sereni,ללא שיוך לאשכול
עין דור,436,EN DOR,2,הצפון,23,יזרעאל,233,9,מועצה אזורית עמק יזרעאל,,1,1168,1147,1145,2,21,1948.0,330,15,239325729238,125,254,15002472,2023,En Dor,אשכול רשויות הגליל והעמקים
רשפים,437,RESHAFIM,2,הצפון,23,יזרעאל,231,7,מועצה אזורית עמק המעיינות,,1,1196,1172,1172,,24,1948.0,330,15,245036709591,-114,202,10004568,2023,Reshafim,אשכול רשויות הכנרת והעמקים
שלוחות,439,SHELUHOT,2,הצפון,23,יזרעאל,231,7,מועצה אזורית עמק המעיינות,,1,502,480,480,,22,1948.0,330,3,245403708614,-116,202,10004568,2023,Sheluhot,אשכול רשויות הכנרת והעמקים
יסודות,440,YESODOT,4,המרכז,44,רחובות,441,31,מועצה אזורית נחל שורק,143,1,1106,1091,1091,,15,1948.0,320,8,187339635887,100,456,15002488,2023,Yesodot,אשכול רשויות שורק דרומי
גדעונה,442,GID'ONA,2,הצפון,23,יזרעאל,232,8,מועצה אזורית הגלבוע,,1,514,511,511,,3,1949.0,350,,233975717174,-13,204,10004394,2023,Gid'ona,אשכול רשויות הגליל והעמקים
כפר הנשיא,443,KEFAR HANASI,2,הצפון,21,צפת,213,1,מועצה אזורית הגליל העליון,,1,795,768,768,,27,1948.0,330,15,256755764485,265,253,10004540,2023,Kefar HaNasi,אשכול רשויות גליל מזרחי
רגבים,444,REGAVIM,3,חיפה,32,חדרה,323,14,מועצה אזורית מנשה,,1,669,657,657,,12,1948.0,330,15,203490714418,99,351,10004233,2023,Regavim,ללא שיוך לאשכול
רמות מנשה,445,RAMOT MENASHE,2,הצפון,23,יזרעאל,236,13,מועצה אזורית מגידו,,1,1341,1321,1321,,20,1948.0,330,15,205704722581,181,254,10004411,2023,Ramot Menashe,אשכול רשויות הגליל והעמקים
אודים,446,UDIM,4,המרכז,41,השרון,411,19,מועצה אזורית חוף השרון,141,1,1164,1075,1075,,89,1948.0,310,10,185811685802,12,401,15000060,2023,Udim,ללא שיוך לאשכול
נורדייה,447,NORDIYYA,4,המרכז,41,השרון,411,18,מועצה אזורית לב השרון,141,1,2072,1960,1960,,112,1948.0,192,9,190448691276,50,412,15000060,2023,Nordiyya,אשכול רשויות השרון
בני עטרות,448,BENE ATAROT,4,המרכז,42,פתח תקווה,422,25,מועצה אזורית חבל מודיעין,142,1,932,870,870,,62,1948.0,310,1,192035659011,52,424,10002116,2023,Bene Atarot,ללא שיוך לאשכול
נחלים,449,NEHALIM,4,המרכז,42,פתח תקווה,422,25,מועצה אזורית חבל מודיעין,142,1,1551,1529,1529,,22,1948.0,310,2,191868662906,49,424,10002116,2023,Nehalim,ללא שיוך לאשכול
בארות יצחק,450,BE'EROT YIZHAQ,4,המרכז,42,פתח תקווה,422,25,מועצה אזורית חבל מודיעין,142,1,566,473,472,1,93,1948.0,330,3,191684660880,52,424,10002116,2023,Be'erot Yizhaq,ללא שיוך לאשכול
יזרעאל,452,YIZRE'EL,2,הצפון,23,יזרעאל,234,8,מועצה אזורית הגלבוע,,1,620,592,592,,28,1948.0,330,15,230407718663,88,204,10004394,2023,Yizre'el,אשכול רשויות הגליל והעמקים
יפתח,453,YIFTAH,2,הצפון,21,צפת,212,1,מועצה אזורית הגליל העליון,,1,649,635,630,5,14,1948.0,330,15,251859781544,420,253,10004591,2023,Yiftah,אשכול רשויות גליל מזרחי
סער,454,SA'AR,2,הצפון,24,עכו,245,4,מועצה אזורית מטה אשר,241,1,918,906,906,,12,1948.0,330,15,210516770512,19,201,10004302,2023,Sa'ar,אשכול רשויות גליל מערבי
שורש,456,SHORESH,1,ירושלים,11,ירושלים,111,26,מועצה אזורית מטה יהודה,444,1,1314,1223,1220,3,91,1948.0,320,6,206276633845,677,151,15000597,2023,Shoresh,ללא שיוך לאשכול
גזית,457,GAZIT,2,הצפון,23,יזרעאל,233,9,מועצה אזורית עמק יזרעאל,,1,847,815,815,,32,1948.0,330,15,242215727223,128,254,15002472,2023,Gazit,אשכול רשויות הגליל והעמקים
רמת רזיאל,460,RAMAT RAZI'EL,1,ירושלים,11,ירושלים,111,26,מועצה אזורית מטה יהודה,444,1,675,674,674,,1,1948.0,310,9,207024631242,717,151,15000597,2023,Ramat Razi'el,ללא שיוך לאשכול
טל שחר,462,TAL SHAHAR,1,ירושלים,11,ירושלים,112,26,מועצה אזורית מטה יהודה,,1,1290,1264,1264,,26,1948.0,310,1,190881634752,118,151,15000597,2023,Tal Shahar,ללא שיוך לאשכול
געתון,463,GA'TON,2,הצפון,24,עכו,243,4,מועצה אזורית מטה אשר,,1,740,709,706,3,31,1948.0,330,15,220464767926,346,201,10004302,2023,Ga'ton,אשכול רשויות גליל מערבי
הראל,464,HAR'EL,1,ירושלים,11,ירושלים,112,26,מועצה אזורית מטה יהודה,444,1,292,288,288,,4,1948.0,330,15,195313635171,200,151,15000597,2023,Har'el,ללא שיוך לאשכול
צובה,465,ZOVA,1,ירושלים,11,ירושלים,111,26,מועצה אזורית מטה יהודה,444,1,599,586,586,,13,1948.0,330,15,211407632319,724,151,15000597,2023,Zova,ללא שיוך לאשכול
בית דגן,466,BET DAGAN,4,המרכז,43,רמלה,432,99,מועצה מקומית,133,1,7660,7585,7577,8,75,1948.0,180,,184072656438,34,455,10002207,2023,Bet Dagan,ללא שיוך לאשכול
קריית עקרון,469,QIRYAT EQRON,4,המרכז,44,רחובות,441,99,מועצה מקומית,133,1,11288,11167,11054,113,121,1948.0,170,,183364641012,57,453,10002241,2023,Qiryat Eqron,אשכול רשויות שורק דרומי
אבו גוש,472,ABU GHOSH,1,ירושלים,11,ירושלים,111,99,מועצה מקומית,444,2,8793,8310,58,8252,483,,280,,210524634814,686,152,10002475,2023,Abu Ghosh,ללא שיוך לאשכול
אבו סנאן,473,ABU SINAN,2,הצפון,24,עכו,245,99,מועצה מקומית,,2,14235,14215,18,14197,20,,270,,216163762852,69,252,15002143,2023,Abu Sinan,אשכול רשויות גליל מערבי
דחי,475,DAHI,2,הצפון,23,יזרעאל,234,66,מועצה אזורית בוסתן אל-מרג',,2,668,668,,668,,,450,,232583725198,415,251,10004394,2023,Dahi,אשכול רשויות הגליל והעמקים
אכסאל,478,IKSAL,2,הצפון,23,יזרעאל,237,99,מועצה מקומית,,2,14980,14955,10,14945,25,,270,,230718731912,126,257,15002472,2023,Iksal,אשכול רשויות הגליל והעמקים
בית ג'ן,480,BEIT JANN,2,הצפון,24,עכו,243,99,מועצה מקומית,,2,12287,12283,3,12280,4,,270,,235679763256,900,258,10004465,2023,Beit Jann,אשכול רשויות גליל מערבי
מגאר,481,MUGHAR,2,הצפון,22,כנרת,222,0,עירייה,,2,23184,23161,16,23145,23,,260,,238899754708,147,251,10004552,2023,Mughar,אשכול רשויות הכנרת והעמקים
בועיינה-נוג'ידאת,482,BU'EINE-NUJEIDAT,2,הצפון,25,יזרעאל,237,99,מועצה מקומית,,2,10439,10430,10,10420,9,,270,,234811745911,214,251,10004552,2023,Bu'eine-Nujeidat,אשכול רשויות הכנרת והעמקים
בענה,483,BI'NE,2,הצפון,24,עכו,242,99,מועצה מקומית,,2,8703,8673,13,8660,30,,280,,225883759359,259,260,15002358,2023,Bi'ne,אשכול רשויות בית הכרם הגלילי
ג'ולס,485,JULIS,2,הצפון,24,עכו,243,99,מועצה מקומית,,2,6701,6693,,6693,8,,280,,217489760805,112,252,15002143,2023,Julis,אשכול רשויות גליל מערבי
ג'ש (גוש חלב),487,JISH(GUSH HALAV),2,הצפון,21,צפת,212,99,מועצה מקומית,,2,3232,3195,39,3156,37,,290,,241991769741,743,258,10004528,2023,Jish(Gush Halav),אשכול רשויות גליל מזרחי
דבורייה,489,DABURIYYA,2,הצפון,23,יזרעאל,237,99,מועצה מקומית,,2,10675,10661,13,10648,14,,270,,235129732997,159,251,15002472,2023,Daburiyya,אשכול רשויות הגליל והעמקים
דייר אל-אסד,490,DEIR AL-ASAD,2,הצפון,24,עכו,242,99,מועצה מקומית,,2,12438,12427,6,12421,11,,270,,225313760138,468,260,15002358,2023,Deir Al-Asad,אשכול רשויות בית הכרם הגלילי
דייר חנא,492,DEIR HANNA,2,הצפון,24,עכו,241,99,מועצה מקומית,,2,10623,10612,13,10599,11,,270,,234808752008,225,262,10004513,2023,Deir Hanna,ללא שיוך לאשכול
דייר ראפאת,493,DEIR RAFAT,1,ירושלים,11,ירושלים,112,26,מועצה אזורית מטה יהודה,444,2,84,84,,84,,,440,,195084631564,247,151,15000597,2023,Deir Rafat,ללא שיוך לאשכול
דאלית אל-כרמל,494,DALIYAT AL-KARMEL,3,חיפה,31,חיפה,311,99,מועצה מקומית,223,2,18141,18096,74,18022,45,,270,,205089733250,421,356,15005224,2023,Daliyat Al-Karmel,אשכול רשויות המפרץ
חורפיש,496,HURFEISH,2,הצפון,24,עכו,244,99,מועצה מקומית,,2,6712,6703,,6703,9,,280,,232730769180,670,258,10004484,2023,Hurfeish,אשכול רשויות גליל מערבי
טייבה (בעמק),497,TAYIBE(BAEMEQ),2,הצפון,23,יזרעאל,233,8,מועצה אזורית הגלבוע,,2,2156,2154,5,2149,2,,290,,242035723350,104,204,10004394,2023,Tayibe(Baemeq),אשכול רשויות הגליל והעמקים
טורעאן,498,TUR'AN,2,הצפון,25,יזרעאל,237,99,מועצה מקומית,,2,14732,14724,6,14718,8,,270,,235482742442,248,251,15002369,2023,Tur'an,אשכול רשויות הכנרת והעמקים
יפיע,499,YAFI,2,הצפון,25,יזרעאל,237,99,מועצה מקומית,,2,18603,18584,6,18578,19,,270,,226158732243,294,257,10004426,2023,Yafi,אשכול רשויות הגליל והעמקים
ירכא,502,YIRKA,2,הצפון,24,עכו,243,99,מועצה מקומית,,2,16543,16511,50,16461,32,,270,,219751762230,253,252,15002143,2023,Yirka,אשכול רשויות גליל מערבי
כאבול,504,KABUL,2,הצפון,24,עכו,241,99,מועצה מקומית,241,2,12338,12336,6,12330,2,,270,,219857752792,76,263,15002411,2023,Kabul,אשכול רשויות המפרץ
כאוכב אבו אל-היג'א,505,KAOKAB ABU AL-HIJA,2,הצפון,24,עכו,241,99,מועצה מקומית,241,2,4039,4038,2,4036,1,,290,,223600748427,369,261,10004513,2023,Kaokab Abu Al-Hija,ללא שיוך לאשכול
כפר יאסיף,507,KAFAR YASIF,2,הצפון,24,עכו,245,99,מועצה מקומית,,2,10645,10621,11,10610,24,,270,,215585762097,57,252,15002143,2023,Kafar Yasif,אשכול רשויות גליל מערבי
כפר כמא,508,KAFAR KAMA,2,הצפון,22,כנרת,222,99,מועצה מקומית,,2,3455,3420,18,3402,35,,290,,241575736385,209,251,10004552,2023,Kafar Kama,אשכול רשויות הכנרת והעמקים
כפר כנא,509,KAFAR KANNA,2,הצפון,25,יזרעאל,237,99,מועצה מקומית,,2,24935,24919,16,24903,16,,260,,232358739062,228,257,15002369,2023,Kafar Kanna,אשכול רשויות הגליל והעמקים
כפר מנדא,510,KAFAR MANDA,2,הצפון,24,עכו,241,99,מועצה מקומית,,2,21743,21598,7,21591,145,,260,,224714746138,180,261,10004513,2023,Kafar Manda,ללא שיוך לאשכול
עילוט,511,ILUT,2,הצפון,25,יזרעאל,237,99,מועצה מקומית,,2,8894,8893,2,8891,1,,280,,224815735892,274,257,10004426,2023,Ilut,אשכול רשויות הגליל והעמקים
כפר מצר,512,KAFAR MISR,2,הצפון,25,יזרעאל,233,66,מועצה אזורית בוסתן אל-מרג',,2,2759,2758,1,2757,1,,290,,239877727932,112,251,15002472,2023,Kafar Misr,אשכול רשויות הגליל והעמקים
עין ראפה,514,EIN RAFA,1,ירושלים,11,ירושלים,111,26,מועצה אזורית מטה יהודה,444,2,1407,1404,7,1397,3,,450,,210991633145,603,151,10002475,2023,Ein Rafa,ללא שיוך לאשכול
מג'ד אל-כרום,516,MAJD AL-KURUM,2,הצפון,24,עכו,242,99,מועצה מקומית,,2,15144,15137,5,15132,7,,270,,224140758460,243,260,15002358,2023,Majd al-Kurum,אשכול רשויות בית הכרם הגלילי
מזרעה,517,MAZRA'A,2,הצפון,24,עכו,245,99,מועצה מקומית,241,2,3874,3866,9,3857,8,,290,,209646765361,15,201,10004302,2023,Mazra'a,אשכול רשויות גליל מערבי
מעיליא,518,MI'ELYA,2,הצפון,24,עכו,243,99,מועצה מקומית,,2,3272,3235,77,3158,37,,290,,224390770243,511,258,10004484,2023,Mi'elya,אשכול רשויות גליל מערבי
משהד,520,MESHHED,2,הצפון,25,יזרעאל,237,99,מועצה מקומית,,2,8695,8682,,8682,13,,280,,230582738383,269,257,15002369,2023,Meshhed,אשכול רשויות הגליל והעמקים
עין נקובא,521,EIN NAQQUBA,1,ירושלים,11,ירושלים,111,26,מועצה אזורית מטה יהודה,444,2,3696,3695,3,3692,1,,290,,211574633395,625,151,10002475,2023,Ein Naqquba,ללא שיוך לאשכול
נחף,522,NAHEF,2,הצפון,24,עכו,242,99,מועצה מקומית,,2,13818,13812,15,13797,6,,270,,230055760009,318,260,15002358,2023,Nahef,אשכול רשויות בית הכרם הגלילי
ניין,523,NEIN,2,הצפון,23,יזרעאל,233,66,מועצה אזורית בוסתן אל-מרג',,2,2024,2022,2,2020,2,,290,,232991726325,222,251,10004394,2023,Nein,אשכול רשויות הגליל והעמקים
נאעורה,524,NA'URA,2,הצפון,23,יזרעאל,233,8,מועצה אזורית הגלבוע,,2,2427,2425,,2425,2,,290,,236999724406,118,204,10004394,2023,Na'ura,אשכול רשויות הגליל והעמקים
סאג'ור,525,SAJUR,2,הצפון,24,עכו,242,99,מועצה מקומית,,2,4267,4258,2,4256,9,,290,,232464760818,346,260,10004465,2023,Sajur,אשכול רשויות בית הכרם הגלילי
סולם,526,SULAM,2,הצפון,23,יזרעאל,234,66,מועצה אזורית בוסתן אל-מרג',,2,2891,2887,5,2882,4,,290,,231659723531,119,251,10004394,2023,Sulam,אשכול רשויות הגליל והעמקים
שזור,527,SHEZOR,2,הצפון,24,עכו,242,2,מועצה אזורית מרום הגליל,,1,379,371,370,1,8,1953.0,310,1,233325759813,282,209,10004465,2023,Shezor,אשכול רשויות גליל מזרחי
עוזייר,528,UZEIR,2,הצפון,25,יזרעאל,237,65,מועצה אזורית אל-בטוף,,2,3455,3455,2,3453,,,290,,230814743989,176,251,15002369,2023,Uzeir,אשכול רשויות הכנרת והעמקים
אעבלין,529,I'BILLIN,2,הצפון,24,עכו,241,99,מועצה מקומית,241,2,13555,13546,12,13534,9,,270,,217651747994,87,261,10004497,2023,I'billin,אשכול רשויות המפרץ
עיילבון,530,EILABUN,2,הצפון,22,כנרת,222,99,מועצה מקומית,,2,5834,5809,25,5784,25,,280,,237927749083,161,251,10004552,2023,Eilabun,אשכול רשויות הכנרת והעמקים
עראבה,531,ARRABE,2,הצפון,24,עכו,241,0,עירייה,,2,26810,26800,21,26779,10,,260,,231961750763,246,262,10004513,2023,Arrabe,ללא שיוך לאשכול
עין מאהל,532,EIN MAHEL,2,הצפון,25,יזרעאל,237,99,מועצה מקומית,,2,13834,13829,14,13815,5,,270,,233380736406,405,257,10004453,2023,Ein Mahel,אשכול רשויות הגליל והעמקים
עספיא,534,ISIFYA,3,חיפה,31,חיפה,311,99,מועצה מקומית,223,2,13150,13110,205,12905,40,,270,,206445735776,468,356,15005224,2023,Isifya,אשכול רשויות המפרץ
פסוטה,535,FASSUTA,2,הצפון,24,עכו,244,99,מועצה מקומית,,2,3387,3379,5,3374,8,,290,,229293772602,566,258,10004484,2023,Fassuta,אשכול רשויות גליל מערבי
פקיעין (בוקייעה),536,PEQI'IN (BUQEI'A),2,הצפון,24,עכו,243,99,מועצה מקומית,,2,6055,6040,2,6038,15,,280,,230984764750,615,258,10004484,2023,Peqi'in (Buqei'a),ללא שיוך לאשכול
פוריידיס,537,FUREIDIS,3,חיפה,32,חדרה,321,99,מועצה מקומית,,2,13356,13339,15,13324,17,,270,,195797722658,50,353,10004333,2023,Fureidis,אשכול רשויות מישור החוף
שעב,538,SHA'AB,2,הצפון,24,עכו,241,99,מועצה מקומית,241,2,7645,7643,2,7641,2,,280,,222337755044,51,263,15002411,2023,Sha'ab,ללא שיוך לאשכול
רומאנה,539,RUMMANE,2,הצפון,25,יזרעאל,237,65,מועצה אזורית אל-בטוף,,2,1393,1393,,1393,,,450,,229421743705,165,251,15002369,2023,Rummane,אשכול רשויות הכנרת והעמקים
ריחאנייה,540,REIHANIYYE,2,הצפון,21,צפת,212,2,מועצה אזורית מרום הגליל,,2,1183,1180,3,1177,3,,450,,245886772731,674,209,10004528,2023,Reihaniyye,אשכול רשויות גליל מזרחי
ג'סר א-זרקא,541,JISR AZ-ZARQA,3,חיפה,32,חדרה,324,99,מועצה מקומית,,2,15709,15708,10,15698,1,,270,,191963715851,11,353,15002142,2023,Jisr Az-Zarqa,אשכול רשויות מישור החוף
ריינה,542,REINE,2,הצפון,25,יזרעאל,237,99,מועצה מקומית,,2,17513,17494,25,17469,19,,270,,229504736266,317,257,10004426,2023,Reine,אשכול רשויות הגליל והעמקים
ראמה,543,RAME,2,הצפון,24,עכו,242,99,מועצה מקומית,,2,8413,8386,15,8371,27,,280,,234668760389,385,260,10004465,2023,Rame,אשכול רשויות בית הכרם הגלילי
עין אל-אסד,546,EIN AL-ASAD,2,הצפון,21,צפת,212,2,מועצה אזורית מרום הגליל,,2,929,929,,929,,,450,,237691760618,535,209,10004465,2023,Ein Al-Asad,אשכול רשויות גליל מזרחי
טמרה (יזרעאל),547,TAMRA (YIZRE'EL),2,הצפון,23,יזרעאל,233,8,מועצה אזורית הגלבוע,,2,1705,1705,1,1704,,,450,,238173726700,222,204,10004394,2023,Tamra (Yizre'el),אשכול רשויות הגליל והעמקים
גנות הדר,549,GANNOT HADAR,4,המרכז,41,השרון,411,18,מועצה אזורית לב השרון,141,1,965,964,964,,1,1964.0,350,,190843691920,49,412,15000060,2023,Gannot Hadar,אשכול רשויות השרון
ניר בנים,553,NIR BANIM,6,הדרום,61,אשקלון,611,33,מועצה אזורית באר טוביה,143,1,812,758,758,,54,1954.0,310,1,176826620014,85,616,10001821,2023,Nir Banim,אשכול רשויות שורק דרומי
שדמה,555,SHEDEMA,4,המרכז,44,רחובות,441,32,מועצה אזורית גדרות,143,1,463,443,443,,20,1954.0,310,10,175623637788,48,456,15002488,2023,Shedema,ללא שיוך לאשכול
בוסתן הגליל,559,BUSTAN HAGALIL,2,הצפון,24,עכו,246,4,מועצה אזורית מטה אשר,241,1,1024,1014,1013,1,10,1948.0,310,10,208020761825,7,201,10004315,2023,Bustan HaGalil,אשכול רשויות גליל מערבי
בית אלעזרי,562,BET EL'AZARI,4,המרכז,44,רחובות,441,28,מועצה אזורית ברנר,143,1,1601,1569,1569,,32,1948.0,310,1,181452639094,43,456,15002488,2023,Bet El'azari,אשכול רשויות שורק דרומי
משמר דוד,563,MISHMAR DAWID,4,המרכז,43,רמלה,432,30,מועצה אזורית גזר,143,1,1378,1376,1376,,2,1948.0,330,15,190691636713,149,426,10002241,2023,Mishmar Dawid,ללא שיוך לאשכול
רבדים,564,REVADIM,6,הדרום,61,אשקלון,611,35,מועצה אזורית יואב,,1,862,819,819,,43,1948.0,330,15,182651631303,79,632,10001821,2023,Revadim,אשכול רשויות שורק דרומי
אזור,565,AZOR,5,תל אביב,53,תל אביב,513,99,מועצה מקומית,123,1,13007,12656,12603,53,351,1948.0,170,,181947658994,25,509,15005645,2023,Azor,ללא שיוך לאשכול
גבעת שמש,566,GIV'AT SHEMESH,1,ירושלים,11,ירושלים,112,26,מועצה אזורית מטה יהודה,444,,,,,,,,510,,195511631385,252,151,15000597,2023,Giv'at Shemesh,ללא שיוך לאשכול
צרעה,567,ZOR'A,1,ירושלים,11,ירושלים,112,26,מועצה אזורית מטה יהודה,444,1,915,886,886,,29,1948.0,330,15,197164630050,207,151,15000597,2023,Zor'a,ללא שיוך לאשכול
מעונה,570,ME'ONA,2,הצפון,24,עכו,243,52,מועצה אזורית מעלה יוסף,,1,1077,1033,1027,6,44,1949.0,310,1,224732769025,470,255,10004484,2023,Me'ona,אשכול רשויות גליל מערבי
בית גמליאל,571,BET GAMLI'EL,4,המרכז,44,רחובות,441,29,מועצה אזורית חבל יבנה,143,1,1015,1000,976,24,15,1949.0,310,2,177515640514,29,456,15002488,2023,Bet Gamli'el,אשכול רשויות שורק דרומי
בית העמק,572,BET HAEMEQ,2,הצפון,24,עכו,245,4,מועצה אזורית מטה אשר,,1,770,745,734,11,25,1949.0,330,15,213814764054,47,201,10004302,2023,Bet HaEmeq,אשכול רשויות גליל מערבי
מבקיעים,573,MAVQI'IM,6,הדרום,61,אשקלון,614,36,מועצה אזורית חוף אשקלון,,1,515,495,495,,20,1949.0,310,6,159914614592,57,633,10001829,2023,Mavqi'im,אשכול רשויות נגב מערבי
גשר הזיו,574,GESHER HAZIW,2,הצפון,24,עכו,245,4,מועצה אזורית מטה אשר,241,1,1646,1622,1614,8,24,1949.0,330,15,210789771499,20,201,10004302,2023,Gesher HaZiw,אשכול רשויות גליל מערבי
יסעור,575,YAS'UR,2,הצפון,24,עכו,246,4,מועצה אזורית מטה אשר,241,1,847,830,829,1,17,1949.0,330,15,215803756251,22,201,10004315,2023,Yas'ur,אשכול רשויות גליל מערבי
כברי,576,KABRI,2,הצפון,24,עכו,245,4,מועצה אזורית מטה אשר,,1,1089,1053,1047,6,36,1949.0,330,15,214278769590,96,201,10004302,2023,Kabri,אשכול רשויות גליל מערבי
יד בנימין,577,YAD BINYAMIN,4,המרכז,44,רחובות,441,31,מועצה אזורית נחל שורק,143,1,4196,4176,4172,4,20,1949.0,190,,183259633958,62,456,15002488,2023,Yad Binyamin,אשכול רשויות שורק דרומי
סאסא,578,SASA,2,הצפון,24,עכו,244,1,מועצה אזורית הגליל העליון,,1,431,405,405,,26,1949.0,330,15,237182770260,830,253,10004528,2023,Sasa,אשכול רשויות גליל מזרחי
כפר ראש הנקרה,579,KEFAR ROSH HANIQRA,2,הצפון,24,עכו,245,4,מועצה אזורית מטה אשר,,1,1372,1350,1349,1,22,1949.0,330,15,211122776774,34,201,10004302,2023,Kefar Rosh HaNiqra,אשכול רשויות גליל מערבי
"כרם מהר""ל",580,KEREM MAHARAL,3,חיפה,32,חדרה,322,15,מועצה אזורית חוף הכרמל,243,1,940,911,896,15,29,1949.0,310,1,199383727980,93,303,10004333,2023,Kerem Maharal,אשכול רשויות מישור החוף
כפר הנגיד,582,KEFAR HANAGID,4,המרכז,44,רחובות,442,27,מועצה אזורית גן רווה,143,1,971,909,909,,62,1949.0,310,1,176420643950,20,456,15002488,2023,Kefar HaNagid,ללא שיוך לאשכול
זיקים,584,ZIQIM,6,הדרום,61,אשקלון,614,36,מועצה אזורית חוף אשקלון,,1,944,926,913,13,18,1949.0,330,15,154673613235,25,633,10001829,2023,Ziqim,אשכול רשויות נגב מערבי
לביא,585,LAVI,2,הצפון,22,כנרת,222,3,מועצה אזורית הגליל התחתון,,1,631,619,619,,12,1949.0,330,3,241710743663,299,206,10004552,2023,Lavi,אשכול רשויות הכנרת והעמקים
מגידו,586,MEGIDDO,2,הצפון,23,יזרעאל,234,13,מועצה אזורית מגידו,,1,944,925,925,,19,1949.0,330,15,217131720682,152,254,10004411,2023,Megiddo,אשכול רשויות הגליל והעמקים
סביון,587,SAVYON,4,המרכז,42,פתח תקווה,422,99,מועצה מקומית,132,1,4446,4340,4337,3,106,1951.0,190,,188688661558,56,455,10001516,2023,Savyon,ללא שיוך לאשכול
בני ראם,588,BENE RE'EM,4,המרכז,44,רחובות,441,31,מועצה אזורית נחל שורק,143,1,1376,1358,1348,10,18,1949.0,310,8,180339630994,64,456,15002488,2023,Bene Re'em,אשכול רשויות שורק דרומי
בצת,589,BEZET,2,הצפון,24,עכו,245,4,מועצה אזורית מטה אשר,,1,615,599,586,13,16,1949.0,310,1,212962775112,29,201,10004302,2023,Bezet,אשכול רשויות גליל מערבי
נווה אור,590,NEWE UR,2,הצפון,23,יזרעאל,231,7,מועצה אזורית עמק המעיינות,,1,447,433,433,,14,1949.0,330,15,252204721670,-224,202,10004568,2023,Newe Ur,אשכול רשויות הכנרת והעמקים
עשרת,591,ASERET,4,המרכז,44,רחובות,441,32,מועצה אזורית גדרות,143,1,1017,993,993,,24,1954.0,350,,176173636964,56,456,15002488,2023,Aseret,ללא שיוך לאשכול
בני דרום,592,BENE DAROM,4,המרכז,44,רחובות,441,29,מועצה אזורית חבל יבנה,143,1,1033,1014,1005,9,19,1949.0,320,2,170896636520,35,456,10001836,2023,Bene Darom,אשכול רשויות שורק דרומי
ערוגות,593,ARUGOT,6,הדרום,61,אשקלון,611,33,מועצה אזורית באר טוביה,143,1,1169,1050,1050,,119,1949.0,310,1,178518626923,66,616,10001821,2023,Arugot,אשכול רשויות שורק דרומי
צפרייה,594,ZAFRIYYA,4,המרכז,43,רמלה,432,40,מועצה אזורית שדות דן,133,1,1039,1033,1033,,6,1949.0,310,2,186578656700,31,425,10002207,2023,Zafriyya,ללא שיוך לאשכול
לוחמי הגיטאות,595,LOHAME HAGETA'OT,2,הצפון,24,עכו,245,4,מועצה אזורית מטה אשר,241,1,978,961,961,,17,1949.0,330,15,209506763194,17,201,10004302,2023,Lohame HaGeta'ot,אשכול רשויות גליל מערבי
מלכייה,596,MALKIYYA,2,הצפון,21,צפת,212,1,מועצה אזורית הגליל העליון,,1,499,476,476,,23,1949.0,330,15,248046778429,653,253,10004528,2023,Malkiyya,אשכול רשויות גליל מזרחי
פלמחים,597,PALMAHIM,4,המרכז,44,רחובות,442,27,מועצה אזורית גן רווה,143,1,837,817,814,3,20,1949.0,330,15,172346649060,17,456,15002488,2023,Palmahim,ללא שיוך לאשכול
בית קמה,598,BET QAMA,6,הדרום,62,באר שבע,621,41,מועצה אזורית בני שמעון,341,1,1059,1051,1051,,8,1949.0,330,15,177312595255,238,625,10001946,2023,Bet Qama,אשכול רשויות נגב מערבי
פרוד,599,PAROD,2,הצפון,21,צפת,212,2,מועצה אזורית מרום הגליל,,1,654,641,635,6,13,1949.0,330,15,240742759690,428,209,10004528,2023,Parod,אשכול רשויות גליל מזרחי
נירים,602,NIRIM,6,הדרום,62,באר שבע,622,38,מועצה אזורית אשכול,,1,482,470,470,,12,1949.0,330,15,142416582972,109,651,10001893,2023,Nirim,אשכול רשויות נגב מערבי
אלקוש,603,ELQOSH,2,הצפון,24,עכו,244,52,מועצה אזורית מעלה יוסף,,1,267,261,261,,6,1949.0,310,1,230611770913,637,255,10004484,2023,Elqosh,אשכול רשויות גליל מערבי
בית עריף,604,BET ARIF,4,המרכז,43,רמלה,432,25,מועצה אזורית חבל מודיעין,142,1,1135,1121,1120,1,14,1951.0,310,1,193942655899,59,424,10002168,2023,Bet Arif,ללא שיוך לאשכול
כפר שמאי,605,KEFAR SHAMMAY,2,הצפון,21,צפת,212,2,מועצה אזורית מרום הגליל,,1,628,604,604,,24,1949.0,310,2,243089762447,636,209,10004528,2023,Kefar Shammay,אשכול רשויות גליל מזרחי
מזור,606,MAZOR,4,המרכז,42,פתח תקווה,422,25,מועצה אזורית חבל מודיעין,142,1,1143,1113,1113,,30,1949.0,310,1,193110662067,54,424,10002116,2023,Mazor,ללא שיוך לאשכול
מירון,607,MERON,2,הצפון,21,צפת,212,2,מועצה אזורית מרום הגליל,,1,753,746,746,,7,1949.0,310,2,241457765840,702,209,10004528,2023,Meron,אשכול רשויות גליל מזרחי
כפר חושן,609,KEFAR HOSHEN,2,הצפון,21,צפת,212,2,מועצה אזורית מרום הגליל,,1,917,883,878,5,34,1949.0,310,1,241363768589,739,209,10004528,2023,Kefar Hoshen,אשכול רשויות גליל מזרחי
סתרייה,610,SITRIYYA,4,המרכז,43,רמלה,432,30,מועצה אזורית גזר,143,1,1097,1090,1087,3,7,1949.0,310,1,185412644199,82,426,10002241,2023,Sitriyya,ללא שיוך לאשכול
צרופה,612,ZERUFA,3,חיפה,32,חדרה,321,15,מועצה אזורית חוף הכרמל,243,1,1244,1150,1149,1,94,1949.0,310,1,195343728261,21,303,10004333,2023,Zerufa,אשכול רשויות מישור החוף
ציפורי,613,ZIPPORI,2,הצפון,23,יזרעאל,237,9,מועצה אזורית עמק יזרעאל,,1,1130,1083,943,140,47,1949.0,310,1,226398738986,250,254,15002369,2023,Zippori,אשכול רשויות הגליל והעמקים
שומרה,614,SHOMERA,2,הצפון,24,עכו,244,52,מועצה אזורית מעלה יוסף,,1,412,388,385,3,24,1949.0,310,1,226864776436,551,255,10004302,2023,Shomera,אשכול רשויות גליל מערבי
קדרון,615,QIDRON,4,המרכז,44,רחובות,441,28,מועצה אזורית ברנר,143,1,1626,1555,1555,,71,1949.0,310,1,180784635926,52,456,15002488,2023,Qidron,אשכול רשויות שורק דרומי
רינתיה,616,RINNATYA,4,המרכז,42,פתח תקווה,422,25,מועצה אזורית חבל מודיעין,142,1,1192,1171,1171,,21,1949.0,310,1,193376661283,62,424,10002116,2023,Rinnatya,ללא שיוך לאשכול
ברקאי,617,BARQAY,3,חיפה,32,חדרה,324,14,מועצה אזורית מנשה,,1,555,544,543,1,11,1949.0,330,15,203015709040,65,351,10004233,2023,Barqay,ללא שיוך לאשכול
חדיד,618,HADID,4,המרכז,43,רמלה,432,25,מועצה אזורית חבל מודיעין,142,1,1128,1116,1116,,12,1950.0,310,2,193687652905,66,424,10002168,2023,Hadid,ללא שיוך לאשכול
בית גוברין,619,BET GUVRIN,6,הדרום,61,אשקלון,612,35,מועצה אזורית יואב,,1,483,479,479,,4,1949.0,330,15,190184613450,266,632,10001813,2023,Bet Guvrin,אשכול רשויות שורק דרומי
משואות יצחק,620,MASSU'OT YIZHAQ,6,הדרום,61,אשקלון,611,34,מועצה אזורית שפיר,,1,674,657,657,,17,1949.0,320,3,170632623466,60,631,10001821,2023,Massu'ot Yizhaq,ללא שיוך לאשכול
עין צורים,622,EN ZURIM,6,הדרום,61,אשקלון,611,34,מועצה אזורית שפיר,,1,873,861,861,,12,1949.0,330,3,173454622671,52,631,10001821,2023,En Zurim,ללא שיוך לאשכול
יראון,623,YIR'ON,2,הצפון,24,עכו,244,1,מועצה אזורית הגליל העליון,,1,402,389,389,,13,1949.0,330,15,242876775829,680,253,10004528,2023,Yir'on,אשכול רשויות גליל מזרחי
ג'לג'וליה,627,JALJULYE,4,המרכז,42,פתח תקווה,421,99,מועצה מקומית,142,2,10754,10721,111,10610,33,,270,,195700673195,38,451,15000658,2023,Jaljulye,אשכול רשויות השרון
ג'ת,628,JATT,3,חיפה,32,חדרה,324,99,מועצה מקומית,,2,12554,12476,10,12466,78,,270,,203558700670,56,354,15002436,2023,Jatt,ללא שיוך לאשכול
כפר ברא,633,KAFAR BARA,4,המרכז,42,פתח תקווה,422,99,מועצה מקומית,142,2,3893,3882,1,3881,11,,290,,197402670878,108,451,15000658,2023,Kafar Bara,אשכול רשויות השרון
כפר קאסם,634,KAFAR QASEM,4,המרכז,42,פתח תקווה,422,0,עירייה,142,2,27121,26361,41,26320,760,,260,,197581669147,84,451,15000658,2023,Kafar Qasem,אשכול רשויות השרון
מוקייבלה,635,MUQEIBLE,2,הצפון,23,יזרעאל,234,8,מועצה אזורית הגלבוע,,2,4537,4534,3,4531,3,,290,,228137713314,87,204,10004394,2023,Muqeible,אשכול רשויות הגליל והעמקים
צנדלה,636,SANDALA,2,הצפון,23,יזרעאל,232,8,מועצה אזורית הגלבוע,,2,1795,1791,,1791,4,,450,,230625714281,113,204,10004394,2023,Sandala,אשכול רשויות הגליל והעמקים
ערערה,637,AR'ARA,3,חיפה,32,חדרה,323,99,מועצה מקומית,,2,20443,20419,21,20398,24,,260,,208681711765,173,354,10004233,2023,Ar'ara,ללא שיוך לאשכול
קלנסווה,638,QALANSAWE,4,המרכז,41,השרון,412,0,עירייה,141,2,24728,24547,36,24511,181,,260,,198032688339,37,458,10002155,2023,Qalansawe,אשכול רשויות השרון
מצר,648,MEZER,3,חיפה,32,חדרה,324,14,מועצה אזורית מנשה,,1,457,431,431,,26,1953.0,330,15,204697705127,75,351,15002436,2023,Mezer,ללא שיוך לאשכול
מייסר,649,MEISER,3,חיפה,32,חדרה,323,14,מועצה אזורית מנשה,,2,1974,1974,2,1972,,,450,,204169705643,57,351,15002436,2023,Meiser,ללא שיוך לאשכול
אבטין,652,IBTIN,3,חיפה,31,חיפה,311,12,מועצה אזורית זבולון,222,2,2806,2802,1,2801,4,,290,,210930740772,48,301,10004207,2023,Ibtin,אשכול רשויות המפרץ
כפר קרע,654,KAFAR QARA,3,חיפה,32,חדרה,323,0,עירייה,,2,20580,20550,19,20531,30,,260,,205020712373,109,354,10004233,2023,Kafar Qara,ללא שיוך לאשכול
שייח' דנון,658,SHEIKH DANNUN,2,הצפון,24,עכו,243,4,מועצה אזורית מטה אשר,,2,2942,2942,2,2940,,,290,,214194766502,84,201,10004302,2023,Sheikh Dannun,אשכול רשויות גליל מערבי
שער אפרים,661,SHA'AR EFRAYIM,4,המרכז,41,השרון,412,18,מועצה אזורית לב השרון,141,1,2056,2046,2042,4,10,1953.0,191,1,199932688385,42,412,10002155,2023,Sha'ar Efrayim,אשכול רשויות השרון
חוסן,662,HOSEN,2,הצפון,24,עכו,243,52,מועצה אזורית מעלה יוסף,,1,1232,1164,1159,5,68,1949.0,310,9,228079766974,478,255,10004484,2023,Hosen,אשכול רשויות גליל מערבי
טירת יהודה,663,TIRAT YEHUDA,4,המרכז,42,פתח תקווה,422,25,מועצה אזורית חבל מודיעין,142,1,1259,1241,1241,,18,1949.0,310,2,193884657873,57,424,10002168,2023,Tirat Yehuda,ללא שיוך לאשכול
כרם בן זמרה,664,KEREM BEN ZIMRA,2,הצפון,21,צפת,212,2,מועצה אזורית מרום הגליל,,1,621,555,555,,66,1949.0,310,2,244005771476,822,209,10004528,2023,Kerem Ben Zimra,אשכול רשויות גליל מזרחי
תקומה,665,TEQUMA,6,הדרום,62,באר שבע,621,39,מועצה אזורית שדות נגב,,1,841,766,766,,75,1949.0,310,2,160037595604,130,651,10001930,2023,Tequma,אשכול רשויות נגב מערבי
עומר,666,OMER,6,הדרום,62,באר שבע,623,99,מועצה מקומית,342,1,8226,8107,7686,421,119,1949.0,180,,185754575185,331,614,10001937,2023,Omer,ללא שיוך לאשכול
ברעם,667,BAR'AM,2,הצפון,24,עכו,244,1,מועצה אזורית הגליל העליון,,1,752,719,718,1,33,1949.0,330,15,240911773670,725,253,10004528,2023,Bar'am,אשכול רשויות גליל מזרחי
מפלסים,668,MEFALLESIM,6,הדרום,61,אשקלון,614,37,מועצה אזורית שער הנגב,,1,924,878,875,3,46,1949.0,330,15,158364601282,94,651,10001829,2023,Mefallesim,אשכול רשויות נגב מערבי
משמר איילון,670,MISHMAR AYYALON,4,המרכז,43,רמלה,432,30,מועצה אזורית גזר,143,1,605,553,553,,52,1949.0,310,1,194951642088,135,426,10002228,2023,Mishmar Ayyalon,ללא שיוך לאשכול
בית נקופה,672,BET NEQOFA,1,ירושלים,11,ירושלים,111,26,מועצה אזורית מטה יהודה,444,1,683,676,675,1,7,1949.0,310,1,212012634652,663,151,10002475,2023,Bet Neqofa,ללא שיוך לאשכול
כפר טרומן,673,KEFAR TRUMAN,4,המרכז,43,רמלה,432,25,מועצה אזורית חבל מודיעין,142,1,855,828,828,,27,1949.0,310,1,192972654189,56,424,10002168,2023,Kefar Truman,ללא שיוך לאשכול
לימן,674,LIMAN,2,הצפון,24,עכו,245,4,מועצה אזורית מטה אשר,241,1,873,858,858,,15,1949.0,310,1,210897773865,15,201,10004302,2023,Liman,אשכול רשויות גליל מערבי
הבונים,675,HABONIM,3,חיפה,32,חדרה,321,15,מועצה אזורית חוף הכרמל,243,1,409,364,364,,45,1949.0,320,15,193958726949,17,303,10004333,2023,HaBonim,אשכול רשויות מישור החוף
עין השלושה,676,EN HASHELOSHA,6,הדרום,62,באר שבע,622,38,מועצה אזורית אשכול,,1,399,375,374,1,24,1950.0,330,6,143060584687,100,651,10001893,2023,En HaShelosha,אשכול רשויות נגב מערבי
הסוללים,677,HASOLELIM,2,הצפון,23,יזרעאל,237,9,מועצה אזורית עמק יזרעאל,242,1,961,943,940,3,18,1949.0,330,6,222562739564,170,254,10004426,2023,HaSolelim,אשכול רשויות הגליל והעמקים
מעגן,678,MA'AGAN,2,הצפון,22,כנרת,221,6,מועצה אזורית עמק הירדן,,1,766,397,396,1,369,1949.0,330,15,256572734747,-199,214,10004552,2023,Ma'agan,אשכול רשויות הכנרת והעמקים
אביאל,679,AVI'EL,3,חיפה,32,חדרה,324,45,מועצה אזורית אלונה,,1,796,759,759,,37,1949.0,310,9,199615715338,52,351,10004333,2023,Avi'el,אשכול רשויות מישור החוף
אומץ,680,OMEZ,4,המרכז,41,השרון,412,16,מועצה אזורית עמק חפר,141,1,810,758,757,1,52,1949.0,310,1,199676697443,33,409,15000060,2023,Omez,ללא שיוך לאשכול
גבעת שמואל,681,GIV'AT SHEMU'EL,4,המרכז,42,פתח תקווה,422,0,עירייה,132,1,28628,28064,27968,96,564,1942.0,160,,186020664898,48,427,10001516,2023,Giv'at Shemu'el,ללא שיוך לאשכול
אליקים,682,ELYAQIM,2,הצפון,23,יזרעאל,236,13,מועצה אזורית מגידו,,1,920,904,904,,16,1949.0,310,1,206587726427,229,254,10004411,2023,Elyaqim,אשכול רשויות הגליל והעמקים
גבע כרמל,683,GEVA KARMEL,3,חיפה,32,חדרה,321,15,מועצה אזורית חוף הכרמל,243,1,1126,1039,1039,,87,1949.0,310,1,196035729822,22,303,10004333,2023,Geva Karmel,אשכול רשויות מישור החוף
היוגב,684,HAYOGEV,2,הצפון,23,יזרעאל,234,9,מועצה אזורית עמק יזרעאל,,1,1036,953,953,,83,1949.0,310,1,219491724167,86,254,10004411,2023,HaYogev,אשכול רשויות הגליל והעמקים
בניה,685,BENAYA,4,המרכז,44,רחובות,441,28,מועצה אזורית ברנר,143,1,884,869,869,,15,1949.0,310,1,176726639082,32,456,15002488,2023,Benaya,אשכול רשויות שורק דרומי
נווה ימין,686,NEWE YAMIN,4,המרכז,42,פתח תקווה,421,20,מועצה אזורית דרום השרון,142,1,1342,1306,1303,3,36,1949.0,310,1,194528675348,37,417,10002133,2023,Newe Yamin,אשכול רשויות השרון
עין איילה,687,EN AYYALA,3,חיפה,32,חדרה,321,15,מועצה אזורית חוף הכרמל,243,1,1219,1150,1150,,69,1949.0,310,1,195221726118,19,303,10004333,2023,En Ayyala,אשכול רשויות מישור החוף
עלמה,688,ALMA,2,הצפון,21,צפת,212,2,מועצה אזורית מרום הגליל,,1,857,830,830,,27,1949.0,310,2,247048772930,674,209,10004528,2023,Alma,אשכול רשויות גליל מזרחי
מגדים,689,MEGADIM,3,חיפה,32,חדרה,321,15,מועצה אזורית חוף הכרמל,223,1,1222,1160,1160,,62,1949.0,310,1,196457737271,15,303,10004710,2023,Megadim,אשכול רשויות מישור החוף
כפר אחים,690,KEFAR AHIM,6,הדרום,61,אשקלון,611,33,מועצה אזורית באר טוביה,143,1,811,778,778,,33,1949.0,310,1,177056628089,53,616,10001821,2023,Kefar Ahim,אשכול רשויות שורק דרומי
שפיר,692,SHAFIR,6,הדרום,61,אשקלון,611,34,מועצה אזורית שפיר,,1,1039,1018,1018,,21,1949.0,310,2,174322622834,58,631,10001821,2023,Shafir,ללא שיוך לאשכול
"נתיב הל""ה",693,NETIV HALAMED-HE,1,ירושלים,11,ירושלים,112,26,מועצה אזורית מטה יהודה,444,1,677,662,662,,15,1949.0,330,15,198453621779,301,151,15000597,2023,Netiv HaLamed-He,ללא שיוך לאשכול
מעגן מיכאל,694,MA'AGAN MIKHA'EL,3,חיפה,32,חדרה,321,15,מועצה אזורית חוף הכרמל,,1,2118,2059,2059,,59,1949.0,193,15,192339718008,10,303,10004333,2023,Ma'agan Mikha'el,אשכול רשויות מישור החוף
מגן,695,MAGEN,6,הדרום,62,באר שבע,622,38,מועצה אזורית אשכול,,1,541,513,507,6,28,1949.0,330,15,145434578933,119,651,10001893,2023,Magen,אשכול רשויות נגב מערבי
"כפר חב""ד",696,KEFAR HABAD,4,המרכז,43,רמלה,432,40,מועצה אזורית שדות דן,133,1,6438,6354,6354,,84,1949.0,180,,185973655289,40,425,10002207,2023,Kefar Habad,ללא שיוך לאשכול
בארותיים,697,BE'EROTAYIM,4,המרכז,41,השרון,412,16,מועצה אזורית עמק חפר,141,1,1152,1100,1100,,52,1949.0,310,1,198636692022,35,409,15000060,2023,Be'erotayim,ללא שיוך לאשכול
בורגתה,698,BURGETA,4,המרכז,41,השרון,411,16,מועצה אזורית עמק חפר,141,1,1105,1088,1086,2,17,1949.0,310,1,196685692391,28,409,15000060,2023,Burgeta,ללא שיוך לאשכול
ניר ישראל,699,NIR YISRA'EL,6,הדרום,61,אשקלון,614,36,מועצה אזורית חוף אשקלון,,1,870,855,855,,15,1949.0,310,6,165606621789,41,633,10001821,2023,Nir Yisra'el,אשכול רשויות נגב מערבי
חצב,700,HAZAV,6,הדרום,61,אשקלון,611,33,מועצה אזורית באר טוביה,143,1,1600,1392,1391,1,208,1949.0,310,1,178278632127,62,616,10001821,2023,Hazav,אשכול רשויות שורק דרומי
ארבל,701,ARBEL,2,הצפון,22,כנרת,222,3,מועצה אזורית הגליל התחתון,,1,745,725,725,,20,1949.0,310,1,245631746449,47,206,10004552,2023,Arbel,אשכול רשויות הכנרת והעמקים
האון,702,HAON,2,הצפון,22,כנרת,221,6,מועצה אזורית עמק הירדן,,1,155,153,153,,2,1949.0,330,15,258591736816,-188,214,10004552,2023,HaOn,אשכול רשויות הכנרת והעמקים
גבעת עוז,703,GIV'AT OZ,2,הצפון,23,יזרעאל,234,13,מועצה אזורית מגידו,,1,494,476,475,1,18,1949.0,330,15,218903717850,113,254,10004249,2023,Giv'at Oz,אשכול רשויות הגליל והעמקים
נחשונים,705,NAHSHONIM,4,המרכז,42,פתח תקווה,422,20,מועצה אזורית דרום השרון,142,1,471,459,459,,12,1949.0,330,15,195349663121,88,417,10002168,2023,Nahshonim,אשכול רשויות השרון
גיאה,706,GE'A,6,הדרום,61,אשקלון,614,36,מועצה אזורית חוף אשקלון,,1,792,785,785,,7,1949.0,310,1,162428615198,54,633,10001829,2023,Ge'a,אשכול רשויות נגב מערבי
כפר דניאל,707,KEFAR DANIYYEL,4,המרכז,43,רמלה,431,25,מועצה אזורית חבל מודיעין,142,1,630,623,623,,7,1949.0,320,15,193732649013,97,424,10002261,2023,Kefar Daniyyel,ללא שיוך לאשכול
עמקה,708,AMQA,2,הצפון,24,עכו,245,4,מועצה אזורית מטה אשר,,1,930,920,920,,10,1949.0,310,1,215481764906,81,201,10004302,2023,Amqa,אשכול רשויות גליל מערבי
תפרח,709,TIFRAH,6,הדרום,62,באר שבע,622,42,מועצה אזורית מרחבים,344,1,2269,2249,2249,,20,1949.0,191,,169368581637,160,651,10001893,2023,Tifrah,אשכול רשויות נגב מערבי
בית זית,710,BET ZAYIT,1,ירושלים,11,ירושלים,111,26,מועצה אזורית מטה יהודה,444,1,1506,1490,1485,5,16,1949.0,310,1,215424632158,596,151,10002475,2023,Bet Zayit,ללא שיוך לאשכול
עזריה,711,AZARYA,4,המרכז,43,רמלה,432,30,מועצה אזורית גזר,143,1,1322,1281,1281,,41,1949.0,310,1,191560644206,96,426,10002228,2023,Azarya,ללא שיוך לאשכול
בן עמי,712,BEN AMMI,2,הצפון,24,עכו,245,4,מועצה אזורית מטה אשר,,1,797,755,753,2,42,1949.0,310,1,211900767835,28,201,10004302,2023,Ben Ammi,אשכול רשויות גליל מערבי
רעים,713,RE'IM,6,הדרום,62,באר שבע,622,38,מועצה אזורית אשכול,,1,465,447,445,2,18,1949.0,330,15,148580588423,49,651,10001893,2023,Re'im,אשכול רשויות נגב מערבי
ארז,714,EREZ,6,הדרום,61,אשקלון,614,37,מועצה אזורית שער הנגב,,1,662,638,638,,24,1949.0,330,15,158889607730,41,651,10001829,2023,Erez,אשכול רשויות נגב מערבי
להבות חביבה,715,LAHAVOT HAVIVA,3,חיפה,32,חדרה,324,14,מועצה אזורית מנשה,,1,982,957,957,,25,1949.0,330,15,201092700136,43,351,15002436,2023,Lahavot Haviva,ללא שיוך לאשכול
אייל,716,EYAL,4,המרכז,42,פתח תקווה,421,20,מועצה אזורית דרום השרון,141,1,621,610,610,,11,1949.0,330,15,198268679825,76,417,10004769,2023,Eyal,אשכול רשויות השרון
חגור,717,HAGOR,4,המרכז,42,פתח תקווה,421,20,מועצה אזורית דרום השרון,142,1,1126,1110,1110,,16,1949.0,310,1,195173671573,35,417,15000658,2023,Hagor,אשכול רשויות השרון
ירחיב,718,YARHIV,4,המרכז,42,פתח תקווה,421,20,מועצה אזורית דרום השרון,142,1,1200,1178,1177,1,22,1949.0,310,1,197195673331,57,417,15000658,2023,Yarhiv,אשכול רשויות השרון
תל קציר,719,TEL QAZIR,2,הצפון,22,כנרת,221,6,מועצה אזורית עמק הירדן,,1,547,528,528,,19,1949.0,330,15,258190734519,-144,214,10004552,2023,Tel Qazir,אשכול רשויות הכנרת והעמקים
ניר גלים,720,NIR GALLIM,4,המרכז,44,רחובות,441,29,מועצה אזורית חבל יבנה,143,1,1252,1216,1203,13,36,1949.0,320,2,170000636938,20,456,10001836,2023,Nir Gallim,אשכול רשויות שורק דרומי
שדה אילן,721,SEDE ILAN,2,הצפון,22,כנרת,222,3,מועצה אזורית הגליל התחתון,,1,744,730,730,,14,1949.0,310,2,239970739359,196,206,10004552,2023,Sede Ilan,אשכול רשויות הכנרת והעמקים
מגשימים,722,MAGSHIMIM,4,המרכז,42,פתח תקווה,422,20,מועצה אזורית דרום השרון,132,1,903,886,884,2,17,1949.0,310,10,190608661524,52,417,10002116,2023,Magshimim,אשכול רשויות השרון
בית הגדי,723,BET HAGADDI,6,הדרום,62,באר שבע,621,39,מועצה אזורית שדות נגב,,1,1036,887,887,,149,1949.0,310,2,162600592751,149,651,10001930,2023,Bet HaGaddi,אשכול רשויות נגב מערבי
הודייה,726,HODIYYA,6,הדרום,61,אשקלון,614,36,מועצה אזורית חוף אשקלון,,1,788,769,768,1,19,1949.0,310,1,166007620410,52,633,10001821,2023,Hodiyya,אשכול רשויות נגב מערבי
תלמי יחיאל,727,TALME YEHI'EL,6,הדרום,61,אשקלון,611,33,מועצה אזורית באר טוביה,143,1,939,900,900,,39,1949.0,310,1,177614629043,52,616,10001821,2023,Talme Yehi'el,אשכול רשויות שורק דרומי
משמר השבעה,729,MISHMAR HASHIV'A,4,המרכז,43,רמלה,432,40,מועצה אזורית שדות דן,133,1,1035,973,973,,62,1949.0,310,19,183466657450,28,425,10002207,2023,Mishmar HaShiv'a,ללא שיוך לאשכול
אליפלט,730,ELIFELET,2,הצפון,21,צפת,213,55,מועצה אזורית מבואות החרמון,,1,776,765,765,,11,1949.0,310,1,251520761491,334,253,10004540,2023,Elifelet,אשכול רשויות גליל מזרחי
מישר,731,MESHAR,4,המרכז,44,רחובות,441,32,מועצה אזורית גדרות,143,1,739,722,722,,17,1950.0,310,10,176804636354,51,456,15002488,2023,Meshar,ללא שיוך לאשכול
משמר הירדן,732,MISHMAR HAYARDEN,2,הצפון,21,צפת,213,55,מועצה אזורית מבואות החרמון,,1,934,914,914,,20,1949.0,310,9,256416767847,230,253,10004540,2023,Mishmar HaYarden,אשכול רשויות גליל מזרחי
גן יאשיה,734,GAN YOSHIYYA,4,המרכז,41,השרון,412,16,מועצה אזורית עמק חפר,141,1,989,925,925,,64,1949.0,310,1,199625695211,32,409,15000060,2023,Gan Yoshiyya,ללא שיוך לאשכול
רמות מאיר,735,RAMOT ME'IR,4,המרכז,43,רמלה,432,30,מועצה אזורית גזר,143,1,676,652,652,,24,1949.0,310,1,186500642382,82,426,10002241,2023,Ramot Me'ir,ללא שיוך לאשכול
גילת,736,GILAT,6,הדרום,62,באר שבע,622,42,מועצה אזורית מרחבים,344,1,1642,1571,1570,1,71,1949.0,310,1,166879581935,136,651,10001893,2023,Gilat,אשכול רשויות נגב מערבי
עולש,737,OLESH,4,המרכז,41,השרון,412,16,מועצה אזורית עמק חפר,141,1,1271,1130,1130,,141,1949.0,310,1,198857693179,36,409,15000060,2023,Olesh,ללא שיוך לאשכול
דור,738,DOR,3,חיפה,32,חדרה,321,15,מועצה אזורית חוף הכרמל,243,1,463,434,434,,29,1949.0,310,1,192918723729,4,303,10004333,2023,Dor,אשכול רשויות מישור החוף
שדה עוזיהו,739,SEDE UZZIYYAHU,6,הדרום,61,אשקלון,611,33,מועצה אזורית באר טוביה,143,1,1560,1448,1443,5,112,1950.0,310,6,169556629437,30,616,10001821,2023,Sede Uzziyyahu,אשכול רשויות שורק דרומי
אשתאול,740,ESHTA'OL,1,ירושלים,11,ירושלים,112,26,מועצה אזורית מטה יהודה,444,1,1092,1085,1085,,7,1949.0,310,1,200958632065,282,151,15000597,2023,Eshta'ol,ללא שיוך לאשכול
שואבה,741,SHO'EVA,1,ירושלים,11,ירושלים,111,26,מועצה אזורית מטה יהודה,444,1,577,565,565,,12,1950.0,310,10,207485633954,618,151,15000597,2023,Sho'eva,ללא שיוך לאשכול
מסילת ציון,742,MESILLAT ZIYYON,1,ירושלים,11,ירושלים,112,26,מועצה אזורית מטה יהודה,444,1,934,920,913,7,14,1950.0,310,1,201129634391,303,151,15000597,2023,Mesillat Ziyyon,ללא שיוך לאשכול
כפר שמואל,743,KEFAR SHEMU'EL,4,המרכז,43,רמלה,432,30,מועצה אזורית גזר,143,1,953,896,896,,57,1950.0,310,6,193713644173,107,426,10002228,2023,Kefar Shemu'el,ללא שיוך לאשכול
תלמי יפה,744,TALME YAFE,6,הדרום,61,אשקלון,614,36,מועצה אזורית חוף אשקלון,,1,677,673,673,,4,1950.0,320,6,163386614131,73,633,10001829,2023,Talme Yafe,אשכול רשויות נגב מערבי
גמזו,745,GIMZO,4,המרכז,43,רמלה,431,25,מועצה אזורית חבל מודיעין,142,1,1155,1142,1142,,13,1950.0,310,8,194539648348,106,424,10002261,2023,Gimzo,ללא שיוך לאשכול
ברכיה,746,BEREKHYA,6,הדרום,61,אשקלון,614,36,מועצה אזורית חוף אשקלון,,1,1292,1260,1260,,32,1950.0,310,1,164544619792,43,633,10001821,2023,Berekhya,אשכול רשויות נגב מערבי
בית שקמה,747,BET SHIQMA,6,הדרום,61,אשקלון,614,36,מועצה אזורית חוף אשקלון,,1,880,860,856,4,20,1950.0,310,1,162849616321,53,633,10001829,2023,Bet Shiqma,אשכול רשויות נגב מערבי
מסלול,748,MASLUL,6,הדרום,62,באר שבע,622,42,מועצה אזורית מרחבים,344,1,976,907,907,,69,1950.0,310,1,160921581568,110,651,10001893,2023,Maslul,אשכול רשויות נגב מערבי
פטיש,749,PATTISH,6,הדרום,62,באר שבע,622,42,מועצה אזורית מרחבים,344,1,1101,1070,1052,18,31,1950.0,310,1,158123581917,96,651,10001893,2023,Pattish,אשכול רשויות נגב מערבי
פדויים,750,PEDUYIM,6,הדרום,62,באר שבע,622,42,מועצה אזורית מרחבים,344,1,499,480,480,,19,1950.0,310,1,162988581840,115,651,10001893,2023,Peduyim,אשכול רשויות נגב מערבי
בית מאיר,751,BET ME'IR,1,ירושלים,11,ירושלים,111,26,מועצה אזורית מטה יהודה,444,1,650,573,573,,77,1950.0,310,2,203566633497,576,151,15000597,2023,Bet Me'ir,ללא שיוך לאשכול
תעוז,752,TA'OZ,1,ירושלים,11,ירושלים,112,26,מועצה אזורית מטה יהודה,444,1,676,670,670,,6,1950.0,310,2,197701634279,221,151,15000597,2023,Ta'oz,ללא שיוך לאשכול
ינוב,753,YANUV,4,המרכז,41,השרון,411,18,מועצה אזורית לב השרון,141,1,870,838,838,,32,1950.0,310,1,195442690339,46,412,15000060,2023,Yanuv,אשכול רשויות השרון
גורן,755,GOREN,2,הצפון,24,עכו,244,52,מועצה אזורית מעלה יוסף,,1,428,409,404,5,19,1950.0,310,1,222435773492,366,255,10004302,2023,Goren,אשכול רשויות גליל מערבי
בית עזרא,756,BET EZRA,6,הדרום,61,אשקלון,611,33,מועצה אזורית באר טוביה,143,1,1132,1086,1084,2,46,1950.0,310,1,167429627329,44,616,10001821,2023,Bet Ezra,אשכול רשויות שורק דרומי
מצליח,757,MAZLIAH,4,המרכז,43,רמלה,432,30,מועצה אזורית גזר,143,1,1461,1393,1393,,68,1950.0,310,1,188128645983,82,426,10002228,2023,Mazliah,ללא שיוך לאשכול
יד חנה,758,YAD HANNA,4,המרכז,41,השרון,412,16,מועצה אזורית עמק חפר,141,1,977,972,970,2,5,1950.0,330,15,200788692495,53,409,10002155,2023,Yad Hanna,ללא שיוך לאשכול
יציץ,759,YAZIZ,4,המרכז,43,רמלה,432,30,מועצה אזורית גזר,143,1,1026,969,969,,57,1950.0,310,1,186896641190,72,426,10002241,2023,Yaziz,ללא שיוך לאשכול
בן זכאי,760,BEN ZAKKAY,4,המרכז,44,רחובות,441,29,מועצה אזורית חבל יבנה,143,1,997,971,971,,26,1950.0,310,2,174442640509,30,456,15002488,2023,Ben Zakkay,אשכול רשויות שורק דרומי
שובה,761,SHUVA,6,הדרום,62,באר שבע,621,39,מועצה אזורית שדות נגב,,1,999,928,928,,71,1950.0,310,2,156692595710,108,651,10001930,2023,Shuva,אשכול רשויות נגב מערבי
בטחה,762,BITHA,6,הדרום,62,באר שבע,622,42,מועצה אזורית מרחבים,344,1,885,843,843,,42,1950.0,310,1,165027582642,120,651,10001893,2023,Bitha,אשכול רשויות נגב מערבי
שתולים,763,SHETULIM,6,הדרום,61,אשקלון,611,33,מועצה אזורית באר טוביה,143,1,2207,2194,2194,,13,1950.0,191,1,170115631363,30,616,10001821,2023,Shetulim,אשכול רשויות שורק דרומי
כפר מרדכי,764,KEFAR MORDEKHAY,4,המרכז,44,רחובות,441,32,מועצה אזורית גדרות,143,1,651,628,628,,23,1950.0,310,10,176889637720,41,456,15002488,2023,Kefar Mordekhay,ללא שיוך לאשכול
משגב דב,765,MISGAV DOV,4,המרכז,44,רחובות,441,32,מועצה אזורית גדרות,143,1,746,710,708,2,36,1950.0,310,9,175419636454,58,456,15002488,2023,Misgav Dov,ללא שיוך לאשכול
קוממיות,766,QOMEMIYYUT,6,הדרום,61,אשקלון,611,34,מועצה אזורית שפיר,,1,468,465,465,,3,1950.0,310,19,174530618893,70,631,10001813,2023,Qomemiyyut,ללא שיוך לאשכול
פורת,767,PORAT,4,המרכז,41,השרון,411,18,מועצה אזורית לב השרון,141,1,1512,1448,1448,,64,1950.0,310,2,195511686989,57,412,15000060,2023,Porat,אשכול רשויות השרון
כרמייה,768,KARMIYYA,6,הדרום,61,אשקלון,614,36,מועצה אזורית חוף אשקלון,,1,742,724,723,1,18,1950.0,330,15,156588612726,29,633,10001829,2023,Karmiyya,אשכול רשויות נגב מערבי
ניר עציון,769,NIR EZYON,3,חיפה,32,חדרה,322,15,מועצה אזורית חוף הכרמל,243,1,816,807,807,,9,1950.0,320,3,199393733912,209,303,10004333,2023,Nir Ezyon,אשכול רשויות מישור החוף
מבוא ביתר,771,MEVO BETAR,1,ירושלים,11,ירושלים,111,26,מועצה אזורית מטה יהודה,444,1,1125,1119,1119,,6,1950.0,320,9,210166625547,752,151,15000597,2023,Mevo Betar,ללא שיוך לאשכול
אמונים,772,EMUNIM,6,הדרום,61,אשקלון,611,33,מועצה אזורית באר טוביה,143,1,1038,1008,1008,,30,1950.0,310,1,169357628015,31,616,10001821,2023,Emunim,אשכול רשויות שורק דרומי
עמיקם,773,AMMIQAM,3,חיפה,32,חדרה,323,45,מועצה אזורית אלונה,,1,761,730,730,,31,1950.0,310,9,202218718782,82,351,10004333,2023,Ammiqam,אשכול רשויות מישור החוף
צוריאל,774,ZURI'EL,2,הצפון,24,עכו,243,52,מועצה אזורית מעלה יוסף,,1,507,465,461,4,42,1950.0,310,1,229672767971,636,255,10004484,2023,Zuri'el,אשכול רשויות גליל מערבי
יד נתן,775,YAD NATAN,6,הדרום,61,אשקלון,612,50,מועצה אזורית לכיש,,1,654,605,603,2,49,1953.0,310,6,172139617881,76,634,10001813,2023,Yad Natan,ללא שיוך לאשכול
מחסיה,776,MAHSEYA,1,ירושלים,11,ירושלים,112,26,מועצה אזורית מטה יהודה,444,1,500,497,497,,3,1950.0,310,2,200779628371,252,151,15000597,2023,Mahseya,ללא שיוך לאשכול
נחשון,777,NAHSHON,1,ירושלים,11,ירושלים,112,26,מועצה אזורית מטה יהודה,,1,610,593,585,8,17,1950.0,330,15,195927637643,174,151,15000597,2023,Nahshon,ללא שיוך לאשכול
תרום,778,TARUM,1,ירושלים,11,ירושלים,112,26,מועצה אזורית מטה יהודה,444,1,930,916,916,,14,1950.0,310,2,198362632277,285,151,15000597,2023,Tarum,ללא שיוך לאשכול
עמינדב,779,AMMINADAV,1,ירושלים,11,ירושלים,111,26,מועצה אזורית מטה יהודה,444,1,914,906,905,1,8,1950.0,310,1,213509628780,824,151,10002521,2023,Amminadav,ללא שיוך לאשכול
אורה,780,ORA,1,ירושלים,11,ירושלים,111,26,מועצה אזורית מטה יהודה,444,1,1358,1348,1329,19,10,1950.0,310,1,214586629042,800,151,10002521,2023,Ora,ללא שיוך לאשכול
אבן ספיר,783,EVEN SAPPIR,1,ירושלים,11,ירושלים,111,26,מועצה אזורית מטה יהודה,444,1,715,709,709,,6,1950.0,310,1,212841630021,608,151,10002521,2023,Even Sappir,ללא שיוך לאשכול
בית נחמיה,784,BET NEHEMYA,4,המרכז,43,רמלה,432,25,מועצה אזורית חבל מודיעין,142,1,1082,1072,1072,,10,1950.0,310,6,195879653755,82,424,10002168,2023,Bet Nehemya,ללא שיוך לאשכול
אחיהוד,785,AHIHUD,2,הצפון,24,עכו,246,4,מועצה אזורית מטה אשר,241,1,1111,1076,1075,1,35,1950.0,310,1,216524756989,47,201,10004315,2023,Ahihud,אשכול רשויות גליל מערבי
כפר זיתים,786,KEFAR ZETIM,2,הצפון,22,כנרת,222,3,מועצה אזורית הגליל התחתון,,1,716,714,713,1,2,1950.0,310,1,243713746382,51,206,10004552,2023,Kefar Zetim,אשכול רשויות הכנרת והעמקים
גבעת יערים,787,GIV'AT YE'ARIM,1,ירושלים,11,ירושלים,111,26,מועצה אזורית מטה יהודה,444,1,1283,1270,1270,,13,1950.0,310,1,208801632690,694,151,15000597,2023,Giv'at Ye'arim,ללא שיוך לאשכול
זיתן,788,ZETAN,4,המרכז,43,רמלה,432,40,מועצה אזורית שדות דן,133,1,1177,1157,1157,,20,1950.0,310,1,189778653668,40,425,10002261,2023,Zetan,ללא שיוך לאשכול
רנן,789,RANNEN,6,הדרום,62,באר שבע,622,42,מועצה אזורית מרחבים,344,1,794,706,706,,88,1950.0,310,1,162056583074,104,651,10001893,2023,Rannen,אשכול רשויות נגב מערבי
משען,791,MASH'EN,6,הדרום,61,אשקלון,614,36,מועצה אזורית חוף אשקלון,,1,956,916,916,,40,1950.0,310,1,164376618453,50,633,10001829,2023,Mash'en,אשכול רשויות נגב מערבי
נתיב השיירה,792,NETIV HASHAYYARA,2,הצפון,24,עכו,245,4,מועצה אזורית מטה אשר,,1,488,467,467,,21,1950.0,310,1,213029766554,43,201,10004302,2023,Netiv HaShayyara,אשכול רשויות גליל מערבי
גבעתי,793,GIV'ATI,6,הדרום,61,אשקלון,611,33,מועצה אזורית באר טוביה,143,1,1109,984,984,,125,1950.0,310,1,169808626830,37,616,10001821,2023,Giv'ati,אשכול רשויות שורק דרומי
עגור,794,AGUR,1,ירושלים,11,ירושלים,112,26,מועצה אזורית מטה יהודה,,1,435,427,427,,8,1950.0,310,1,191751622833,218,151,15000597,2023,Agur,ללא שיוך לאשכול
יערה,795,YA'ARA,2,הצפון,24,עכו,244,52,מועצה אזורית מעלה יוסף,,1,866,854,711,143,12,1950.0,310,1,217692774666,162,255,10004302,2023,Ya'ara,אשכול רשויות גליל מערבי
צלפון,796,ZELAFON,1,ירושלים,11,ירושלים,112,26,מועצה אזורית מטה יהודה,,1,1112,1079,1078,1,33,1950.0,310,1,193547634699,168,151,15000597,2023,Zelafon,ללא שיוך לאשכול
אחיעזר,797,AHI'EZER,4,המרכז,43,רמלה,432,40,מועצה אזורית שדות דן,133,1,2179,2155,2154,1,24,1950.0,191,2,187937654418,40,425,10002261,2023,Ahi'ezer,ללא שיוך לאשכול
יגל,798,YAGEL,4,המרכז,43,רמלה,432,40,מועצה אזורית שדות דן,133,1,1101,1090,1090,,11,1950.0,310,1,188712655094,40,425,10002261,2023,Yagel,ללא שיוך לאשכול
זכריה,799,ZEKHARYA,1,ירושלים,11,ירושלים,112,26,מועצה אזורית מטה יהודה,,1,1368,1315,1307,8,53,1950.0,310,1,194866624171,269,151,15000597,2023,Zekharya,ללא שיוך לאשכול
בית חנניה,800,BET HANANYA,3,חיפה,32,חדרה,324,15,מועצה אזורית חוף הכרמל,,1,846,821,821,,25,1950.0,310,1,193273714909,10,303,10004333,2023,Bet Hananya,אשכול רשויות מישור החוף
"חמ""ד",801,HEMED,4,המרכז,43,רמלה,432,40,מועצה אזורית שדות דן,133,1,1427,1417,1417,,10,1950.0,310,2,184966658486,26,425,10002207,2023,Hemed,ללא שיוך לאשכול
"גבעת כ""ח",802,GIV'AT KOAH,4,המרכז,42,פתח תקווה,422,25,מועצה אזורית חבל מודיעין,142,1,958,912,912,,46,1950.0,310,1,194077659834,69,424,10002168,2023,Giv'at Koah,ללא שיוך לאשכול
יושיביה,803,YOSHIVYA,6,הדרום,62,באר שבע,621,39,מועצה אזורית שדות נגב,,1,806,792,791,1,14,1950.0,310,2,162872594795,131,651,10001930,2023,Yoshivya,אשכול רשויות נגב מערבי
אחיסמך,804,AHISAMAKH,4,המרכז,43,רמלה,432,25,מועצה אזורית חבל מודיעין,142,1,1416,1401,1401,,15,1950.0,310,1,191420649216,69,424,10002261,2023,Ahisamakh,ללא שיוך לאשכול
ישעי,805,YISH'I,1,ירושלים,11,ירושלים,112,26,מועצה אזורית מטה יהודה,444,1,920,912,912,,8,1950.0,310,2,196826628791,196,151,15000597,2023,Yish'i,ללא שיוך לאשכול
עין יהב,806,EN YAHAV,6,הדרום,62,באר שבע,625,54,מועצה אזורית הערבה התיכונה,,1,1408,930,926,4,478,1951.0,310,1,222622507536,-83,657,10001918,2023,En Yahav,אשכול רשויות נגב מזרחי
חניאל,807,HANNI'EL,4,המרכז,41,השרון,411,16,מועצה אזורית עמק חפר,141,1,847,814,814,,33,1950.0,310,1,195398693282,31,409,15000060,2023,Hanni'el,ללא שיוך לאשכול
ניר אליהו,808,NIR ELIYYAHU,4,המרכז,42,פתח תקווה,421,20,מועצה אזורית דרום השרון,141,1,585,569,566,3,16,1950.0,330,15,195364678228,61,417,10002133,2023,Nir Eliyyahu,אשכול רשויות השרון
נחם,809,NAHAM,1,ירושלים,11,ירושלים,112,26,מועצה אזורית מטה יהודה,444,1,597,574,532,42,23,1950.0,310,2,200407630429,252,151,15000597,2023,Naham,ללא שיוך לאשכול
עופר,810,OFER,3,חיפה,32,חדרה,322,15,מועצה אזורית חוף הכרמל,243,1,598,578,578,,20,1950.0,310,1,198580725352,148,303,10004333,2023,Ofer,אשכול רשויות מישור החוף
יכיני,811,YAKHINI,6,הדרום,61,אשקלון,614,37,מועצה אזורית שער הנגב,,1,780,741,726,15,39,1950.0,310,1,161991599124,129,651,10001829,2023,Yakhini,אשכול רשויות נגב מערבי
שלומי,812,SHELOMI,2,הצפון,24,עכו,245,99,מועצה מקומית,,1,8130,8097,7954,143,33,1950.0,180,,214214775630,73,255,10004302,2023,Shelomi,אשכול רשויות גליל מערבי
עין יעקב,813,EN YA'AQOV,2,הצפון,24,עכו,243,52,מועצה אזורית מעלה יוסף,,1,1257,1243,1243,,14,1950.0,310,1,221841768295,422,255,10004484,2023,En Ya'aqov,אשכול רשויות גליל מערבי
תלמים,814,TELAMIM,6,הדרום,61,אשקלון,612,50,מועצה אזורית לכיש,,1,908,880,880,,28,1950.0,310,1,168900608135,95,634,10001813,2023,Telamim,ללא שיוך לאשכול
זבדיאל,815,ZAVDI'EL,6,הדרום,61,אשקלון,611,34,מועצה אזורית שפיר,,1,808,802,802,,6,1950.0,310,8,177316618586,90,631,10001813,2023,Zavdi'el,ללא שיוך לאשכול
זנוח,816,ZANOAH,1,ירושלים,11,ירושלים,112,26,מועצה אזורית מטה יהודה,444,1,515,511,498,13,4,1950.0,310,8,200008626676,291,151,15000597,2023,Zanoah,ללא שיוך לאשכול
עזריקם,817,AZRIQAM,6,הדרום,61,אשקלון,611,33,מועצה אזורית באר טוביה,143,1,1601,1544,1540,4,57,1950.0,310,1,171383628801,39,616,10001821,2023,Azriqam,אשכול רשויות שורק דרומי
זרחיה,818,ZERAHYA,6,הדרום,61,אשקלון,611,34,מועצה אזורית שפיר,,1,856,824,824,,32,1950.0,310,2,175949621101,72,631,10001821,2023,Zerahya,ללא שיוך לאשכול
אביגדור,819,AVIGEDOR,6,הדרום,61,אשקלון,611,33,מועצה אזורית באר טוביה,143,1,870,821,821,,49,1950.0,310,1,175735624280,64,616,10001821,2023,Avigedor,אשכול רשויות שורק דרומי
חלץ,820,HELEZ,6,הדרום,61,אשקלון,614,36,מועצה אזורית חוף אשקלון,,1,603,545,540,5,58,1950.0,310,1,167638609658,80,633,10001829,2023,Helez,אשכול רשויות נגב מערבי
אחוזם,821,AHUZZAM,6,הדרום,61,אשקלון,612,50,מועצה אזורית לכיש,,1,524,494,490,4,30,1950.0,310,2,178225606879,169,634,10001813,2023,Ahuzzam,ללא שיוך לאשכול
מטע,822,MATTA,1,ירושלים,11,ירושלים,111,26,מועצה אזורית מטה יהודה,444,1,870,856,854,2,14,1950.0,310,1,205963625052,603,151,15000597,2023,Matta,ללא שיוך לאשכול
בר גיורא,823,BAR GIYYORA,1,ירושלים,11,ירושלים,111,26,מועצה אזורית מטה יהודה,444,1,728,720,717,3,8,1950.0,310,9,206936626361,695,151,15000597,2023,Bar Giyyora,ללא שיוך לאשכול
כוכב מיכאל,824,KOKHAV MIKHA'EL,6,הדרום,61,אשקלון,614,36,מועצה אזורית חוף אשקלון,,1,1101,1089,1089,,12,1950.0,310,1,168644615359,94,633,10001829,2023,Kokhav Mikha'el,אשכול רשויות נגב מערבי
נס הרים,825,NES HARIM,1,ירושלים,11,ירושלים,111,26,מועצה אזורית מטה יהודה,444,1,1366,1358,1344,14,8,1950.0,310,1,205521628047,682,151,15000597,2023,Nes Harim,ללא שיוך לאשכול
עוזה,826,UZA,6,הדרום,61,אשקלון,612,34,מועצה אזורית שפיר,,1,474,434,433,1,40,1950.0,310,2,177683611294,140,631,10001813,2023,Uza,ללא שיוך לאשכול
נווה מבטח,827,NEWE MIVTAH,6,הדרום,61,אשקלון,611,33,מועצה אזורית באר טוביה,143,1,718,692,692,,26,1950.0,310,1,175586634831,61,616,10001821,2023,Newe Mivtah,אשכול רשויות שורק דרומי
ישרש,828,YASHRESH,4,המרכז,43,רמלה,432,30,מועצה אזורית גזר,143,1,1061,1044,1044,,17,1950.0,310,1,185752646971,80,426,10002228,2023,Yashresh,ללא שיוך לאשכול
מבטחים,829,MIVTAHIM,6,הדרום,62,באר שבע,622,38,מועצה אזורית אשכול,,1,915,502,502,,413,1950.0,310,1,143570572366,129,651,10001893,2023,Mivtahim,אשכול רשויות נגב מערבי
ירוחם,831,YEROHAM,6,הדרום,62,באר שבע,626,99,מועצה מקומית,,1,11911,11699,11048,651,212,1951.0,170,,193023544108,518,612,10001918,2023,Yeroham,אשכול רשויות נגב מזרחי
נורית,833,NURIT,2,הצפון,23,יזרעאל,232,8,מועצה אזורית הגלבוע,,1,265,264,262,2,1,1950.0,370,,233729716424,126,204,10004394,2023,Nurit,אשכול רשויות הגליל והעמקים
גנות,836,GANNOT,4,המרכז,43,רמלה,432,40,מועצה אזורית שדות דן,133,1,474,469,469,,5,1953.0,310,10,183942658369,27,425,10002207,2023,Gannot,ללא שיוך לאשכול
עזריאל,837,AZRI'EL,4,המרכז,41,השרון,411,18,מועצה אזורית לב השרון,141,1,1035,975,975,,60,1951.0,310,2,197423685443,53,412,15000060,2023,Azri'el,אשכול רשויות השרון
פדיה,838,PEDAYA,4,המרכז,43,רמלה,432,30,מועצה אזורית גזר,143,1,937,848,848,,89,1951.0,310,1,188996640618,101,426,10002228,2023,Pedaya,ללא שיוך לאשכול
פתחיה,839,PETAHYA,4,המרכז,43,רמלה,432,30,מועצה אזורית גזר,143,1,915,866,866,,49,1951.0,310,6,189295641653,102,426,10002228,2023,Petahya,ללא שיוך לאשכול
כיסופים,840,KISSUFIM,6,הדרום,62,באר שבע,622,38,מועצה אזורית אשכול,,1,343,330,330,,13,1951.0,330,15,142844587326,85,651,10001893,2023,Kissufim,אשכול רשויות נגב מערבי
אלישמע,841,ELISHAMA,4,המרכז,42,פתח תקווה,421,20,מועצה אזורית דרום השרון,142,1,1219,1197,1197,,22,1951.0,310,1,193423673278,27,417,10002133,2023,Elishama,אשכול רשויות השרון
געש,842,GA'ASH,4,המרכז,41,השרון,411,19,מועצה אזורית חוף השרון,141,1,955,910,910,,45,1951.0,330,15,183666681788,29,401,15000060,2023,Ga'ash,ללא שיוך לאשכול
מרגליות,843,MARGALIYYOT,2,הצפון,21,צפת,212,55,מועצה אזורית מבואות החרמון,,1,457,434,429,5,23,1951.0,310,1,251198791097,690,253,10004591,2023,Margaliyyot,אשכול רשויות גליל מזרחי
נחל עוז,844,NAHAL OZ,6,הדרום,61,אשקלון,614,37,מועצה אזורית שער הנגב,,1,596,572,572,,24,1951.0,330,15,152270598074,70,651,10001829,2023,Nahal Oz,אשכול רשויות נגב מערבי
כפר עזה,845,KEFAR AZZA,6,הדרום,61,אשקלון,614,37,מועצה אזורית שער הנגב,,1,959,934,934,,25,1951.0,330,15,155552599254,89,651,10001829,2023,Kefar Azza,אשכול רשויות נגב מערבי
שפר,846,SHEFER,2,הצפון,21,צפת,212,2,מועצה אזורית מרום הגליל,,1,503,502,501,1,1,1950.0,310,1,241128760985,592,209,10004528,2023,Shefer,אשכול רשויות גליל מזרחי
בית רבן,848,BET RABBAN,4,המרכז,44,רחובות,441,29,מועצה אזורית חבל יבנה,143,1,706,705,705,,1,1946.0,340,,174495636158,54,456,10001821,2023,Bet Rabban,אשכול רשויות שורק דרומי
דביר,849,DVIR,6,הדרום,62,באר שבע,623,41,מועצה אזורית בני שמעון,341,1,1163,1144,1137,7,19,1951.0,330,15,183169591349,306,625,10001937,2023,Dvir,אשכול רשויות נגב מערבי
אחיטוב,850,AHITUV,4,המרכז,41,השרון,412,16,מועצה אזורית עמק חפר,141,1,1509,1074,1074,,435,1951.0,310,1,199331699340,42,409,15000060,2023,Ahituv,ללא שיוך לאשכול
ניצני עוז,851,NIZZANE OZ,4,המרכז,41,השרון,412,18,מועצה אזורית לב השרון,141,1,1244,1152,1152,,92,1951.0,310,1,200589690258,43,412,10002155,2023,Nizzane Oz,אשכול רשויות השרון
גונן,852,GONEN,2,הצפון,21,צפת,211,1,מועצה אזורית הגליל העליון,,1,420,408,407,1,12,1951.0,330,15,260748781093,90,253,10004591,2023,Gonen,אשכול רשויות גליל מזרחי
גאליה,853,GE'ALYA,4,המרכז,44,רחובות,442,27,מועצה אזורית גן רווה,143,1,1052,1021,1021,,31,1948.0,310,1,177925643656,22,456,15002488,2023,Ge'alya,ללא שיוך לאשכול
רחוב,854,REHOV,2,הצפון,23,יזרעאל,231,7,מועצה אזורית עמק המעיינות,,1,546,472,472,,74,1951.0,310,2,246227706344,-122,202,10004568,2023,Rehov,אשכול רשויות הכנרת והעמקים
שעלבים,856,SHA'ALVIM,4,המרכז,43,רמלה,431,30,מועצה אזורית גזר,143,1,1921,1611,1611,,310,1951.0,330,8,198494641934,189,426,10002277,2023,Sha'alvim,ללא שיוך לאשכול
כפר אביב,857,KEFAR AVIV,4,המרכז,44,רחובות,441,32,מועצה אזורית גדרות,143,1,771,749,748,1,22,1951.0,310,10,173691637712,43,456,15002488,2023,Kefar Aviv,ללא שיוך לאשכול
נווה ירק,858,NEWE YARAQ,4,המרכז,42,פתח תקווה,421,20,מועצה אזורית דרום השרון,142,1,1207,1165,1164,1,42,1951.0,310,1,193026671105,25,417,10002133,2023,Newe Yaraq,אשכול רשויות השרון
כסלון,859,KESALON,1,ירושלים,11,ירושלים,111,26,מועצה אזורית מטה יהודה,444,1,524,521,518,3,3,1952.0,310,10,204761631277,604,151,15000597,2023,Kesalon,ללא שיוך לאשכול
שדה אליעזר,861,SEDE ELI'EZER,2,הצפון,21,צפת,211,55,מועצה אזורית מבואות החרמון,,1,1034,1011,1009,2,23,1952.0,310,6,252991772306,162,253,10004540,2023,Sede Eli'ezer,אשכול רשויות גליל מזרחי
גני יוחנן,862,GANNE YOHANAN,4,המרכז,44,רחובות,441,30,מועצה אזורית גזר,143,1,770,670,670,,100,1950.0,310,1,184803640642,63,426,10002241,2023,Ganne Yohanan,ללא שיוך לאשכול
גינתון,863,GINNATON,4,המרכז,43,רמלה,432,25,מועצה אזורית חבל מודיעין,142,1,1018,1014,1004,10,4,1949.0,310,1,191996652236,57,424,10002261,2023,Ginnaton,ללא שיוך לאשכול
בקוע,864,BEQOA,1,ירושלים,11,ירושלים,112,26,מועצה אזורית מטה יהודה,,1,954,939,937,2,15,1951.0,310,1,193068637367,149,151,15000597,2023,Beqoa,ללא שיוך לאשכול
שיבולים,865,SHIBBOLIM,6,הדרום,62,באר שבע,621,39,מועצה אזורית שדות נגב,,1,420,415,414,1,5,1952.0,310,2,162689589467,130,651,10001930,2023,Shibbolim,אשכול רשויות נגב מערבי
יטבתה,866,YOTVATA,6,הדרום,62,באר שבע,625,53,מועצה אזורית חבל אילות,,1,801,772,772,,29,1951.0,330,15,205524422956,86,608,10001955,2023,Yotvata,אשכול רשויות נגב מזרחי
אלוני יצחק,868,ALLONE YIZHAQ,3,חיפה,32,חדרה,324,14,מועצה אזורית מנשה,,1,174,174,173,1,,1949.0,340,,200623712932,70,351,10004333,2023,Allone Yizhaq,ללא שיוך לאשכול
גבעת השלושה,870,GIV'AT HASHELOSHA,4,המרכז,42,פתח תקווה,422,20,מועצה אזורית דרום השרון,142,1,744,734,734,,10,1925.0,330,15,192757667267,29,417,10002116,2023,Giv'at HaShelosha,אשכול רשויות השרון
עינת,871,ENAT,4,המרכז,42,פתח תקווה,422,20,מועצה אזורית דרום השרון,142,1,902,887,887,,15,1925.0,330,15,194259665537,50,417,10002168,2023,Enat,אשכול רשויות השרון
גאולי תימן,872,GE'ULE TEMAN,4,המרכז,41,השרון,411,16,מועצה אזורית עמק חפר,141,1,397,387,273,114,10,1947.0,310,2,190967699857,12,409,15000060,2023,Ge'ule Teman,ללא שיוך לאשכול
שלווה,873,SHALWA,6,הדרום,61,אשקלון,612,34,מועצה אזורית שפיר,,1,666,658,658,,8,1952.0,310,2,177938608024,166,631,10001813,2023,Shalwa,ללא שיוך לאשכול
מגדל העמק,874,MIGDAL HAEMEQ,2,הצפון,23,יזרעאל,237,0,עירייה,,1,28545,28278,28259,19,267,1952.0,160,,223056731504,206,221,10004411,2023,Migdal HaEmeq,אשכול רשויות הגליל והעמקים
כפר עבודה,875,KEFAR AVODA,4,המרכז,41,השרון,411,18,מועצה אזורית לב השרון,141,1,191,191,190,1,,1942.0,340,,194617684788,70,412,15000060,2023,Kefar Avoda,אשכול רשויות השרון
בית חירות,877,BET HERUT,4,המרכז,41,השרון,411,16,מועצה אזורית עמק חפר,141,1,913,899,899,,14,1933.0,320,1,187806698418,20,409,15000060,2023,Bet Herut,ללא שיוך לאשכול
עין שריד,880,EN SARID,4,המרכז,41,השרון,411,18,מועצה אזורית לב השרון,141,1,1503,1463,1463,,40,1950.0,350,,194112686705,63,412,15000060,2023,En Sarid,אשכול רשויות השרון
אורנים,882,ORANIM,3,חיפה,31,חיפה,311,12,מועצה אזורית זבולון,222,1,115,115,50,65,,1951.0,340,,210508735286,75,301,10004207,2023,Oranim,אשכול רשויות המפרץ
שדה בוקר,885,SEDE BOQER,6,הדרום,62,באר שבע,626,48,מועצה אזורית רמת נגב,,1,529,488,487,1,41,1952.0,330,15,180126531461,470,620,10001918,2023,Sede Boqer,אשכול רשויות נגב מזרחי
איתנים,886,ETANIM,1,ירושלים,11,ירושלים,111,26,מועצה אזורית מטה יהודה,444,1,59,59,58,1,,1952.0,340,,209113631811,751,151,15000597,2023,Etanim,ללא שיוך לאשכול
"כפר הרי""ף",888,KEFAR HARIF,6,הדרום,61,אשקלון,611,35,מועצה אזורית יואב,,1,838,830,830,,8,1956.0,310,10,180458628168,70,632,10001821,2023,Kefar Harif,אשכול רשויות שורק דרומי
כפר חסידים ב',889,KEFAR HASIDIM BET,3,חיפה,31,חיפה,311,12,מועצה אזורית זבולון,222,1,208,204,203,1,4,1950.0,350,,208499739481,17,301,10004207,2023,Kefar Hasidim Bet,אשכול רשויות המפרץ
כפר הנוער הדתי,890,KEFAR HANO'AR HADATI,3,חיפה,31,חיפה,311,12,מועצה אזורית זבולון,222,1,131,131,131,,,1937.0,340,,209506738721,45,301,10004207,2023,Kefar HaNo'ar Hadati,אשכול רשויות המפרץ
עבדון,892,AVDON,2,הצפון,24,עכו,244,52,מועצה אזורית מעלה יוסף,,1,691,675,669,6,16,1952.0,310,1,217175772545,177,255,10004302,2023,Avdon,אשכול רשויות גליל מערבי
מדרשת רופין,897,MIDRESHET RUPPIN,4,המרכז,41,השרון,411,16,מועצה אזורית עמק חפר,141,1,293,291,171,120,2,1948.0,340,,191922694298,25,409,15000060,2023,Midreshet Ruppin,ללא שיוך לאשכול
שבלי - אום אל-גנם,913,SHIBLI-UMM AL-GHANAM,2,הצפון,23,יזרעאל,237,99,מועצה מקומית,,2,6402,6392,4,6388,10,,280,,238003732754,175,251,15002472,2023,Shibli-Umm Al-Ghanam,אשכול רשויות הכנרת והעמקים
ישע,916,YESHA,6,הדרום,62,באר שבע,622,38,מועצה אזורית אשכול,,1,658,434,433,1,224,1957.0,310,1,143069573163,119,651,10001893,2023,Yesha,אשכול רשויות נגב מערבי
עצמון שגב,917,ATSMON SEGEV,2,הצפון,24,עכו,241,56,מועצה אזורית משגב,241,1,1267,1266,1266,,1,1953.0,370,13,223886752328,322,205,10004513,2023,Atsmon Segev,אשכול רשויות בית הכרם הגלילי
גבעת ישעיהו,919,GIV'AT YESHA'YAHU,1,ירושלים,11,ירושלים,112,26,מועצה אזורית מטה יהודה,444,1,724,720,720,,4,1958.0,310,6,194899619882,299,151,15000597,2023,Giv'at Yesha'yahu,ללא שיוך לאשכול
שער מנשה,921,SHA'AR MENASHE,3,חיפה,32,חדרה,324,14,מועצה אזורית מנשה,,1,520,520,462,58,,1949.0,340,,201618705949,38,351,15002436,2023,Sha'ar Menashe,ללא שיוך לאשכול
רכסים,922,REKHASIM,3,חיפה,31,חיפה,311,99,מועצה מקומית,222,1,14645,14612,14612,,33,1957.0,170,,209795739685,95,355,10004207,2023,Rekhasim,אשכול רשויות המפרץ
נווה אבות,926,NEWE AVOT,3,חיפה,32,חדרה,324,,חסר מעמד מוניציפלי,,1,43,43,42,1,,1948.0,340,,197199710151,51,353,10004333,2023,Newe Avot,ללא שיוך לאשכול
אבו עמרה (שבט),932,ABU AMRE,6,הדרום,62,באר שבע,623,,חסר מעמד מוניציפלי,,3,,,,,,,460,,185000571000,,699,,2023,Abu 'Amra,ללא שיוך לאשכול
אבו סריחאן (שבט),935,ABU SUREIHAN,6,הדרום,62,באר שבע,623,,חסר מעמד מוניציפלי,,3,,,,,,,460,,186500574500,,699,,2023,Abu Surayhan,ללא שיוך לאשכול
מסעודין אל-עזאזמה (שבט),939,MAS'UDIN AL-'AZAZME,6,הדרום,62,באר שבע,623,,חסר מעמד מוניציפלי,,3,,,,,,,460,,182300567300,,699,,2023,Mas'udin al 'Azazma,ללא שיוך לאשכול
סואעד (חמרייה)*,942,SAWA'ID(HAMRIYYE),2,הצפון,25,יזרעאל,237,9,מועצה אזורית עמק יזרעאל,242,2,269,269,8,261,,,450,,216058741415,170,254,10004497,2023,Sawa'id(Hamriyye),אשכול רשויות הגליל והעמקים
בסמת טבעון,944,BASMAT TAB'UN,2,הצפון,23,יזרעאל,237,99,מועצה מקומית,242,2,8175,8169,12,8157,6,,280,,214243738386,189,257,10004207,2023,Basmat Tab'un,אשכול רשויות המפרץ
חוג'ייראת (ד'הרה) (שבט),948,HUJEIRAT (DAHRA),2,הצפון,24,עכו,241,56,מועצה אזורית משגב,,3,,,,,,,460,,227850748870,,299,10004513,2023,Al-Hujayrat (Zahra),אשכול רשויות בית הכרם הגלילי
הוזייל (שבט),956,HUZAYYEL,6,הדרום,62,באר שבע,623,,חסר מעמד מוניציפלי,,3,,,,,,,460,,176200590800,,699,,2023,Al-Huzayyil,ללא שיוך לאשכול
עוקבי (בנו עוקבה) (שבט),957,UQBI (BANU UQBA),6,הדרום,62,באר שבע,623,,חסר מעמד מוניציפלי,,3,,,,,,,460,,192000577000,,699,,2023,Al-'Ukbi,ללא שיוך לאשכול
אבו עבדון (שבט),958,ABU ABDUN,6,הדרום,62,באר שבע,623,,חסר מעמד מוניציפלי,,3,,,,,,,460,,185000579000,,699,,2023,Abu 'Abdun,ללא שיוך לאשכול
אפיניש (שבט),959,AFEINISH,6,הדרום,62,באר שבע,623,,חסר מעמד מוניציפלי,,3,,,,,,,460,,199000580000,,699,,2023,Afaynish,ללא שיוך לאשכול
אסד (שבט),960,ASAD,6,הדרום,62,באר שבע,623,,חסר מעמד מוניציפלי,,3,,,,,,,460,,188000581500,,699,,2023,Asad,ללא שיוך לאשכול
אבו רוקייק (שבט),961,ABU RUQAYYEQ,6,הדרום,62,באר שבע,623,,חסר מעמד מוניציפלי,,3,,,,,,,460,,192000566000,,699,,2023,Abu Rukayyek,ללא שיוך לאשכול
טובא-זנגרייה,962,TUBA-ZANGARIYYE,2,הצפון,21,צפת,213,99,מועצה מקומית,,2,7108,7094,5,7089,14,,280,,255638763419,293,259,10004540,2023,Tuba-Zangariyye,אשכול רשויות גליל מזרחי
אעצם (שבט),963,A'SAM,6,הדרום,62,באר שבע,623,,חסר מעמד מוניציפלי,,3,,,,,,,460,,191000561000,,699,,2023,A'sam,ללא שיוך לאשכול
קודייראת א-צאנע (שבט),964,QUDEIRAT AS-SANI,6,הדרום,62,באר שבע,623,,חסר מעמד מוניציפלי,,3,,,,,,,460,,211000578000,,699,,2023,Kudayrat as-Sani',ללא שיוך לאשכול
אטרש (שבט),965,ATRASH,6,הדרום,62,באר שבע,623,,חסר מעמד מוניציפלי,,3,,,,,,,460,,194000575200,,699,,2023,Atrash,ללא שיוך לאשכול
אבו רובייעה (שבט),966,ABU RUBEI'A,6,הדרום,62,באר שבע,623,,חסר מעמד מוניציפלי,,3,,,,,,,460,,205000572000,,699,,2023,Abu Rubay'a,ללא שיוך לאשכול
אבו ג'ווייעד (שבט),967,ABU JUWEI'ID,6,הדרום,62,באר שבע,623,,חסר מעמד מוניציפלי,,3,,,,,,,460,,204000571000,,699,,2023,Abu Juway'ad,ללא שיוך לאשכול
אבו קורינאת (שבט),968,ABU QUREINAT,6,הדרום,62,באר שבע,623,,חסר מעמד מוניציפלי,,3,,,,,,,460,,197000560000,,699,,2023,Abu Kuraynat,ללא שיוך לאשכול
עטאוונה (שבט),969,ATAWNE,6,הדרום,62,באר שבע,623,,חסר מעמד מוניציפלי,,3,,,,,,,460,,193200576900,,699,,2023,Al-'Atawina,ללא שיוך לאשכול
תראבין א-צאנע (שבט),970,TARABIN AS-SANI,6,הדרום,62,באר שבע,623,,חסר מעמד מוניציפלי,,3,,,,,,,460,,183000564000,,699,,2023,Tarabin as-Sani',ללא שיוך לאשכול
קוואעין (שבט),972,QAWA'IN,6,הדרום,62,באר שבע,623,,חסר מעמד מוניציפלי,,3,,,,,,,460,,202000581000,,699,,2023,Kawa'in,ללא שיוך לאשכול
זרזיר,975,ZARZIR,2,הצפון,23,יזרעאל,237,99,מועצה מקומית,242,2,9044,9034,15,9019,10,,280,,221144736705,186,254,10004411,2023,Zarzir,אשכול רשויות הגליל והעמקים
ג'נאביב (שבט),976,JUNNABIB,6,הדרום,62,באר שבע,623,,חסר מעמד מוניציפלי,,3,,,,,,,460,,203000569000,,699,,2023,Janabib,ללא שיוך לאשכול
כעביה-טבאש-חג'אג'רה,978,KA'ABIYYE-TABBASH-HAJAJRE,2,הצפון,25,יזרעאל,237,99,מועצה מקומית,242,2,6422,6417,14,6403,5,,280,,217662739491,163,254,10004411,2023,Ka'abiyye-Tabbash-Hajajre,אשכול רשויות הגליל והעמקים
ח'ואלד (שבט),986,KHAWALED,2,הצפון,25,יזרעאל,237,,חסר מעמד מוניציפלי,,3,,,,,,,460,,215010740510,,299,10004207,2023,Khawalid / Al-Khawalid,ללא שיוך לאשכול
סואעד (כמאנה) (שבט),989,SAWA'ID (KAMANE),2,הצפון,24,עכו,242,,חסר מעמד מוניציפלי,,3,,,,,,,460,,232030756990,,299,10004465,2023,Sawa'id (Al-Kammana),ללא שיוך לאשכול
ראס עלי,990,RAS ALI,3,חיפה,31,חיפה,311,12,מועצה אזורית זבולון,222,2,783,782,,782,1,,450,,214796741961,63,301,10004207,2023,Ras Ali,אשכול רשויות המפרץ
חמאם,993,HAMAM,2,הצפון,22,כנרת,221,65,מועצה אזורית אל-בטוף,,2,1749,1748,,1748,1,,450,,246192748381,-105,251,10004552,2023,Hamam,אשכול רשויות הכנרת והעמקים
מנשית זבדה,994,MANSHIYYET ZABDA,2,הצפון,25,יזרעאל,237,9,מועצה אזורית עמק יזרעאל,,2,1502,1498,1,1497,4,,450,,218441734673,104,254,10004411,2023,Manshiyyet Zabda,אשכול רשויות הגליל והעמקים
רומת הייב,997,RUMAT HEIB,2,הצפון,25,יזרעאל,237,65,מועצה אזורית אל-בטוף,,2,2565,2565,1,2564,,,290,,228861742554,194,251,15002369,2023,Rumat Heib,אשכול רשויות הכנרת והעמקים
ביר אל-מכסור,998,BIR EL-MAKSUR,2,הצפון,24,עכו,241,99,מועצה מקומית,241,2,10895,10885,3,10882,10,,270,,221115743081,243,261,10004497,2023,Bir El-Maksur,אשכול רשויות המפרץ
מבשרת ציון,1015,MEVASSERET ZIYYON,1,ירושלים,11,ירושלים,111,99,מועצה מקומית,444,1,26105,25679,25563,116,426,1951.0,160,,214417634125,719,152,10002475,2023,Mevasseret Ziyyon,ללא שיוך לאשכול
אור עקיבא,1020,OR AQIVA,3,חיפה,32,חדרה,324,0,עירייה,,1,24203,23821,23682,139,382,1951.0,160,,192712712692,15,353,10004261,2023,Or Aqiva,ללא שיוך לאשכול
חרוצים,1024,HARUZIM,4,המרכז,41,השרון,411,19,מועצה אזורית חוף השרון,141,1,792,789,789,,3,1951.0,350,,187448681611,45,401,15000060,2023,Haruzim,ללא שיוך לאשכול
שדרות,1031,SEDEROT,6,הדרום,61,אשקלון,614,0,עירייה,,1,35477,34894,34604,290,583,1951.0,160,,161517604254,83,611,10001829,2023,Sederot,אשכול רשויות נגב מערבי
קריית מלאכי,1034,QIRYAT MAL'AKHI,6,הדרום,61,אשקלון,611,0,עירייה,143,1,27396,26750,26604,146,646,1951.0,160,,175963626696,62,617,10001821,2023,Qiryat Mal'akhi,אשכול רשויות שורק דרומי
נצאצרה (שבט),1041,NASASRA,6,הדרום,62,באר שבע,623,,חסר מעמד מוניציפלי,,3,,,,,,,460,,210000570000,,699,,2023,An-Nasasira,ללא שיוך לאשכול
אבו עמאר (שבט),1042,ABU AMMAR,6,הדרום,62,באר שבע,623,,חסר מעמד מוניציפלי,,3,,,,,,,460,,195000567000,,699,,2023,Abu 'Ammar,ללא שיוך לאשכול
גיזו,1043,GIZO,1,ירושלים,11,ירושלים,112,26,מועצה אזורית מטה יהודה,,1,212,212,212,,,1968.0,350,,194312634718,197,151,15000597,2023,Gizo,ללא שיוך לאשכול
יעף,1044,YE'AF,4,המרכז,41,השרון,411,18,מועצה אזורית לב השרון,141,1,284,284,284,,,1968.0,350,,197026686055,56,412,15000060,2023,Ye'af,אשכול רשויות השרון
שתולה,1045,SHETULA,2,הצפון,24,עכו,244,52,מועצה אזורית מעלה יוסף,,1,344,332,331,1,12,1969.0,310,1,229701776676,655,255,10004302,2023,Shetula,אשכול רשויות גליל מערבי
אוהד,1046,OHAD,6,הדרום,62,באר שבע,622,38,מועצה אזורית אשכול,,1,623,407,385,22,216,1969.0,310,1,145808571993,131,651,10001893,2023,Ohad,אשכול רשויות נגב מערבי
חזון,1047,HAZON,2,הצפון,21,צפת,214,2,מועצה אזורית מרום הגליל,,1,345,342,342,,3,1969.0,310,2,237273756861,442,209,10004465,2023,Hazon,אשכול רשויות גליל מזרחי
בית חשמונאי,1050,BET HASHMONAY,4,המרכז,43,רמלה,432,30,מועצה אזורית גזר,143,1,2162,2158,2158,,4,1972.0,190,,192470643993,104,426,10002228,2023,Bet Hashmonay,ללא שיוך לאשכול
תלמי אליהו,1051,TALME ELIYYAHU,6,הדרום,62,באר שבע,622,38,מועצה אזורית אשכול,,1,424,293,293,,131,1970.0,310,1,145577571089,136,651,10001893,2023,Talme Eliyyahu,אשכול רשויות נגב מערבי
קטורה,1052,QETURA,6,הדרום,62,באר שבע,625,53,מועצה אזורית חבל אילות,,1,511,495,494,1,16,1970.0,330,15,205618431256,113,608,10001955,2023,Qetura,אשכול רשויות נגב מזרחי
עין חצבה,1053,EN HAZEVA,6,הדרום,62,באר שבע,625,51,מועצה אזורית תמר,,1,88,56,26,30,32,1960.0,320,10,223425523103,-141,656,10001918,2023,En Hazeva,ללא שיוך לאשכול
תל שבע,1054,TEL SHEVA,6,הדרום,62,באר שבע,623,99,מועצה מקומית,342,2,24195,24195,56,24139,,,260,,186703573041,312,652,10001937,2023,Tel Sheva,אשכול רשויות נגב מזרחי
"עין כרם-בי""ס חקלאי",1056,EN KAREM-B.S.HAQLA'I,1,ירושלים,11,ירושלים,111,26,מועצה אזורית מטה יהודה,444,1,61,61,61,,,1952.0,340,,214589631724,574,151,10002521,2023,En Karem-B.S.Haqla'i,ללא שיוך לאשכול
נווה זוהר,1057,NEWE ZOHAR,6,הדרום,62,באר שבע,624,51,מועצה אזורית תמר,,1,182,57,37,20,125,1972.0,350,,234778562392,-371,656,10001911,2023,Newe Zohar,ללא שיוך לאשכול
שדה ניצן,1058,SEDE NIZZAN,6,הדרום,62,באר שבע,622,38,מועצה אזורית אשכול,,1,530,432,427,5,98,1973.0,310,1,144653571222,135,651,10001893,2023,Sede Nizzan,אשכול רשויות נגב מערבי
כסיפה,1059,KUSEIFE,6,הדרום,62,באר שבע,623,99,מועצה מקומית,,2,20093,20093,12,20081,,,260,,208488572462,466,652,15003711,2023,Kuseife,אשכול רשויות נגב מזרחי
לקיה,1060,LAQYE,6,הדרום,62,באר שבע,623,99,מועצה מקומית,341,2,18323,18320,16,18304,3,,270,,187377581425,391,652,10001937,2023,Laqye,אשכול רשויות נגב מערבי
נוף הגליל,1061,NOF HAGALIL,2,הצפון,25,יזרעאל,237,0,עירייה,,4,45587,45284,27940,17344,303,1957.0,160,,230607734902,328,212,10004453,2023,Nof HaGalil,אשכול רשויות הגליל והעמקים
מעלות-תרשיחא,1063,MA'ALOT-TARSHIHA,2,הצפון,24,עכו,243,0,עירייה,,4,23133,23029,17509,5520,104,1957.0,160,,226290768810,517,223,10004484,2023,Ma'alot-Tarshiha,אשכול רשויות גליל מערבי
אמירים,1064,AMIRIM,2,הצפון,21,צפת,212,2,מועצה אזורית מרום הגליל,,1,790,789,789,,1,1950.0,310,1,242565760276,549,209,10004528,2023,Amirim,אשכול רשויות גליל מזרחי
זמרת,1065,ZIMRAT,6,הדרום,62,באר שבע,621,39,מועצה אזורית שדות נגב,,1,802,773,772,1,29,1957.0,310,2,157492595299,122,651,10001930,2023,Zimrat,אשכול רשויות נגב מערבי
"בני עי""ש",1066,BENE AYISH,4,המרכז,44,רחובות,441,99,מועצה מקומית,143,1,6659,6544,6480,64,115,1958.0,180,,177419633066,72,453,10001821,2023,Bene Ayish,אשכול רשויות שורק דרומי
"דוב""ב",1067,DOVEV,2,הצפון,24,עכו,244,2,מועצה אזורית מרום הגליל,,1,489,483,481,2,6,1963.0,310,1,238396772975,770,209,10004528,2023,Dovev,אשכול רשויות גליל מזרחי
אדמית,1068,ADAMIT,2,הצפון,24,עכו,244,4,מועצה אזורית מטה אשר,,1,427,421,421,,6,1958.0,330,15,219840776009,449,201,10004302,2023,Adamit,אשכול רשויות גליל מערבי
רם-און,1069,RAM-ON,2,הצפון,23,יזרעאל,234,8,מועצה אזורית הגלבוע,,1,910,879,879,,31,1960.0,310,1,224649714749,79,204,10004394,2023,Ram-On,אשכול רשויות הגליל והעמקים
אביעזר,1070,AVI'EZER,1,ירושלים,11,ירושלים,112,26,מועצה אזורית מטה יהודה,444,1,933,931,931,,2,1958.0,310,2,201663621049,376,151,15000597,2023,Avi'ezer,ללא שיוך לאשכול
נווה מיכאל,1071,NEWE MIKHA'EL,1,ירושלים,11,ירושלים,112,26,מועצה אזורית מטה יהודה,444,1,957,944,927,17,13,1958.0,310,7,200656620069,344,151,15000597,2023,Newe Mikha'el,ללא שיוך לאשכול
גן הדרום,1072,GAN HADAROM,4,המרכז,44,רחובות,441,32,מועצה אזורית גדרות,143,1,584,547,547,,37,1953.0,310,10,171769634732,39,456,10001821,2023,Gan HaDarom,ללא שיוך לאשכול
בית ברל,1076,BET BERL,4,המרכז,42,פתח תקווה,421,20,מועצה אזורית דרום השרון,141,1,266,266,211,55,,1947.0,340,,193228678650,69,417,10002133,2023,Bet Berl,אשכול רשויות השרון
גבעת שפירא,1077,GIV'AT SHAPPIRA,4,המרכז,41,השרון,411,16,מועצה אזורית עמק חפר,141,1,341,337,337,,4,1958.0,310,10,188603696003,37,409,15000060,2023,Giv'at Shappira,ללא שיוך לאשכול
צפרירים,1079,ZAFRIRIM,1,ירושלים,11,ירושלים,112,26,מועצה אזורית מטה יהודה,444,1,442,440,439,1,2,1958.0,310,1,194749618656,330,151,15000597,2023,Zafririm,ללא שיוך לאשכול
מבועים,1080,MABBU'IM,6,הדרום,62,באר שבע,621,42,מועצה אזורית מרחבים,,1,1241,1159,1149,10,82,1958.0,350,,167181595445,170,651,10001930,2023,Mabbu'im,אשכול רשויות נגב מערבי
אבן מנחם,1081,EVEN MENAHEM,2,הצפון,24,עכו,244,52,מועצה אזורית מעלה יוסף,,1,421,398,398,,23,1960.0,310,1,227812775451,605,255,10004302,2023,Even Menahem,אשכול רשויות גליל מערבי
מעגלים,1082,MA'GALIM,6,הדרום,62,באר שבע,621,39,מועצה אזורית שדות נגב,,1,1332,1276,1276,,56,1958.0,370,,161836589588,127,651,10001930,2023,Ma'galim,אשכול רשויות נגב מערבי
תושייה,1083,TUSHIYYA,6,הדרום,62,באר שבע,621,39,מועצה אזורית שדות נגב,,1,473,472,466,6,1,1958.0,350,,156371593726,108,651,10001930,2023,Tushiyya,אשכול רשויות נגב מערבי
בן שמן (כפר נוער),1084,BEN SHEMEN(K.NO'AR),4,המרכז,43,רמלה,432,25,מועצה אזורית חבל מודיעין,142,1,301,300,300,,1,1921.0,340,,193265651854,69,424,10002261,2023,Ben Shemen(K.No'ar),ללא שיוך לאשכול
כרם שלום,1085,KEREM SHALOM,6,הדרום,62,באר שבע,622,38,מועצה אזורית אשכול,,1,236,236,226,10,,1956.0,330,15,131788571050,88,651,10001893,2023,Kerem Shalom,אשכול רשויות נגב מערבי
כרם ביבנה (ישיבה),1094,KEREM BEYAVNE,4,המרכז,44,רחובות,441,29,מועצה אזורית חבל יבנה,143,1,565,565,565,,,1963.0,340,,173813636283,50,456,10001821,2023,Kerem Beyavne,אשכול רשויות שורק דרומי
כפר מימון,1095,KEFAR MAYMON,6,הדרום,62,באר שבע,621,39,מועצה אזורית שדות נגב,,1,889,840,840,,49,1959.0,310,2,155896593550,99,651,10001930,2023,Kefar Maymon,אשכול רשויות נגב מערבי
מרכז שפירא,1098,MERKAZ SHAPPIRA,6,הדרום,61,אשקלון,611,34,מועצה אזורית שפיר,,1,2728,2715,2715,,13,1948.0,190,,172257622732,51,631,10001821,2023,Merkaz Shappira,ללא שיוך לאשכול
צוקי ים,1102,ZUQI YAM,4,המרכז,41,השרון,411,16,מועצה אזורית עמק חפר,141,1,221,221,221,,,1956.0,350,,186935696441,30,409,10002089,2023,Zuqi Yam,ללא שיוך לאשכול
גני הדר,1103,GANNE HADAR,4,המרכז,43,רמלה,432,30,מועצה אזורית גזר,143,1,386,375,375,,11,1958.0,350,,186270642893,89,426,10002241,2023,Ganne Hadar,ללא שיוך לאשכול
פורייה - כפר עבודה,1104,PORIYYA-KEFAR AVODA,2,הצפון,22,כנרת,221,6,מועצה אזורית עמק הירדן,,1,338,338,338,,,1949.0,350,,251543736169,40,214,10004552,2023,Poriyya-Kefar Avoda,אשכול רשויות הכנרת והעמקים
פורייה - נווה עובד,1105,PORIYYA-NEWE OVED,2,הצפון,22,כנרת,221,6,מועצה אזורית עמק הירדן,,1,1591,1582,1564,18,9,1949.0,350,,250655738891,138,214,10004552,2023,Poriyya-Newe Oved,אשכול רשויות הכנרת והעמקים
אומן,1108,OMEN,2,הצפון,23,יזרעאל,234,8,מועצה אזורית הגלבוע,,1,904,904,899,5,,1958.0,350,,223034718793,65,204,10004394,2023,Omen,אשכול רשויות הגליל והעמקים
חבר,1110,HEVER,2,הצפון,23,יזרעאל,234,8,מועצה אזורית הגלבוע,,1,970,967,967,,3,1958.0,350,,225063717068,70,204,10004394,2023,Hever,אשכול רשויות הגליל והעמקים
צופייה,1111,ZOFIYYA,4,המרכז,44,רחובות,441,29,מועצה אזורית חבל יבנה,143,,,,,,,,510,,175391640493,36,456,15002488,2023,Zofiyya,אשכול רשויות שורק דרומי
יודפת,1112,YODEFAT,2,הצפון,24,עכו,241,56,מועצה אזורית משגב,241,1,1000,971,970,1,29,1960.0,320,15,225773749208,430,205,10004513,2023,Yodefat,אשכול רשויות בית הכרם הגלילי
צור הדסה,1113,ZUR HADASSA,1,ירושלים,11,ירושלים,111,99,מועצה מקומית,444,1,10473,10447,10416,31,26,1960.0,170,,209206624864,718,151,15000597,2023,Zur Hadassa,ללא שיוך לאשכול
שריגים (לי-און),1114,SARIGIM (LI-ON),1,ירושלים,11,ירושלים,112,26,מועצה אזורית מטה יהודה,444,1,937,933,933,,4,1960.0,350,,193904620605,307,151,15000597,2023,Sarigim (Li-On),ללא שיוך לאשכול
אביבים,1115,AVIVIM,2,הצפון,21,צפת,212,2,מועצה אזורית מרום הגליל,,1,499,468,468,,31,1960.0,310,1,244417777076,725,209,10004528,2023,Avivim,אשכול רשויות גליל מזרחי
יעל,1117,YA'EL,2,הצפון,23,יזרעאל,234,8,מועצה אזורית הגלבוע,,,,,,,,,510,,229193717524,72,204,10004394,2023,Ya'el,אשכול רשויות הגליל והעמקים
אדרת,1123,ADDERET,1,ירושלים,11,ירושלים,112,26,מועצה אזורית מטה יהודה,444,1,1055,1049,1049,,6,1961.0,310,1,199582618685,430,151,15000597,2023,Adderet,ללא שיוך לאשכול
נאות הכיכר,1124,NE'OT HAKIKKAR,6,הדרום,62,באר שבע,624,51,מועצה אזורית תמר,,1,422,304,304,,118,1961.0,310,10,236067538103,-350,656,10001911,2023,Ne'ot HaKikkar,ללא שיוך לאשכול
אלמגור,1125,ALMAGOR,2,הצפון,22,כנרת,221,6,מועצה אזורית עמק הירדן,,1,508,446,446,,62,1961.0,310,1,256683757537,-17,214,10004552,2023,Almagor,אשכול רשויות הכנרת והעמקים
אילות,1126,ELOT,6,הדרום,62,באר שבע,625,53,מועצה אזורית חבל אילות,,1,425,352,347,5,73,1962.0,330,15,196047388208,69,608,10001955,2023,Elot,אשכול רשויות נגב מזרחי
מעלה גלבוע,1127,MA'ALE GILBOA,2,הצפון,23,יזרעאל,231,7,מועצה אזורית עמק המעיינות,,1,899,875,875,,24,1962.0,330,3,239602709229,439,202,10004568,2023,Ma'ale Gilboa,אשכול רשויות הכנרת והעמקים
מי עמי,1128,ME AMMI,3,חיפה,32,חדרה,323,14,מועצה אזורית מנשה,,1,395,379,379,,16,1963.0,320,6,214121712292,464,351,10004249,2023,Me Ammi,ללא שיוך לאשכול
גרופית,1129,GEROFIT,6,הדרום,62,באר שבע,625,53,מועצה אזורית חבל אילות,,1,331,303,303,,28,1963.0,330,15,205946428068,117,608,10001955,2023,Gerofit,אשכול רשויות נגב מזרחי
כפר רוזנואלד (זרעית),1130,KEFAR ROZENWALD(ZARIT),2,הצפון,24,עכו,244,52,מועצה אזורית מעלה יוסף,,1,285,253,253,,32,1967.0,310,1,227290778317,622,255,10004302,2023,Kefar Rozenwald(Zarit),אשכול רשויות גליל מערבי
שניר,1132,SENIR,2,הצפון,21,צפת,211,1,מועצה אזורית הגליל העליון,,1,749,743,741,2,6,1967.0,330,15,263589794179,309,253,10004591,2023,Senir,אשכול רשויות גליל מזרחי
ורדון,1133,WARDON,6,הדרום,61,אשקלון,611,35,מועצה אזורית יואב,,1,269,269,269,,,1968.0,350,,179388619114,100,632,10001813,2023,Wardon,אשכול רשויות שורק דרומי
יד השמונה,1134,YAD HASHEMONA,1,ירושלים,11,ירושלים,111,26,מועצה אזורית מטה יהודה,444,1,259,258,258,,1,1978.0,320,10,208601635173,676,151,10002475,2023,Yad HaShemona,ללא שיוך לאשכול
צוחר,1136,ZOHAR,6,הדרום,62,באר שבע,622,38,מועצה אזורית אשכול,,1,601,554,553,1,47,1973.0,350,,145266571905,135,651,10001893,2023,Zohar,אשכול רשויות נגב מערבי
קריית יערים,1137,QIRYAT YE'ARIM,1,ירושלים,11,ירושלים,111,99,מועצה מקומית,444,1,7371,7247,7245,2,124,1975.0,180,,209642634564,711,152,10002475,2023,Qiryat Ye'arim,ללא שיוך לאשכול
יעד,1138,YA'AD,2,הצפון,24,עכו,241,56,מועצה אזורית משגב,241,1,802,802,802,,,1975.0,310,1,223009753831,255,205,10004513,2023,Ya'ad,אשכול רשויות בית הכרם הגלילי
כרמיאל,1139,KARMI'EL,2,הצפון,24,עכו,242,0,עירייה,,1,48675,48379,45724,2655,296,1964.0,160,,227614757349,270,208,10004465,2023,Karmi'el,אשכול רשויות בית הכרם הגלילי
מדרשת בן גוריון,1140,MIDRESHET BEN GURION,6,הדרום,62,באר שבע,626,48,מועצה אזורית רמת נגב,,1,1602,1600,1591,9,2,1965.0,350,,178997529234,472,620,10001918,2023,Midreshet Ben Gurion,אשכול רשויות נגב מזרחי
מבוא מודיעים,1141,MEVO MODI'IM,4,המרכז,43,רמלה,431,25,מועצה אזורית חבל מודיעין,142,1,199,194,194,,5,1964.0,370,8,198920648964,209,424,10002277,2023,Mevo Modi'im,ללא שיוך לאשכול
נס עמים,1143,NES AMMIM,2,הצפון,24,עכו,245,4,מועצה אזורית מטה אשר,,1,442,442,412,30,,1964.0,350,,211675763464,26,201,10004302,2023,Nes Ammim,אשכול רשויות גליל מערבי
ידידה,1144,YEDIDA,1,ירושלים,11,ירושלים,111,26,מועצה אזורית מטה יהודה,444,1,219,219,218,1,,1964.0,340,,210094635617,730,151,10002475,2023,Yedida,ללא שיוך לאשכול
אלומה,1145,ALUMMA,6,הדרום,61,אשקלון,611,34,מועצה אזורית שפיר,,1,1558,1558,1558,,,1965.0,350,,175758617770,84,631,10001813,2023,Alumma,ללא שיוך לאשכול
עלומים,1146,ALUMIM,6,הדרום,62,באר שבע,622,39,מועצה אזורית שדות נגב,,1,548,528,528,,20,1966.0,330,3,153765595792,98,651,10001930,2023,Alumim,אשכול רשויות נגב מערבי
נטועה,1147,NETU'A,2,הצפון,24,עכו,244,52,מועצה אזורית מעלה יוסף,,1,339,324,324,,15,1966.0,310,1,230575774397,653,255,10004484,2023,Netu'a,אשכול רשויות גליל מערבי
צור נתן,1148,ZUR NATAN,4,המרכז,42,פתח תקווה,421,20,מועצה אזורית דרום השרון,141,1,277,276,276,,1,1970.0,320,9,201431683034,185,417,10002155,2023,Zur Natan,אשכול רשויות השרון
עזר,1149,EZER,6,הדרום,61,אשקלון,611,33,מועצה אזורית באר טוביה,143,1,713,712,712,,1,1966.0,350,,168919627249,32,616,10001821,2023,Ezer,אשכול רשויות שורק דרומי
צופר,1150,ZOFAR,6,הדרום,62,באר שבע,625,54,מועצה אזורית הערבה התיכונה,,1,855,522,522,,333,1970.0,310,1,217175496694,-2,657,10001918,2023,Zofar,אשכול רשויות נגב מזרחי
פארן,1151,PARAN,6,הדרום,62,באר שבע,625,54,מועצה אזורית הערבה התיכונה,,1,1013,570,568,2,443,1972.0,310,1,214667474840,106,657,10001918,2023,Paran,אשכול רשויות נגב מזרחי
אשלים,1152,ASHALIM,6,הדרום,62,באר שבע,626,48,מועצה אזורית רמת נגב,,1,711,698,693,5,13,1976.0,370,19,171262541615,327,620,15001466,2023,Ashalim,אשכול רשויות נגב מזרחי
כישור,1153,KISHOR,2,הצפון,24,עכו,243,56,מועצה אזורית משגב,,1,226,221,209,12,5,1976.0,330,15,223719761235,483,205,15002358,2023,Kishor,אשכול רשויות בית הכרם הגלילי
מיטל,1154,METAL,2,הצפון,23,יזרעאל,231,7,מועצה אזורית עמק המעיינות,,1,215,215,205,10,,1976.0,340,,239093704974,513,202,10004568,2023,Metal,אשכול רשויות הכנרת והעמקים
מגן שאול,1155,MAGEN SHA'UL,2,הצפון,23,יזרעאל,234,8,מועצה אזורית הגלבוע,,1,873,833,833,,40,1976.0,310,1,229149714124,83,204,10004394,2023,Magen Sha'ul,אשכול רשויות הגליל והעמקים
סמר,1156,SAMAR,6,הדרום,62,באר שבע,625,53,מועצה אזורית חבל אילות,,1,246,238,238,,8,1976.0,330,15,201874416004,94,608,10001955,2023,Samar,אשכול רשויות נגב מזרחי
אחווה,1157,AHAWA,6,הדרום,61,אשקלון,611,33,מועצה אזורית באר טוביה,143,1,291,251,251,,40,1976.0,350,,178217627967,61,616,10001821,2023,Ahawa,אשכול רשויות שורק דרומי
יהל,1158,YAHEL,6,הדרום,62,באר שבע,625,53,מועצה אזורית חבל אילות,,1,325,272,272,,53,1976.0,330,15,212110443842,194,608,10001955,2023,Yahel,אשכול רשויות נגב מזרחי
שכניה,1160,SHEKHANYA,2,הצפון,24,עכו,241,56,מועצה אזורית משגב,241,1,727,727,727,,,1980.0,370,10,223424750461,439,205,10004513,2023,Shekhanya,אשכול רשויות בית הכרם הגלילי
רהט,1161,RAHAT,6,הדרום,62,באר שבע,623,0,עירייה,341,2,75684,75575,250,75325,109,,250,,176674588820,222,618,10001946,2023,Rahat,אשכול רשויות נגב מערבי
בית רימון,1162,BET RIMMON,2,הצפון,23,יזרעאל,237,3,מועצה אזורית הגליל התחתון,,1,1107,1106,1106,,1,1977.0,330,3,231044743048,397,206,15002369,2023,Bet Rimmon,אשכול רשויות הכנרת והעמקים
מורן,1163,MORAN,2,הצפון,24,עכו,242,56,מועצה אזורית משגב,,1,431,427,422,5,4,1977.0,330,15,237161758538,327,205,10004465,2023,Moran,אשכול רשויות בית הכרם הגלילי
שילת,1165,SHILAT,4,המרכז,43,רמלה,431,25,מועצה אזורית חבל מודיעין,142,1,822,799,799,,23,1977.0,310,6,201908647333,265,424,10002277,2023,Shilat,ללא שיוך לאשכול
כפר רות,1166,KEFAR RUT,4,המרכז,43,רמלה,431,25,מועצה אזורית חבל מודיעין,142,1,299,276,276,,23,1977.0,310,1,203023646340,286,424,10002277,2023,Kefar Rut,ללא שיוך לאשכול
קיסריה,1167,QESARYYA,3,חיפה,32,חדרה,324,15,מועצה אזורית חוף הכרמל,,1,5765,5633,5601,32,132,1977.0,180,,191618712309,20,303,10004261,2023,Qesaryya,אשכול רשויות מישור החוף
הוואשלה (שבט),1169,HAWASHLA,6,הדרום,62,באר שבע,623,,חסר מעמד מוניציפלי,,3,,,,,,,460,,202000559000,,699,,2023,Al-Hawashila,ללא שיוך לאשכול
סייד (שבט),1170,SAYYID,6,הדרום,62,באר שבע,623,,חסר מעמד מוניציפלי,,3,,,,,,,460,,192200577600,,699,,2023,Sayyid,ללא שיוך לאשכול
לוטם,1171,LOTEM,2,הצפון,24,עכו,242,56,מועצה אזורית משגב,,1,723,722,660,62,1,1978.0,330,15,233764754252,316,205,10004513,2023,Lotem,אשכול רשויות בית הכרם הגלילי
תובל,1172,TUVAL,2,הצפון,24,עכו,243,56,מועצה אזורית משגב,,1,405,404,395,9,1,1980.0,330,15,223224759334,527,205,15002358,2023,Tuval,אשכול רשויות בית הכרם הגלילי
לפידות,1173,LAPPIDOT,2,הצפון,24,עכו,243,52,מועצה אזורית מעלה יוסף,,1,139,139,139,,,1978.0,310,1,224822762657,471,255,10004484,2023,Lappidot,אשכול רשויות גליל מערבי
מנוף,1174,MANOF,2,הצפון,24,עכו,241,56,מועצה אזורית משגב,241,1,852,847,847,,5,1980.0,310,10,222467750945,386,205,10004513,2023,Manof,אשכול רשויות בית הכרם הגלילי
עידן,1175,IDDAN,6,הדרום,62,באר שבע,625,54,מועצה אזורית הערבה התיכונה,,1,716,443,441,2,273,1980.0,310,1,228644524001,-180,657,10001918,2023,Iddan,אשכול רשויות נגב מזרחי
ספיר,1176,SAPPIR,6,הדרום,62,באר שבע,625,54,מועצה אזורית הערבה התיכונה,,1,509,507,502,5,2,1979.0,350,,217513502737,-15,657,10001918,2023,Sappir,אשכול רשויות נגב מזרחי
טללים,1177,TELALIM,6,הדרום,62,באר שבע,626,48,מועצה אזורית רמת נגב,,1,662,660,660,,2,1980.0,330,15,177966544645,361,620,15001466,2023,Telalim,אשכול רשויות נגב מזרחי
מורשת,1178,MORESHET,2,הצפון,24,עכו,241,56,מועצה אזורית משגב,241,1,1628,1625,1625,,3,1981.0,370,11,222119747919,308,205,10004513,2023,Moreshet,אשכול רשויות בית הכרם הגלילי
קורנית,1179,QORANIT,2,הצפון,24,עכו,241,56,מועצה אזורית משגב,241,1,883,882,882,,1,1982.0,370,10,223968749881,443,205,10004513,2023,Qoranit,אשכול רשויות בית הכרם הגלילי
צביה,1180,ZVIYYA,2,הצפון,24,עכו,242,56,מועצה אזורית משגב,,1,286,285,285,,1,1979.0,370,19,231368754986,254,205,10004513,2023,Zviyya,אשכול רשויות בית הכרם הגלילי
טל-אל,1181,TAL-EL,2,הצפון,24,עכו,243,56,מועצה אזורית משגב,241,1,1328,1324,1324,,4,1980.0,370,13,217018759005,116,205,15002143,2023,Tal-El,אשכול רשויות בית הכרם הגלילי
אלון הגליל,1182,ALLON HAGALIL,2,הצפון,23,יזרעאל,237,9,מועצה אזורית עמק יזרעאל,242,1,1093,1086,1086,,7,1980.0,310,1,220851740250,200,254,10004497,2023,Allon HaGalil,אשכול רשויות הגליל והעמקים
כליל,1183,KELIL,2,הצפון,24,עכו,243,4,מועצה אזורית מטה אשר,,1,931,930,924,6,1,1979.0,370,10,218788765061,178,201,10004302,2023,Kelil,אשכול רשויות גליל מערבי
מתת,1184,MATTAT,2,הצפון,24,עכו,244,52,מועצה אזורית מעלה יוסף,,1,227,225,225,,2,1979.0,370,19,233759771780,805,255,10004484,2023,Mattat,אשכול רשויות גליל מערבי
פלך,1185,PELEKH,2,הצפון,24,עכו,243,56,מועצה אזורית משגב,,1,215,213,213,,2,1980.0,330,15,222160759876,490,205,15002358,2023,Pelekh,אשכול רשויות בית הכרם הגלילי
הושעיה,1186,HOSHA'AYA,2,הצפון,23,יזרעאל,237,9,מועצה אזורית עמק יזרעאל,,1,2024,2016,2016,,8,1981.0,190,2,227626740436,223,254,15002369,2023,Hosha'aya,אשכול רשויות הגליל והעמקים
עיר אובות,1187,IR OVOT,6,הדרום,62,באר שבע,625,54,מועצה אזורית הערבה התיכונה,,,,,,,,,510,,223352524453,-135,657,10001918,2023,Ir Ovot,אשכול רשויות נגב מזרחי
אשחר,1188,ESHHAR,2,הצפון,24,עכו,241,56,מועצה אזורית משגב,241,1,977,975,974,1,2,1986.0,370,13,228464754557,363,205,10004513,2023,Eshhar,אשכול רשויות בית הכרם הגלילי
מצפה נטופה,1190,MIZPE NETOFA,2,הצפון,23,יזרעאל,237,3,מועצה אזורית הגליל התחתון,,1,1000,998,998,,2,1979.0,370,11,236440745330,396,206,10004552,2023,Mizpe Netofa,אשכול רשויות הכנרת והעמקים
בר יוחאי,1191,BAR YOHAY,2,הצפון,21,צפת,212,2,מועצה אזורית מרום הגליל,,1,1161,1159,1159,,2,1979.0,370,2,242317766945,713,209,10004528,2023,Bar Yohay,אשכול רשויות גליל מזרחי
ערערה-בנגב,1192,AR'ARA-BANEGEV,6,הדרום,62,באר שבע,623,99,מועצה מקומית,,2,20705,20702,15,20687,3,,260,,202192563021,458,652,15003711,2023,Ar'ara-BaNegev,אשכול רשויות נגב מזרחי
ניצנה (קהילת חינוך),1195,NIZZANA (QEHILAT HINUH),6,הדרום,62,באר שבע,626,48,מועצה אזורית רמת נגב,,1,268,262,241,21,6,1980.0,340,,144592533078,226,620,15001466,2023,Nizzana (Qehilat Hinuh),אשכול רשויות נגב מזרחי
מחנה יתיר,1196,MAHANE YATTIR,6,הדרום,62,באר שבע,623,,חסר מעמד מוניציפלי,,1,332,319,295,24,13,1979.0,350,,205725583969,653,699,10001937,2023,Mahane Yattir,ללא שיוך לאשכול
נאות סמדר,1197,NE'OT SMADAR,6,הדרום,62,באר שבע,627,53,מועצה אזורית חבל אילות,,1,258,236,226,10,22,1982.0,330,15,202310440103,407,608,10001955,2023,Ne'ot Smadar,אשכול רשויות נגב מזרחי
כרמים,1198,KERAMIM,6,הדרום,62,באר שבע,623,41,מועצה אזורית בני שמעון,341,1,591,591,591,,,1980.0,330,15,192203582485,405,625,10001937,2023,Keramim,אשכול רשויות נגב מערבי
עדי,1199,ADI,2,הצפון,23,יזרעאל,237,9,מועצה אזורית עמק יזרעאל,242,1,1850,1847,1846,1,3,1980.0,370,7,216592743063,167,254,10004497,2023,Adi,אשכול רשויות הגליל והעמקים
מודיעין-מכבים-רעות,1200,MODI'IN-MAKKABBIM-RE'UT,4,המרכז,43,רמלה,431,0,עירייה,142,1,97566,96904,96845,59,662,1986.0,150,,201007644813,209,420,10002277,2023,Modi'in-Makkabbim-Re'ut,ללא שיוך לאשכול
כמון,1201,KAMMON,2,הצפון,24,עכו,242,56,מועצה אזורית משגב,,1,733,733,733,,,1980.0,370,7,234003757516,557,205,10004465,2023,Kammon,אשכול רשויות בית הכרם הגלילי
מכמנים,1202,MIKHMANNIM,2,הצפון,24,עכו,242,56,מועצה אזורית משגב,,1,532,531,507,24,1,1980.0,370,7,230864756880,489,205,10004465,2023,Mikhmannim,אשכול רשויות בית הכרם הגלילי
הררית,1203,HARARIT,2,הצפון,24,עכו,241,56,מועצה אזורית משגב,,1,675,675,675,,,1980.0,370,7,234638750112,479,205,10004513,2023,Hararit,אשכול רשויות בית הכרם הגלילי
גילון,1204,GILON,2,הצפון,24,עכו,242,56,מועצה אזורית משגב,241,1,1221,1217,1216,1,4,1980.0,370,9,222506756455,297,205,10004465,2023,Gilon,אשכול רשויות בית הכרם הגלילי
מנות,1205,MANOT,2,הצפון,24,עכו,243,52,מועצה אזורית מעלה יוסף,,1,559,559,559,,,1980.0,310,1,218546771490,247,255,10004302,2023,Manot,אשכול רשויות גליל מערבי
גיתה,1206,GITTA,2,הצפון,24,עכו,243,52,מועצה אזורית מעלה יוסף,,1,274,274,274,,,1980.0,370,13,223619763566,430,255,10004484,2023,Gitta,אשכול רשויות גליל מערבי
לבון,1207,LAVON,2,הצפון,24,עכו,243,56,מועצה אזורית משגב,,1,884,883,882,1,1,1980.0,350,,227158760856,573,205,15002358,2023,Lavon,אשכול רשויות בית הכרם הגלילי
הילה,1208,HILLA,2,הצפון,24,עכו,243,52,מועצה אזורית מעלה יוסף,,1,516,516,515,1,,1980.0,370,19,223178771255,489,255,10004484,2023,Hilla,אשכול רשויות גליל מערבי
חרשים,1209,HARASHIM,2,הצפון,24,עכו,243,56,מועצה אזורית משגב,,1,332,332,332,,,1980.0,370,19,231009762413,813,205,10004465,2023,Harashim,אשכול רשויות בית הכרם הגלילי
כחל,1210,KAHAL,2,הצפון,21,צפת,212,55,מועצה אזורית מבואות החרמון,,1,519,513,513,,6,1980.0,310,1,248114755138,101,253,10004540,2023,Kahal,אשכול רשויות גליל מזרחי
קדרים,1211,QADDARIM,2,הצפון,21,צפת,214,1,מועצה אזורית הגליל העליון,,1,329,329,329,,,1980.0,330,15,244700755939,110,253,10004552,2023,Qaddarim,אשכול רשויות גליל מזרחי
עמוקה,1212,AMUQQA,2,הצפון,21,צפת,212,2,מועצה אזורית מרום הגליל,,1,160,159,159,,1,1980.0,370,19,249392767048,705,209,10004528,2023,Amuqqa,אשכול רשויות גליל מזרחי
צבעון,1213,ZIV'ON,2,הצפון,24,עכו,244,1,מועצה אזורית הגליל העליון,,1,457,455,455,,2,1980.0,330,15,239239770004,758,253,10004528,2023,Ziv'on,אשכול רשויות גליל מזרחי
טפחות,1214,TEFAHOT,2,הצפון,21,צפת,214,2,מועצה אזורית מרום הגליל,,1,515,510,510,,5,1980.0,310,2,239833752650,81,209,10004552,2023,Tefahot,אשכול רשויות גליל מזרחי
גורנות הגליל,1219,GORNOT HAGALIL,2,הצפון,24,עכו,244,52,מועצה אזורית מעלה יוסף,,1,336,333,332,1,3,1980.0,350,,223636773868,389,255,10004302,2023,Gornot HaGalil,אשכול רשויות גליל מערבי
אבירים,1220,ABBIRIM,2,הצפון,24,עכו,244,52,מועצה אזורית מעלה יוסף,,1,311,311,311,,,1980.0,370,19,227156771492,561,255,10004484,2023,Abbirim,אשכול רשויות גליל מערבי
צורית,1221,ZURIT,2,הצפון,24,עכו,242,56,מועצה אזורית משגב,241,1,912,910,909,1,2,1981.0,370,9,223855756414,345,205,10004465,2023,Zurit,אשכול רשויות בית הכרם הגלילי
"מצפה אבי""ב",1222,MIZPE AVIV,2,הצפון,24,עכו,241,56,מועצה אזורית משגב,241,1,1084,1084,1084,,,1981.0,370,10,219071749115,122,205,15002411,2023,Mizpe Aviv,אשכול רשויות בית הכרם הגלילי
שדי אברהם,1223,SEDE AVRAHAM,6,הדרום,62,באר שבע,622,38,מועצה אזורית אשכול,,1,437,390,390,,47,1981.0,310,1,136795569201,86,651,10001893,2023,Sede Avraham,אשכול רשויות נגב מערבי
כוכב יאיר,1224,KOKHAV YA'IR,4,המרכז,42,פתח תקווה,421,99,מועצה מקומית,141,1,9279,9232,9210,22,47,1981.0,180,,199784680908,95,455,10004769,2023,Kokhav Ya'ir,אשכול רשויות השרון
רביד,1225,RAVID,2,הצפון,22,כנרת,222,6,מועצה אזורית עמק הירדן,,1,127,127,127,,,1981.0,330,15,243786750703,164,214,10004552,2023,Ravid,אשכול רשויות הכנרת והעמקים
יובלים,1226,YUVALLIM,2,הצפון,24,עכו,241,56,מועצה אזורית משגב,241,1,1222,1219,1218,1,3,1982.0,370,7,225609753755,189,205,10004513,2023,Yuvallim,אשכול רשויות בית הכרם הגלילי
יתד,1227,YATED,6,הדרום,62,באר שבע,622,38,מועצה אזורית אשכול,,1,843,635,629,6,208,1981.0,310,1,135830568649,83,651,10001893,2023,Yated,אשכול רשויות נגב מערבי
רקפת,1228,RAQQEFET,2,הצפון,24,עכו,241,56,מועצה אזורית משגב,241,1,970,969,964,5,1,1981.0,370,1,225112751129,313,205,10004513,2023,Raqqefet,אשכול רשויות בית הכרם הגלילי
כלנית,1229,KALLANIT,2,הצפון,21,צפת,214,2,מועצה אזורית מרום הגליל,,1,308,308,308,,,1981.0,310,2,242960753391,17,209,10004552,2023,Kallanit,אשכול רשויות גליל מזרחי
לבנים,1230,LIVNIM,2,הצפון,21,צפת,214,2,מועצה אזורית מרום הגליל,,1,527,525,524,1,2,1982.0,310,1,246611752147,-52,209,10004552,2023,Livnim,אשכול רשויות גליל מזרחי
פרי גן,1231,PERI GAN,6,הדרום,62,באר שבע,622,38,מועצה אזורית אשכול,,1,330,241,241,,89,1981.0,310,6,138556570329,92,651,10001893,2023,Peri Gan,אשכול רשויות נגב מערבי
יבול,1232,YEVUL,6,הדרום,62,באר שבע,622,38,מועצה אזורית אשכול,,1,444,364,364,,80,1981.0,310,10,134973566762,85,651,10001893,2023,Yevul,אשכול רשויות נגב מערבי
שקף,1233,SHEQEF,6,הדרום,61,אשקלון,612,50,מועצה אזורית לכיש,,1,635,557,557,,78,1982.0,310,9,193954602561,417,634,10001813,2023,Sheqef,ללא שיוך לאשכול
קבועה (שבט),1234,QABBO'A,6,הדרום,62,באר שבע,623,,חסר מעמד מוניציפלי,,3,,,,,,,460,,216000572000,,699,,2023,Kabbu'a,ללא שיוך לאשכול
שורשים,1235,SHORASHIM,2,הצפון,24,עכו,242,56,מועצה אזורית משגב,241,1,589,588,588,,1,1985.0,320,1,224614755365,135,205,10004513,2023,Shorashim,אשכול רשויות בית הכרם הגלילי
נירית,1236,NIRIT,4,המרכז,42,פתח תקווה,421,20,מועצה אזורית דרום השרון,142,1,1041,1041,1036,5,,1982.0,370,13,198754672624,109,417,15000658,2023,Nirit,אשכול רשויות השרון
תלמי יוסף,1237,TALME YOSEF,6,הדרום,62,באר שבע,622,38,מועצה אזורית אשכול,,1,479,317,317,,162,1982.0,310,10,139170568071,111,651,10001893,2023,Talme Yosef,אשכול רשויות נגב מערבי
סופה,1238,SUFA,6,הדרום,62,באר שבע,622,38,מועצה אזורית אשכול,,1,223,219,219,,4,1975.0,330,15,137306572072,85,651,10001893,2023,Sufa,אשכול רשויות נגב מערבי
חולית,1239,HOLIT,6,הדרום,62,באר שבע,622,38,מועצה אזורית אשכול,,1,244,237,237,,7,1980.0,330,15,135736571348,76,651,10001893,2023,Holit,אשכול רשויות נגב מערבי
עין הבשור,1240,EN HABESOR,6,הדרום,62,באר שבע,622,38,מועצה אזורית אשכול,,1,1382,1026,1024,2,356,1982.0,310,1,146896576895,116,651,10001893,2023,En HaBesor,אשכול רשויות נגב מערבי
דקל,1241,DEQEL,6,הדרום,62,באר שבע,622,38,מועצה אזורית אשכול,,1,440,392,392,,48,1982.0,310,10,137649567433,103,651,10001893,2023,Deqel,אשכול רשויות נגב מערבי
נתיב העשרה,1242,NETIV HAASARA,6,הדרום,61,אשקלון,614,36,מועצה אזורית חוף אשקלון,,1,1242,1026,1023,3,216,1982.0,310,1,156342609068,59,633,10001829,2023,Netiv HaAsara,אשכול רשויות נגב מערבי
קציר,1243,QAZIR,3,חיפה,32,חדרה,323,14,מועצה אזורית מנשה,,1,2713,2704,2603,101,9,1982.0,190,,209953710227,336,351,10004233,2023,Qazir,ללא שיוך לאשכול
תמרת,1244,TIMRAT,2,הצפון,23,יזרעאל,237,9,מועצה אזורית עמק יזרעאל,,1,1410,1400,1399,1,10,1983.0,370,13,221405734332,239,254,10004411,2023,Timrat,אשכול רשויות הגליל והעמקים
סלמה,1245,SALLAMA,2,הצפון,24,עכו,242,56,מועצה אזורית משגב,,2,3826,3826,,3826,,,290,,234359755544,196,205,10004513,2023,Sallama,אשכול רשויות בית הכרם הגלילי
עראמשה,1246,ARAMSHA,2,הצפון,24,עכו,244,4,מועצה אזורית מטה אשר,,2,1742,1740,,1740,2,,450,,221440777046,428,201,10004302,2023,Aramsha,אשכול רשויות גליל מערבי
חריש,1247,HARISH,3,חיפה,32,חדרה,323,0,עירייה,,1,39001,38812,38160,652,189,1982.0,160,,204728707386,114,307,10004233,2023,Harish,ללא שיוך לאשכול
אליפז,1248,ELIFAZ,6,הדרום,62,באר שבע,625,53,מועצה אזורית חבל אילות,,1,193,167,159,8,26,1982.0,330,15,200783411870,122,608,10001955,2023,Elifaz,אשכול רשויות נגב מזרחי
הרדוף,1249,HARDUF,2,הצפון,23,יזרעאל,237,9,מועצה אזורית עמק יזרעאל,242,1,886,879,872,7,7,1982.0,330,15,216520741008,207,254,10004497,2023,Harduf,אשכול רשויות הגליל והעמקים
עין תמר,1251,EN TAMAR,6,הדרום,62,באר שבע,624,51,מועצה אזורית תמר,,1,342,195,195,,147,1982.0,310,10,235665539137,-347,656,10001911,2023,En Tamar,ללא שיוך לאשכול
כורזים,1252,KORAZIM,2,הצפון,21,צפת,213,55,מועצה אזורית מבואות החרמון,,1,487,396,390,6,91,1983.0,350,7,251868757370,173,253,10004540,2023,Korazim,אשכול רשויות גליל מזרחי
אמנון,1253,AMNUN,2,הצפון,21,צפת,213,55,מועצה אזורית מבואות החרמון,,1,521,514,514,,7,1983.0,310,6,253903756700,13,253,10004540,2023,Amnun,אשכול רשויות גליל מזרחי
נטף,1254,NATAF,1,ירושלים,11,ירושלים,111,26,מועצה אזורית מטה יהודה,444,1,485,484,484,,1,1982.0,370,19,206504637690,507,151,10002475,2023,Nataf,ללא שיוך לאשכול
לוטן,1255,LOTAN,6,הדרום,62,באר שבע,625,53,מועצה אזורית חבל אילות,,1,240,225,225,,15,1983.0,330,15,208139433229,123,608,10001955,2023,Lotan,אשכול רשויות נגב מזרחי
אשרת,1256,ASHERAT,2,הצפון,24,עכו,245,4,מועצה אזורית מטה אשר,,1,610,609,608,1,1,1983.0,370,13,215008764080,63,201,10004302,2023,Asherat,אשכול רשויות גליל מערבי
חנתון,1257,HANNATON,2,הצפון,23,יזרעאל,237,9,מועצה אזורית עמק יזרעאל,241,1,1000,997,996,1,3,1984.0,330,15,223252743242,188,254,10004497,2023,Hannaton,אשכול רשויות הגליל והעמקים
מסד,1258,MASSAD,2,הצפון,22,כנרת,222,3,מועצה אזורית הגליל התחתון,,1,352,351,350,1,1,1983.0,370,13,239927749921,262,206,10004552,2023,Massad,אשכול רשויות הכנרת והעמקים
נווה שלום,1259,NEWE SHALOM,1,ירושלים,11,ירושלים,112,26,מועצה אזורית מטה יהודה,444,4,313,313,153,160,,1983.0,350,,198078636158,276,151,15000597,2023,Newe Shalom,ללא שיוך לאשכול
רתמים,1260,RETAMIM,6,הדרום,62,באר שבע,626,48,מועצה אזורית רמת נגב,,1,783,783,783,,,1983.0,320,15,170326551513,260,620,15001466,2023,Retamim,אשכול רשויות נגב מזרחי
הר עמשא,1261,HAR AMASA,6,הדרום,62,באר שבע,623,51,מועצה אזורית תמר,,1,232,232,227,5,,1983.0,330,,209711583525,813,656,10001937,2023,Har Amasa,ללא שיוך לאשכול
צוקים,1262,ZUQIM,6,הדרום,62,באר שבע,625,54,מועצה אזורית הערבה התיכונה,,1,366,366,366,,,1983.0,370,,215797489037,43,657,10001918,2023,Zuqim,אשכול רשויות נגב מזרחי
כפר ורדים,1263,KEFAR WERADIM,2,הצפון,24,עכו,243,99,מועצה מקומית,,1,5718,5681,5387,294,37,1984.0,180,,225494766750,533,255,10004484,2023,Kefar Weradim,אשכול רשויות גליל מערבי
כרמי יוסף,1264,KARME YOSEF,4,המרכז,43,רמלה,432,30,מועצה אזורית גזר,143,1,1769,1708,1708,,61,1984.0,350,,192561639463,222,426,10002228,2023,Karme Yosef,ללא שיוך לאשכול
שומרייה,1265,SHOMERIYYA,6,הדרום,62,באר שבע,623,41,מועצה אזורית בני שמעון,341,1,865,846,846,,19,1984.0,330,15,188965593404,378,625,10001937,2023,Shomeriyya,אשכול רשויות נגב מערבי
שחרות,1266,SHAHARUT,6,הדרום,62,באר שבע,627,53,מועצה אזורית חבל אילות,,1,159,159,159,,,1985.0,370,13,199709423990,532,608,10001955,2023,Shaharut,אשכול רשויות נגב מזרחי
שיטים,1267,SHITTIM,6,הדרום,62,באר שבע,627,53,מועצה אזורית חבל אילות,,,,,,,,,510,,201303454241,298,608,10001955,2023,Shittim,אשכול רשויות נגב מזרחי
מיתר,1268,METAR,6,הדרום,62,באר שבע,623,99,מועצה מקומית,342,1,11646,11586,11295,291,60,1984.0,170,,193429581812,408,615,10001937,2023,Metar,אשכול רשויות נגב מזרחי
להבים,1271,LEHAVIM,6,הדרום,62,באר שבע,623,99,מועצה מקומית,341,1,7861,7820,7194,626,41,1985.0,180,,182170586424,296,619,10001946,2023,Lehavim,ללא שיוך לאשכול
חלוץ,1272,HALUZ,2,הצפון,24,עכו,243,56,מועצה אזורית משגב,,1,583,582,581,1,1,1985.0,370,13,229548761702,734,205,15002358,2023,Haluz,אשכול רשויות בית הכרם הגלילי
גן נר,1274,GAN NER,2,הצפון,23,יזרעאל,232,8,מועצה אזורית הגלבוע,,1,2728,2687,2686,1,41,1987.0,190,,232015715314,155,204,10004394,2023,Gan Ner,אשכול רשויות הגליל והעמקים
אבטליון,1275,AVTALYON,2,הצפון,24,עכו,241,56,מועצה אזורית משגב,,1,460,460,460,,,1987.0,370,10,233248749083,364,205,10004513,2023,Avtalyon,אשכול רשויות בית הכרם הגלילי
אשבל,1276,ESHBAL,2,הצפון,24,עכו,241,56,מועצה אזורית משגב,241,1,146,146,146,,,1979.0,330,10,228869753534,270,205,10004513,2023,Eshbal,אשכול רשויות בית הכרם הגלילי
באר מילכה,1278,BE'ER MILKA,6,הדרום,62,באר שבע,626,48,מועצה אזורית רמת נגב,,1,313,225,225,,88,2006.0,310,1,143276538270,217,620,15001466,2023,Be'er Milka,אשכול רשויות נגב מזרחי
נווה חריף,1279,NEWE HARIF,6,הדרום,62,באר שבע,627,53,מועצה אזורית חבל אילות,,1,135,125,125,,10,1987.0,330,15,203330438802,438,608,10001955,2023,Newe Harif,אשכול רשויות נגב מזרחי
ניצני סיני,1280,NIZZANE SINAY,6,הדרום,62,באר שבע,626,48,מועצה אזורית רמת נגב,,1,744,331,331,,413,1986.0,310,1,142293535143,233,620,15001466,2023,Nizzane Sinay,אשכול רשויות נגב מזרחי
מירב,1282,MERAV,2,הצפון,23,יזרעאל,231,7,מועצה אזורית עמק המעיינות,,1,824,804,804,,20,1987.0,330,3,239924706555,395,202,10004568,2023,Merav,אשכול רשויות הכנרת והעמקים
תל תאומים,1283,TEL TE'OMIM,2,הצפון,23,יזרעאל,231,7,מועצה אזורית עמק המעיינות,,1,642,638,638,,4,1987.0,370,2,246857705377,-139,202,10004568,2023,Tel Te'omim,אשכול רשויות הכנרת והעמקים
נופית,1284,NOFIT,3,חיפה,31,חיפה,311,12,מועצה אזורית זבולון,222,1,2428,2422,2395,27,6,1987.0,190,,213945740526,179,301,10004207,2023,Nofit,אשכול רשויות המפרץ
כרכום,1285,KARKOM,2,הצפון,21,צפת,213,55,מועצה אזורית מבואות החרמון,,1,504,497,495,2,7,1988.0,370,13,257195759499,97,253,10004540,2023,Karkom,אשכול רשויות גליל מזרחי
שגב-שלום,1286,SEGEV-SHALOM,6,הדרום,62,באר שבע,623,99,מועצה מקומית,342,2,15406,15382,26,15356,24,,270,,184648567339,318,652,15001466,2023,Segev-Shalom,אשכול רשויות נגב מזרחי
שני,1287,SHANI,6,הדרום,62,באר שבע,623,,חסר מעמד מוניציפלי,,1,468,466,466,,2,1989.0,370,11,206659584907,694,699,10001937,2023,Shani,ללא שיוך לאשכול
גבעת אלה,1288,GIV'AT ELA,2,הצפון,23,יזרעאל,237,9,מועצה אזורית עמק יזרעאל,,1,1830,1826,1822,4,4,1988.0,370,13,223296736327,262,254,10004411,2023,Giv'at Ela,אשכול רשויות הגליל והעמקים
זמר,1290,ZEMER,4,המרכז,41,השרון,412,99,מועצה מקומית,141,2,7771,7675,3,7672,96,,280,,203505696817,85,458,10002155,2023,Zemer,ללא שיוך לאשכול
כמהין,1291,KEMEHIN,6,הדרום,62,באר שבע,626,48,מועצה אזורית רמת נגב,,1,463,240,240,,223,1988.0,310,1,145562535799,225,620,15001466,2023,Kemehin,אשכול רשויות נגב מזרחי
ג'דיידה-מכר,1292,JUDEIDE-MAKER,2,הצפון,24,עכו,246,99,מועצה מקומית,241,2,20149,20116,18,20098,33,,260,,214067759408,38,252,15002143,2023,Judeide-Maker,אשכול רשויות גליל מערבי
גבעת אבני,1293,GIV'AT AVNI,2,הצפון,22,כנרת,222,3,מועצה אזורית הגליל התחתון,,1,2137,2129,2129,,8,1991.0,190,,241426742348,282,206,10004552,2023,Giv'at Avni,אשכול רשויות הכנרת והעמקים
אור הגנוז,1294,OR HAGANUZ,2,הצפון,21,צפת,212,2,מועצה אזורית מרום הגליל,,1,699,699,699,,,1989.0,320,11,242122767835,732,209,10004528,2023,Or HaGanuz,אשכול רשויות גליל מזרחי
יאנוח-ג'ת,1295,YANUH-JAT,2,הצפון,24,עכו,243,99,מועצה מקומית,,2,6875,6871,1,6870,4,,280,,223245765072,468,255,10004484,2023,Yanuh-Jat,ללא שיוך לאשכול
כסרא-סמיע,1296,KISRA-SUMEI,2,הצפון,24,עכו,243,99,מועצה מקומית,,2,9217,9213,5,9208,4,,280,,228769763766,624,255,10004484,2023,Kisra-Sumei,ללא שיוך לאשכול
כפר חנניה,1297,KEFAR HANANYA,2,הצפון,21,צפת,212,2,מועצה אזורית מרום הגליל,,1,794,794,792,2,,1990.0,370,2,239929757810,326,209,10004465,2023,Kefar Hananya,אשכול רשויות גליל מזרחי
חורה,1303,HURA,6,הדרום,62,באר שבע,623,99,מועצה מקומית,342,2,21937,21937,35,21902,,,260,,193911578430,416,652,10001937,2023,Hura,אשכול רשויות נגב מזרחי
שוהם,1304,SHOHAM,4,המרכז,43,רמלה,432,99,מועצה מקומית,142,1,23447,23260,23249,11,187,1993.0,160,,194960656088,96,421,10002168,2023,Shoham,ללא שיוך לאשכול
אלעד,1309,EL'AD,4,המרכז,42,פתח תקווה,422,0,עירייה,142,1,49766,49681,49681,,85,1998.0,160,,196051662013,122,422,10002168,2023,El'ad,ללא שיוך לאשכול
לפיד,1310,LAPPID,4,המרכז,43,רמלה,431,25,מועצה אזורית חבל מודיעין,142,1,2047,2036,2036,,11,1996.0,190,,203207647169,268,424,10002277,2023,Lappid,ללא שיוך לאשכול
אבשלום,1311,AVSHALOM,6,הדרום,62,באר שבע,622,38,מועצה אזורית אשכול,,1,419,417,417,,2,1990.0,370,10,136212567439,92,651,10001893,2023,Avshalom,אשכול רשויות נגב מערבי
פורייה עילית,1313,PORIYYA ILLIT,2,הצפון,22,כנרת,221,6,מועצה אזורית עמק הירדן,,1,1398,1392,1293,99,6,1955.0,350,,251529737377,137,214,10004552,2023,Poriyya Illit,אשכול רשויות הכנרת והעמקים
נווה זיו,1314,NEWE ZIV,2,הצפון,24,עכו,243,52,מועצה אזורית מעלה יוסף,,1,930,926,926,,4,2000.0,370,19,217419770256,205,255,10004302,2023,Newe Ziv,אשכול רשויות גליל מערבי
מתן,1315,MATTAN,4,המרכז,42,פתח תקווה,421,20,מועצה אזורית דרום השרון,142,1,3212,3203,3203,,9,1995.0,190,,197719673928,66,417,15000658,2023,Mattan,אשכול רשויות השרון
אל -עריאן,1316,AL-ARYAN,3,חיפה,32,חדרה,323,14,מועצה אזורית מנשה,,2,202,201,,201,1,,450,,212006711532,365,351,10004233,2023,Al-Aryan,ללא שיוך לאשכול
דמיידה,1317,DEMEIDE,2,הצפון,24,עכו,241,56,מועצה אזורית משגב,241,2,592,592,,592,,,450,,221630746739,203,205,10004513,2023,Demeide,אשכול רשויות בית הכרם הגלילי
מבואות ים,1318,MEVO'OT YAM,4,המרכז,41,השרון,411,16,מועצה אזורית עמק חפר,141,1,129,129,129,,,1954.0,340,,187827701086,3,409,15000060,2023,Mevo'ot Yam,ללא שיוך לאשכול
בת חפר,1319,BAT HEFER,4,המרכז,41,השרון,412,16,מועצה אזורית עמק חפר,141,1,4982,4972,4967,5,10,1996.0,190,,201487693296,56,409,10002155,2023,Bat Hefer,ללא שיוך לאשכול
עין חוד,1320,EIN HOD,3,חיפה,32,חדרה,322,15,מועצה אזורית חוף הכרמל,243,2,330,329,,329,1,,450,,200267733023,238,303,10004333,2023,Ein Hod,אשכול רשויות מישור החוף
ח'ואלד,1321,KHAWALED,3,חיפה,31,חיפה,311,12,מועצה אזורית זבולון,222,2,771,771,,771,,,450,,213106741740,63,301,10004207,2023,Khawaled,אשכול רשויות המפרץ
הודיות,1322,HODAYOT,2,הצפון,22,כנרת,222,3,מועצה אזורית הגליל התחתון,,1,133,133,133,,,1959.0,340,,241070743791,285,206,10004552,2023,Hodayot,אשכול רשויות הכנרת והעמקים
בת הדר,1323,BAT HADAR,6,הדרום,61,אשקלון,614,36,מועצה אזורית חוף אשקלון,,1,661,660,654,6,1,1995.0,350,,161818617368,58,633,10001829,2023,Bat Hadar,אשכול רשויות נגב מערבי
ארסוף,1324,ARSUF,4,המרכז,41,השרון,411,19,מועצה אזורית חוף השרון,141,1,184,180,180,,4,1995.0,350,,182873680087,39,401,15000060,2023,Arsuf,ללא שיוך לאשכול
כפר זוהרים,1325,KEFAR ZOHARIM,1,ירושלים,11,ירושלים,112,26,מועצה אזורית מטה יהודה,,1,77,77,77,,,1995.0,340,,192929614364,312,151,15000597,2023,Kefar Zoharim,ללא שיוך לאשכול
"בסמ""ה",1326,BASMA,3,חיפה,32,חדרה,323,99,מועצה מקומית,,2,11734,11728,4,11724,6,,270,,210076715130,235,354,10004233,2023,Basma,ללא שיוך לאשכול
מעלה עירון,1327,MA'ALE IRON,3,חיפה,32,חדרה,323,99,מועצה מקומית,,2,15277,15263,4,15259,14,,270,,214887717483,249,354,10004249,2023,Ma'ale Iron,ללא שיוך לאשכול
אחוזת ברק,1330,AHUZZAT BARAQ,2,הצפון,23,יזרעאל,234,9,מועצה אזורית עמק יזרעאל,,1,2485,2479,2479,,6,1998.0,190,19,231994727628,156,254,10004394,2023,Ahuzzat Baraq,אשכול רשויות הגליל והעמקים
כמאנה,1331,KAMANE,2,הצפון,24,עכו,242,56,מועצה אזורית משגב,,2,1599,1599,,1599,,,450,,233148757599,525,205,10004465,2023,Kamane,אשכול רשויות בית הכרם הגלילי
חוסנייה,1332,HUSSNIYYA,2,הצפון,24,עכו,242,56,מועצה אזורית משגב,,2,962,962,3,959,,,450,,230304756156,293,205,10004513,2023,Hussniyya,אשכול רשויות בית הכרם הגלילי
נוף איילון,1333,NOF AYYALON,4,המרכז,43,רמלה,431,30,מועצה אזורית גזר,143,1,2017,2006,2006,,11,1994.0,190,,199057641802,197,426,10002277,2023,Nof Ayyalon,ללא שיוך לאשכול
ראס אל-עין,1334,RAS AL-EIN,2,הצפון,24,עכו,242,56,מועצה אזורית משגב,,2,452,452,,452,,,450,,235177757726,223,205,10004465,2023,Ras Al-Ein,אשכול רשויות בית הכרם הגלילי
ערב אל נעים,1335,ARAB AL NAIM,2,הצפון,24,עכו,241,56,מועצה אזורית משגב,241,2,850,850,,850,,,450,,227487754808,302,205,10004513,2023,Arab Al Naim,אשכול רשויות בית הכרם הגלילי
אירוס,1336,IRUS,4,המרכז,44,רחובות,442,27,מועצה אזורית גן רווה,143,1,1072,1061,1061,,11,2013.0,370,,179008648533,46,456,15002488,2023,Irus,ללא שיוך לאשכול
שמשית,1337,SHIMSHIT,2,הצפון,23,יזרעאל,237,9,מועצה אזורית עמק יזרעאל,242,1,2249,2244,2244,,5,2000.0,190,,223413737578,222,254,10004426,2023,Shimshit,אשכול רשויות הגליל והעמקים
כדיתה,1338,KADDITA,2,הצפון,21,צפת,212,2,מועצה אזורית מרום הגליל,,1,174,174,174,,,2009.0,370,10,243725767769,767,209,10004528,2023,Kaddita,אשכול רשויות גליל מזרחי
אל -עזי,1339,AL-AZY,6,הדרום,61,אשקלון,611,35,מועצה אזורית יואב,,2,193,193,3,190,,,450,,180995625560,93,632,10001821,2023,Al-Azy,אשכול רשויות שורק דרומי
מרחב עם,1340,MERHAV AM,6,הדרום,62,באר שבע,626,48,מועצה אזורית רמת נגב,,1,641,641,641,,,2002.0,370,,183481533036,511,620,10001918,2023,Merhav Am,אשכול רשויות נגב מזרחי
רוח מדבר,1341,RUAH MIDBAR,6,הדרום,62,באר שבע,626,48,מועצה אזורית רמת נגב,,1,54,54,46,8,,,340,,174468543498,329,620,15001466,2023,Ruah Midbar,אשכול רשויות נגב מזרחי
אבו קורינאת (יישוב),1342,ABU QUREINAT,6,הדרום,62,באר שבע,623,68,מועצה אזורית נווה מדבר,,2,2458,2457,3,2454,1,,290,,196365561051,449,624,15003711,2023,Abu Qureinat,אשכול רשויות נגב מזרחי
מכחול,1343,MAKCHUL,6,הדרום,62,באר שבע,623,69,מועצה אזורית אל קסום,,2,1904,1904,2,1902,,,450,,206359577603,523,624,10001937,2023,Makchul,אשכול רשויות נגב מזרחי
גבעות בר,1344,GEVA'OT BAR,6,הדרום,62,באר שבע,623,41,מועצה אזורית בני שמעון,341,1,1344,1341,1333,8,3,2004.0,370,19,176835585059,229,625,10001946,2023,Geva'ot Bar,אשכול רשויות נגב מערבי
צור יצחק,1345,ZUR YIZHAQ,4,המרכז,42,פתח תקווה,421,20,מועצה אזורית דרום השרון,141,1,7397,7366,7293,73,31,2007.0,180,,200107683080,119,417,10002155,2023,Zur Yizhaq,אשכול רשויות השרון
תרבין א-צאנע (יישוב)*,1346,TARABIN AS-SANI,6,הדרום,62,באר שבע,623,69,מועצה אזורית אל קסום,341,2,1037,1037,10,1027,,,450,,175265583691,230,624,10001946,2023,Tarabin As-Sani,אשכול רשויות נגב מזרחי
קצר א-סר,1347,QASR A-SIR,6,הדרום,62,באר שבע,623,68,מועצה אזורית נווה מדבר,,2,3363,3363,1,3362,,,290,,198243554663,536,624,10001918,2023,Qasr A-Sir,אשכול רשויות נגב מזרחי
ביר הדאג',1348,BIR HADAGE,6,הדרום,62,באר שבע,626,68,מועצה אזורית נווה מדבר,,2,2839,2830,9,2821,9,,290,,171465548459,288,624,15001466,2023,Bir Hadage,אשכול רשויות נגב מזרחי
דריג'את,1349,DERIG'AT,6,הדרום,62,באר שבע,623,69,מועצה אזורית אל קסום,,2,571,571,,571,,,450,,207206578826,557,624,10001937,2023,Derig'at,אשכול רשויות נגב מזרחי
אום בטין,1358,UMM BATIN,6,הדרום,62,באר שבע,623,69,מועצה אזורית אל קסום,342,2,5295,5295,23,5272,,,280,,188678576564,329,624,10001937,2023,Umm Batin,אשכול רשויות נגב מזרחי
אל סייד,1359,AL SAYYID,6,הדרום,62,באר שבע,623,69,מועצה אזורית אל קסום,342,2,5775,5774,22,5752,1,,280,,191786577112,376,624,10001937,2023,Al Sayyid,אשכול רשויות נגב מזרחי
סעוה,1360,SA'WA,6,הדרום,62,באר שבע,623,69,מועצה אזורית אל קסום,,2,5046,5046,11,5035,,,280,,197182573737,428,624,10001937,2023,Sa'Wa,אשכול רשויות נגב מזרחי
בת חן,1361,BAT HEN,4,המרכז,41,השרון,411,16,מועצה אזורית עמק חפר,141,1,434,390,390,,44,1967.0,350,,188199696298,34,409,15000060,2023,Bat Hen,ללא שיוך לאשכול
גבעות עדן,1362,GIV'OT EDEN,1,ירושלים,11,ירושלים,112,26,מועצה אזורית מטה יהודה,,1,122,122,122,,,2022.0,370,,201507618889,380,151,15000597,2023,Giv'ot Eden,ללא שיוך לאשכול
בני נצרים,1363,BNE NETSARIM,6,הדרום,62,באר שבע,622,38,מועצה אזורית אשכול,,1,1155,1048,1048,,107,2010.0,310,11,134610561415,99,651,10001893,2023,Bne Netsarim,אשכול רשויות נגב מערבי
שלומית,1364,SHLOMIT,6,הדרום,62,באר שבע,622,38,מועצה אזורית אשכול,,1,536,536,536,,,2011.0,370,11,133739564419,93,651,10001893,2023,Shlomit,אשכול רשויות נגב מערבי
אליאב,1365,ELIAV,6,הדרום,61,אשקלון,612,50,מועצה אזורית לכיש,,1,823,822,822,,1,2013.0,370,,193428604083,361,634,10001813,2023,Eliav,ללא שיוך לאשכול
נווה,1366,NAVE,6,הדרום,62,באר שבע,622,38,מועצה אזורית אשכול,,1,1323,1302,1302,,21,2010.0,310,11,136459563772,100,651,10001893,2023,Nave,אשכול רשויות נגב מערבי
כחלה,1367,KOCHLEA,6,הדרום,62,באר שבע,623,69,מועצה אזורית אל קסום,,2,344,344,,344,,,450,,205064577580,532,624,10001937,2023,Kochlea,אשכול רשויות נגב מזרחי
בני דקלים,1368,BNE DEQALIM,6,הדרום,61,אשקלון,612,50,מועצה אזורית לכיש,,1,1844,1842,1842,,2,2009.0,370,11,192456602848,390,634,10001813,2023,Bne Dkalim,ללא שיוך לאשכול
נטע,1369,NETA,6,הדרום,61,אשקלון,612,50,מועצה אזורית לכיש,,1,958,958,958,,,2012.0,370,11,193007598465,426,634,10001813,2023,Neta,ללא שיוך לאשכול
מצפה אילן,1370,MITSPE ILAN,3,חיפה,32,חדרה,323,14,מועצה אזורית מנשה,,1,875,875,875,,,2009.0,370,10,206756707620,129,351,10004233,2023,Mitspe Ilan,ללא שיוך לאשכול
גני טל,1371,GANNE TAL,4,המרכז,44,רחובות,441,31,מועצה אזורית נחל שורק,143,1,1040,951,951,,89,2010.0,370,2,180399632936,78,456,15002488,2023,Ganne Tal,אשכול רשויות שורק דרומי
נצר חזני,1372,NEZER HAZZANI,4,המרכז,44,רחובות,441,31,מועצה אזורית נחל שורק,143,1,597,585,585,,12,2010.0,310,2,187100636548,95,456,15002488,2023,Nezer Hazzani,אשכול רשויות שורק דרומי
שלווה במדבר,1373,SHALVA BAMIDBAR,6,הדרום,62,באר שבע,626,48,מועצה אזורית רמת נגב,,,,,,,,,510,,174611526896,506,620,10001918,2023,Shalva Bamidbar,אשכול רשויות נגב מזרחי
כרמי קטיף,1374,KARME KATIF,6,הדרום,61,אשקלון,612,50,מועצה אזורית לכיש,,1,799,795,795,,4,2016.0,370,,191673605082,338,634,10001813,2023,Karme Katif,ללא שיוך לאשכול
אבו תלול,1375,ABU TULUL,6,הדרום,62,באר שבע,623,68,מועצה אזורית נווה מדבר,,2,5160,5160,5,5155,,,280,,193326565890,388,624,15003711,2023,Abu Tulul,אשכול רשויות נגב מזרחי
באר גנים,1376,BE'ER GANNIM,6,הדרום,61,אשקלון,614,36,מועצה אזורית חוף אשקלון,,1,2704,2641,2641,,63,2012.0,190,,162996623243,31,633,10001805,2023,Be'er Gannim,אשכול רשויות נגב מערבי
שבי דרום,1377,SHAVE DAROM,6,הדרום,62,באר שבע,621,42,מועצה אזורית מרחבים,,1,644,644,644,,,2017.0,310,,165731597232,143,651,10001930,2023,Shave Darom,אשכול רשויות נגב מערבי
שיזף,1378,SHEZAF,6,הדרום,62,באר שבע,626,48,מועצה אזורית רמת נגב,,1,142,142,142,,,2021.0,370,,177508545761,349,620,15001466,2023,Shezaf,אשכול רשויות נגב מזרחי
מחנה הילה*,1411,MAHANE HILLA,4,המרכז,44,רחובות,442,27,מועצה אזורית גן רווה,143,,,,,,,,510,,171000646000,,499,15002488,2023,Mahane Hilla,ללא שיוך לאשכול
מחנה תל נוף*,1412,MAHANE TEL NOF,4,המרכז,44,רחובות,441,28,מועצה אזורית ברנר,143,,,,,,,,510,,183000638000,,499,15002488,2023,Mahane Tel Nof,אשכול רשויות שורק דרומי
מחנה יהודית*,1413,MAHANE YEHUDIT,2,הצפון,23,יזרעאל,234,9,מועצה אזורית עמק יזרעאל,,,,,,,,,510,,217000730000,,299,10004411,2023,Mahane Yehudit,אשכול רשויות הגליל והעמקים
מחנה מרים*,1414,MAHANE MIRYAM,6,הדרום,61,אשקלון,611,33,מועצה אזורית באר טוביה,,,,,,,,,510,,174000629000,,699,10001821,2023,Mahane Miryam,אשכול רשויות שורק דרומי
מחנה יפה*,1415,MAHANE YAFA,6,הדרום,62,באר שבע,622,42,מועצה אזורית מרחבים,,,,,,,,,510,,169000570000,,699,10001900,2023,Mahane Yafa,אשכול רשויות נגב מערבי
מחנה יוכבד*,1416,MAHANE YOKHEVED,6,הדרום,62,באר שבע,627,53,מועצה אזורית חבל אילות,,,,,,,,,510,,193000427000,,699,10001955,2023,Mahane Yokheved,אשכול רשויות נגב מזרחי
מחנה טלי*,1418,MAHANE TALI,6,הדרום,62,באר שבע,626,48,מועצה אזורית רמת נגב,,,,,,,,,510,,168000518000,,699,10001918,2023,Mahane Tali,אשכול רשויות נגב מזרחי
ניצן ב',1419,NIZZAN B,6,הדרום,61,אשקלון,614,36,מועצה אזורית חוף אשקלון,,1,452,444,444,,8,2007.0,350,,165656627228,37,633,10001805,2023,Nizzan B,אשכול רשויות נגב מערבי
אזור תעשייה הר-טוב,1701,,1,ירושלים,11,ירושלים,112,26,מועצה אזורית מטה יהודה,444,,,,,,,,520,,199011630560,235,151,15000597,2023,,ללא שיוך לאשכול
נווה אילן*,1702,,1,ירושלים,11,ירושלים,111,26,מועצה אזורית מטה יהודה,444,,,,,,,,520,,208836634824,681,151,10002475,2023,,ללא שיוך לאשכול
"מרכז כ""ח",1705,,2,הצפון,21,צפת,211,55,מועצה אזורית מבואות החרמון,,,,,,,,,520,,253587780642,90,253,10004591,2023,,אשכול רשויות גליל מזרחי
מפעלי גליל עליון,1706,,2,הצפון,21,צפת,211,1,מועצה אזורית הגליל העליון,,,,,,,,,520,,253732788710,79,253,10004591,2023,,אשכול רשויות גליל מזרחי
תל חי (מכללה),1707,,2,הצפון,21,צפת,211,1,מועצה אזורית הגליל העליון,,,,,,,,,520,,254363793393,240,253,10004591,2023,,אשכול רשויות גליל מזרחי
מרכז אזורי מרום הגליל,1708,,2,הצפון,21,צפת,212,2,מועצה אזורית מרום הגליל,,,,,,,,,520,,241507766997,697,209,10004528,2023,,אשכול רשויות גליל מזרחי
תעשיון דלתון,1709,,2,הצפון,21,צפת,212,2,מועצה אזורית מרום הגליל,,,,,,,,,520,,245158770213,846,209,10004528,2023,,אשכול רשויות גליל מזרחי
מפעלי צמח,1711,,2,הצפון,22,כנרת,221,6,מועצה אזורית עמק הירדן,,,,,,,,,520,,255373734394,-199,214,10004552,2023,,אשכול רשויות הכנרת והעמקים
בית חולים פוריה,1712,,2,הצפון,22,כנרת,221,6,מועצה אזורית עמק הירדן,,,,,,,,,520,,250941739841,197,214,10004552,2023,,אשכול רשויות הכנרת והעמקים
מרכז אזורי כדורי,1713,,2,הצפון,22,כנרת,222,3,מועצה אזורית הגליל התחתון,,,,,,,,,520,,238270734647,140,206,10004552,2023,,אשכול רשויות הכנרת והעמקים
תעשיות גליל תחתון,1714,,2,הצפון,22,כנרת,222,3,מועצה אזורית הגליל התחתון,,,,,,,,,520,,243662743425,166,206,10004552,2023,,אשכול רשויות הכנרת והעמקים
"מרכז מיר""ב*",1715,,3,חיפה,32,חדרה,322,15,מועצה אזורית חוף הכרמל,243,,,,,,,,520,,196928727951,44,303,10004333,2023,,אשכול רשויות מישור החוף
אילון תבור*,1716,,2,הצפון,23,יזרעאל,233,9,מועצה אזורית עמק יזרעאל,,,,,,,,,520,,234327726752,230,254,10004394,2023,,אשכול רשויות הגליל והעמקים
מפעלי העמק (יזרעאל),1717,,2,הצפון,23,יזרעאל,234,9,מועצה אזורית עמק יזרעאל,,,,,,,,,520,,222380730006,119,254,10004411,2023,,אשכול רשויות הגליל והעמקים
מפעלי שאן,1719,,2,הצפון,23,יזרעאל,231,7,מועצה אזורית עמק המעיינות,,,,,,,,,520,,248953711435,-203,202,10004568,2023,,אשכול רשויות הכנרת והעמקים
מגדל תפן,1722,,2,הצפון,24,עכו,243,99,מועצה מקומית,,,,,,,,,520,,226157764492,649,255,10004484,2023,,אשכול רשויות גליל מערבי
מרכז אזורי משגב,1723,,2,הצפון,24,עכו,241,56,מועצה אזורית משגב,241,,,,,,,,520,,224569751524,305,205,10004513,2023,,אשכול רשויות בית הכרם הגלילי
אזור תעסוקה משגב(תרדיון),1724,,2,הצפון,24,עכו,241,56,מועצה אזורית משגב,241,,,,,,,,520,,225872752554,286,205,10004513,2023,,אשכול רשויות בית הכרם הגלילי
"בי""ס אזורי מקיף (אשר)",1725,,2,הצפון,24,עכו,245,4,מועצה אזורית מטה אשר,,,,,,,,,520,,214420768297,74,201,10004302,2023,,אשכול רשויות גליל מערבי
אזור תעשייה אכזיב (מילואות),1726,,2,הצפון,24,עכו,245,4,מועצה אזורית מטה אשר,241,,,,,,,,520,,210529774643,9,201,10004302,2023,,אשכול רשויות גליל מערבי
אזור תעשייה נעמן (מילואות),1727,,2,הצפון,24,עכו,246,4,מועצה אזורית מטה אשר,241,,,,,,,,520,,209148754129,7,201,10004315,2023,,אשכול רשויות גליל מערבי
בר-לב,1728,,2,הצפון,24,עכו,242,4,מועצה אזורית מטה אשר,241,,,,,,,,520,,217919756890,71,201,10004315,2023,,אשכול רשויות גליל מערבי
מפעלי חבל מודיעים,1729,,4,המרכז,43,רמלה,432,25,מועצה אזורית חבל מודיעין,142,,,,,,,,520,,196358657326,119,424,10002168,2023,,ללא שיוך לאשכול
מפעלי גרנות,1739,,3,חיפה,32,חדרה,324,14,מועצה אזורית מנשה,,,,,,,,,520,,195932705678,19,351,10004261,2023,,ללא שיוך לאשכול
גבעת חביבה,1740,,3,חיפה,32,חדרה,324,14,מועצה אזורית מנשה,,,,,,,,,520,,202273707129,51,351,15002436,2023,,ללא שיוך לאשכול
תעשיון השרון,1741,,4,המרכז,41,השרון,411,18,מועצה אזורית לב השרון,141,,,,,,,,520,,192788686920,51,412,15000060,2023,,אשכול רשויות השרון
תעשיון חצב*,1742,,4,המרכז,42,פתח תקווה,422,20,מועצה אזורית דרום השרון,142,,,,,,,,520,,196138663783,110,417,10002168,2023,,אשכול רשויות השרון
תעשיון ימין,1744,INDUSTRIAL ZONE YAMIN,4,המרכז,42,פתח תקווה,421,20,מועצה אזורית דרום השרון,142,,,,,,,,520,,195794676013,40,417,10002133,2023,Industrial Zone Yamin,אשכול רשויות השרון
פארק תעשיות עמק חפר,1745,,4,המרכז,41,השרון,411,16,מועצה אזורית עמק חפר,141,,,,,,,,520,,190397700909,19,409,15000060,2023,,ללא שיוך לאשכול
קרית תעופה,1746,,4,המרכז,43,רמלה,432,25,מועצה אזורית חבל מודיעין,142,,,,,,,,520,,191859655108,48,424,10002168,2023,,ללא שיוך לאשכול
מרכז אזורי שוהם,1747,,4,המרכז,43,רמלה,432,25,מועצה אזורית חבל מודיעין,142,,,,,,,,520,,194581655316,81,424,10002168,2023,,ללא שיוך לאשכול
נמל תעופה בן-גוריון,1748,,4,המרכז,43,רמלה,432,,חסר מעמד מוניציפלי,132,,,,,,,,520,,189381657037,37,424,10002286,2023,,ללא שיוך לאשכול
תעשיון צריפין,1749,,4,המרכז,43,רמלה,432,40,מועצה אזורית שדות דן,133,,,,,,,,520,,186262652278,50,425,10002228,2023,,ללא שיוך לאשכול
תעשיון חבל יבנה,1750,,4,המרכז,44,רחובות,441,29,מועצה אזורית חבל יבנה,143,,,,,,,,520,,169000636211,13,456,10001836,2023,,אשכול רשויות שורק דרומי
מפעלי כנות,1753,,6,הדרום,61,אשקלון,611,33,מועצה אזורית באר טוביה,143,,,,,,,,520,,177315634394,67,616,10001821,2023,,אשכול רשויות שורק דרומי
תעשיון מבצע*,1754,,6,הדרום,61,אשקלון,611,33,מועצה אזורית באר טוביה,143,,,,,,,,520,,176752630962,60,616,10001821,2023,,אשכול רשויות שורק דרומי
תעשיון ראם*,1755,,6,הדרום,61,אשקלון,611,35,מועצה אזורית יואב,,,,,,,,,520,,179944629543,60,616,10001821,2023,,אשכול רשויות שורק דרומי
תעשיון נוף אדום,1760,NOF EDOM INDUSTRIAL ZONE,6,הדרום,62,באר שבע,,53,מועצה אזורית חבל אילות,,,,,,,,,520,,,,608,10001955,2023,Nof Edom Industrial Zone,אשכול רשויות נגב מזרחי
מפעלי צומת מלאכי,1761,,6,הדרום,61,אשקלון,611,33,מועצה אזורית באר טוביה,143,,,,,,,,520,,176432625712,67,616,10001821,2023,,אשכול רשויות שורק דרומי
עד הלום,1762,,6,הדרום,61,אשקלון,611,33,מועצה אזורית באר טוביה,143,,,,,,,,520,,168152630087,30,616,10001836,2023,,אשכול רשויות שורק דרומי
פארק תעשיות ספירים,1763,,6,הדרום,61,אשקלון,614,37,מועצה אזורית שער הנגב,,,,,,,,,520,,161451602833,105,651,10001829,2023,,אשכול רשויות נגב מערבי
עידן הנגב,1765,IDAN HANEGEV,6,הדרום,62,באר שבע,623,41,מועצה אזורית בני שמעון,,,,,,,,,520,,179766587361,259,625,10001946,2023,Idan Hanegev,אשכול רשויות נגב מערבי
קרית חינוך עזתה,1766,,6,הדרום,62,באר שבע,621,39,מועצה אזורית שדות נגב,,,,,,,,,520,,161265593351,142,651,10001930,2023,,אשכול רשויות נגב מערבי
קמה (אזור תעשייה חקלאית),1767,,6,הדרום,62,באר שבע,621,41,מועצה אזורית בני שמעון,341,,,,,,,,520,,177233594404,238,625,10001946,2023,,אשכול רשויות נגב מערבי
קריית חינוך מרחבים*,1768,,6,הדרום,62,באר שבע,622,42,מועצה אזורית מרחבים,,,,,,,,,520,,161794580479,126,651,10001893,2023,,אשכול רשויות נגב מערבי
מפעלי מעון,1769,,6,הדרום,62,באר שבע,622,38,מועצה אזורית אשכול,,,,,,,,,520,,145740578218,117,651,10001893,2023,,אשכול רשויות נגב מערבי
נאות חובב,1770,,6,הדרום,62,באר שבע,623,99,מועצה מקומית,,,,,,,,,520,,179517560499,383,621,15001466,2023,,ללא שיוך לאשכול
אורון,1771,,6,הדרום,62,באר שבע,626,48,מועצה אזורית רמת נגב,,,,,,,,,520,,201447535576,356,620,10001918,2023,,אשכול רשויות נגב מזרחי
ים המלח - בתי מלון,1772,,6,הדרום,62,באר שבע,624,51,מועצה אזורית תמר,,,,,,,,,520,,234503567490,-378,656,10001911,2023,,ללא שיוך לאשכול
מפעלי מישור רותם,1773,,6,הדרום,62,באר שבע,626,51,מועצה אזורית תמר,,,,,,,,,520,,218261551829,391,656,10001918,2023,,ללא שיוך לאשכול
מפעלי ים המלח(סדום),1775,,6,הדרום,62,באר שבע,624,51,מועצה אזורית תמר,,,,,,,,,520,,235173548825,-380,656,10001911,2023,,ללא שיוך לאשכול
מפעלי צין - ערבה,1776,,6,הדרום,62,באר שבע,626,54,מועצה אזורית הערבה התיכונה,,,,,,,,,520,,208513528195,92,657,10001918,2023,,אשכול רשויות נגב מזרחי
מפעלי ברקן,1791,,7,אזור יהודה ושומרון,73,טול כרם,,72,מועצה אזורית שומרון,,,,,,,,,520,,211265667685,439,710,15004488,2023,,אשכול יהודה ושומרון
"תעשיון שח""ק",1792,,7,אזור יהודה ושומרון,71,ג'נין,,72,מועצה אזורית שומרון,,,,,,,,,520,,216993708884,335,710,15004488,2023,,אשכול יהודה ושומרון
שלומציון,1793,,7,אזור יהודה ושומרון,75,ירדן-יריחו,,75,מועצה אזורית ערבות הירדן,,,,,,,,,520,,246757667431,-256,712,10003299,2023,,אשכול יהודה ושומרון
תעשיון מיתרים,1794,,7,אזור יהודה ושומרון,77,חברון,,78,מועצה אזורית הר חברון,,,,,,,,,520,,200544586822,603,715,15003512,2023,,אשכול יהודה ושומרון
"הרי יהודה מ""א 26",1801,,1,ירושלים,11,ירושלים,111,26,מועצה אזורית מטה יהודה,,,,,,,,,530,,2067063030,,,,2023,,ללא שיוך לאשכול
"הרי יהודה של""ש",1802,,1,ירושלים,11,ירושלים,111,,חסר מעמד מוניציפלי,,,,,,,,,530,,,,,,2023,,ללא שיוך לאשכול
"שפלת יהודה מ""א 26",1803,,1,ירושלים,11,ירושלים,112,26,מועצה אזורית מטה יהודה,,,,,,,,,530,,1939062680,,,,2023,,ללא שיוך לאשכול
"שפלת יהודה של""ש",1804,,1,ירושלים,11,ירושלים,112,,חסר מעמד מוניציפלי,,,,,,,,,530,,,,,,2023,,ללא שיוך לאשכול
"אזור כינרות מ""א 3",1805,,2,הצפון,22,כנרת,221,3,מועצה אזורית הגליל התחתון,,,,,,,,,530,,2481074680,,,,2023,,אשכול רשויות הכנרת והעמקים
"עמק חולה מ""א 1",1806,,2,הצפון,21,צפת,211,1,מועצה אזורית הגליל העליון,,,,,,,,,530,,2578078330,,,,2023,,אשכול רשויות גליל מזרחי
"עמק חולה מ""א 55",1807,,2,הצפון,21,צפת,211,55,מועצה אזורית מבואות החרמון,,,,,,,,,530,,2580077650,,,,2023,,אשכול רשויות גליל מזרחי
"עמק חולה של""ש",1808,,2,הצפון,21,צפת,211,,חסר מעמד מוניציפלי,,,,,,,,,530,,,,,,2023,,ללא שיוך לאשכול
"גליל עליון מז מ""א 1",1809,,2,הצפון,21,צפת,212,1,מועצה אזורית הגליל העליון,,,,,,,,,530,,2362077180,,,,2023,,אשכול רשויות גליל מזרחי
"גליל עליון מז מ""א 55",1810,,2,הצפון,21,צפת,212,55,מועצה אזורית מבואות החרמון,,,,,,,,,530,,2508077340,,,,2023,,אשכול רשויות גליל מזרחי
"גליל עליון מז מ""א 2",1811,,2,הצפון,21,צפת,212,2,מועצה אזורית מרום הגליל,,,,,,,,,530,,2438076690,,,,2023,,אשכול רשויות גליל מזרחי
"גליל עליון מז של""ש",1812,,2,הצפון,21,צפת,212,,חסר מעמד מוניציפלי,,,,,,,,,530,,2385076890,,,,2023,,ללא שיוך לאשכול
"אזור חצור מ""א 1",1813,,2,הצפון,21,צפת,213,1,מועצה אזורית הגליל העליון,,,,,,,,,530,,2545075990,,,,2023,,אשכול רשויות גליל מזרחי
"אזור חצור מ""א 55",1814,,2,הצפון,21,צפת,213,55,מועצה אזורית מבואות החרמון,,,,,,,,,530,,2584076640,,,,2023,,אשכול רשויות גליל מזרחי
"אזור חצור של""ש",1815,,2,הצפון,21,צפת,213,,חסר מעמד מוניציפלי,,,,,,,,,530,,2549076740,,,,2023,,ללא שיוך לאשכול
"אזור כנרות מ""א 1",1816,,2,הצפון,22,כנרת,221,1,מועצה אזורית הגליל העליון,,,,,,,,,530,,2528075660,,,,2023,,אשכול רשויות גליל מזרחי
"אזור כנרות מ""א 6",1817,,2,הצפון,22,כנרת,221,6,מועצה אזורית עמק הירדן,,,,,,,,,530,,2610074110,,,,2023,,אשכול רשויות הכנרת והעמקים
"אזור כנרות של""ש",1818,,2,הצפון,22,כנרת,221,,חסר מעמד מוניציפלי,,,,,,,,,530,,,,,,2023,,ללא שיוך לאשכול
"גליל תחתון מז מ""א 3",1819,,2,הצפון,22,כנרת,222,3,מועצה אזורית הגליל התחתון,,,,,,,,,530,,2426074060,,,,2023,,אשכול רשויות הכנרת והעמקים
"גליל תחתון מז מ""א 2",1820,,2,הצפון,22,כנרת,222,2,מועצה אזורית מרום הגליל,,,,,,,,,530,,2419075400,,,,2023,,אשכול רשויות גליל מזרחי
"גליל תחתון מז מ""א 6",1821,,2,הצפון,22,כנרת,222,6,מועצה אזורית עמק הירדן,,,,,,,,,530,,2484072760,,,,2023,,אשכול רשויות הכנרת והעמקים
"גליל תחתון מז של""ש",1822,,2,הצפון,22,כנרת,222,,חסר מעמד מוניציפלי,,,,,,,,,530,,2416075000,,,,2023,,ללא שיוך לאשכול
הרי נצרת-תירען,1823,,2,הצפון,23,יזרעאל,237,,חסר מעמד מוניציפלי,,,,,,,,,530,,2351073910,,,,2023,,ללא שיוך לאשכול
"עמק בית שאן מ""א 7",1824,,2,הצפון,23,יזרעאל,231,7,מועצה אזורית עמק המעיינות,,,,,,,,,530,,2474070920,,,,2023,,אשכול רשויות הכנרת והעמקים
"עמק בית שאן של""ש",1825,,2,הצפון,23,יזרעאל,231,,חסר מעמד מוניציפלי,,,,,,,,,530,,,,,,2023,,ללא שיוך לאשכול
"עמק חרוד מ""א 8",1826,,2,הצפון,23,יזרעאל,232,8,מועצה אזורית הגלבוע,,,,,,,,,530,,2368071640,,,,2023,,אשכול רשויות הגליל והעמקים
"עמק חרוד של""ש",1827,,2,הצפון,23,יזרעאל,232,,חסר מעמד מוניציפלי,,,,,,,,,530,,,,,,2023,,ללא שיוך לאשכול
"רמת כוכב מ""א 7",1828,,2,הצפון,23,יזרעאל,233,7,מועצה אזורית עמק המעיינות,,,,,,,,,530,,2497072050,,,,2023,,אשכול רשויות הכנרת והעמקים
"רמת כוכב מ""א 8",1829,,2,הצפון,23,יזרעאל,233,8,מועצה אזורית הגלבוע,,,,,,,,,530,,2427072230,,,,2023,,אשכול רשויות הגליל והעמקים
"רמת כוכב מ""א 9",1830,,2,הצפון,23,יזרעאל,233,9,מועצה אזורית עמק יזרעאל,,,,,,,,,530,,2362072710,,,,2023,,אשכול רשויות הגליל והעמקים
"רמת כוכב של""ש",1831,,2,הצפון,23,יזרעאל,233,,חסר מעמד מוניציפלי,,,,,,,,,530,,,,,,2023,,ללא שיוך לאשכול
"עמק יזרעאל מ""א 8",1832,,2,הצפון,23,יזרעאל,234,8,מועצה אזורית הגלבוע,,,,,,,,,530,,2268071730,,,,2023,,אשכול רשויות הגליל והעמקים
"עמק יזרעאל מ""א 9",1833,,2,הצפון,23,יזרעאל,234,9,מועצה אזורית עמק יזרעאל,,,,,,,,,530,,2244072700,,,,2023,,אשכול רשויות הגליל והעמקים
"עמק יזרעאל מ""א 13",1834,,2,הצפון,23,יזרעאל,234,13,מועצה אזורית מגידו,,,,,,,,,530,,2185072150,,,,2023,,אשכול רשויות הגליל והעמקים
"אזור יקנעם מ""א 9",1835,,2,הצפון,23,יזרעאל,235,9,מועצה אזורית עמק יזרעאל,,,,,,,,,530,,2115073310,,,,2023,,אשכול רשויות הגליל והעמקים
"אזור יקנעם מ""א 13",1836,,2,הצפון,23,יזרעאל,235,13,מועצה אזורית מגידו,,,,,,,,,530,,2121072800,,,,2023,,אשכול רשויות הגליל והעמקים
"רמת מנשה מ""א 13",1837,,2,הצפון,23,יזרעאל,236,13,מועצה אזורית מגידו,,,,,,,,,530,,2093072110,,,,2023,,אשכול רשויות הגליל והעמקים
"רמת מנשה של""ש",1838,,2,הצפון,23,יזרעאל,236,,חסר מעמד מוניציפלי,,,,,,,,,530,,,,,,2023,,ללא שיוך לאשכול
"הרי נצרת-תירען מ""א 9",1839,,2,הצפון,23,יזרעאל,237,9,מועצה אזורית עמק יזרעאל,,,,,,,,,530,,2227073890,,,,2023,,אשכול רשויות הגליל והעמקים
"אזור שפרעם מ""א 9",1840,,2,הצפון,24,עכו,241,9,מועצה אזורית עמק יזרעאל,,,,,,,,,530,,2179074200,,,,2023,,אשכול רשויות הגליל והעמקים
"אזור שפרעם מ""א 56",1841,,2,הצפון,24,עכו,241,56,מועצה אזורית משגב,,,,,,,,,530,,2266075010,,,,2023,,אשכול רשויות בית הכרם הגלילי
"אזור שפרעם של""ש",1842,,2,הצפון,24,עכו,241,,חסר מעמד מוניציפלי,,,,,,,,,530,,2183074930,,,,2023,,ללא שיוך לאשכול
"אזור כרמיאל מ""א 2",1843,,2,הצפון,24,עכו,242,2,מועצה אזורית מרום הגליל,,,,,,,,,530,,2339075980,,,,2023,,אשכול רשויות גליל מזרחי
"אזור כרמיאל מ""א 56",1844,,2,הצפון,24,עכו,242,56,מועצה אזורית משגב,,,,,,,,,530,,2327075530,,,,2023,,אשכול רשויות בית הכרם הגלילי
"אזור כרמיאל של""ש",1845,,2,הצפון,24,עכו,242,,חסר מעמד מוניציפלי,,,,,,,,,530,,2369075930,,,,2023,,ללא שיוך לאשכול
"אזור יחיעם מ""א 4",1846,,2,הצפון,24,עכו,243,4,מועצה אזורית מטה אשר,,,,,,,,,530,,2180076770,,,,2023,,אשכול רשויות גליל מערבי
"אזור יחיעם מ""א 52",1847,,2,הצפון,24,עכו,243,52,מועצה אזורית מעלה יוסף,,,,,,,,,530,,2283076610,,,,2023,,אשכול רשויות גליל מערבי
"אזור יחיעם מ""א 2",1848,,2,הצפון,24,עכו,243,2,מועצה אזורית מרום הגליל,,,,,,,,,530,,2386075990,,,,2023,,אשכול רשויות גליל מזרחי
"אזור יחיעם מ""א 56",1849,,2,הצפון,24,עכו,243,56,מועצה אזורית משגב,,,,,,,,,530,,2214075970,,,,2023,,אשכול רשויות בית הכרם הגלילי
"אזור יחיעם של""ש",1850,,2,הצפון,24,עכו,243,,חסר מעמד מוניציפלי,,,,,,,,,530,,2325076540,,,,2023,,ללא שיוך לאשכול
"אזור אילון מ""א 52",1851,,2,הצפון,24,עכו,244,52,מועצה אזורית מעלה יוסף,,,,,,,,,530,,2266077360,,,,2023,,אשכול רשויות גליל מערבי
"אזור אילון מ""א 4",1852,,2,הצפון,24,עכו,244,4,מועצה אזורית מטה אשר,,,,,,,,,530,,2196077510,,,,2023,,אשכול רשויות גליל מערבי
"אזור אילון של""ש",1853,,2,הצפון,24,עכו,244,,חסר מעמד מוניציפלי,,,,,,,,,530,,2314076950,,,,2023,,ללא שיוך לאשכול
"בקעת נטופה מ""א 56",1854,,2,הצפון,24,עכו,241,56,מועצה אזורית משגב,,,,,,,,,530,,2546075680,,,,2023,,אשכול רשויות בית הכרם הגלילי
"אזור נהרייה מ""א 4",1855,,2,הצפון,24,עכו,245,4,מועצה אזורית מטה אשר,,,,,,,,,530,,2125076910,,,,2023,,אשכול רשויות גליל מערבי
"אזור נהרייה של""ש",1856,,2,הצפון,24,עכו,245,,חסר מעמד מוניציפלי,,,,,,,,,530,,2131076190,,,,2023,,ללא שיוך לאשכול
"אזור עכו מ""א 56",1857,,2,הצפון,24,עכו,246,56,מועצה אזורית משגב,,,,,,,,,530,,2128075670,,,,2023,,אשכול רשויות בית הכרם הגלילי
"אזור עכו מ""א 4",1858,,2,הצפון,24,עכו,246,4,מועצה אזורית מטה אשר,,,,,,,,,530,,2128075480,,,,2023,,אשכול רשויות גליל מערבי
"אזור עכו של""ש",1859,,2,הצפון,24,עכו,246,,חסר מעמד מוניציפלי,,,,,,,,,530,,2127075860,,,,2023,,ללא שיוך לאשכול
"אזור חיפה מ""א 12",1860,,3,חיפה,31,חיפה,311,12,מועצה אזורית זבולון,,,,,,,,,530,,2104074200,,,,2023,,אשכול רשויות המפרץ
"נחל תבור מ""א 8",1861,,2,הצפון,23,יזרעאל,233,8,מועצה אזורית הגלבוע,,,,,,,,,530,,2525072450,,,,2023,,אשכול רשויות הגליל והעמקים
"אזור חיפה של""ש",1862,,3,חיפה,31,חיפה,311,,חסר מעמד מוניציפלי,,,,,,,,,530,,2088073220,,,,2023,,ללא שיוך לאשכול
"יערות גבעת המורה מ""א 9",1863,,2,הצפון,23,יזרעאל,234,9,מועצה אזורית עמק יזרעאל,,,,,,,,,530,,2404072680,,,,2023,,אשכול רשויות הגליל והעמקים
"חוף הכרמל מ""א 15",1864,,3,חיפה,32,חדרה,321,15,מועצה אזורית חוף הכרמל,,,,,,,,,530,,1947072760,,,,2023,,אשכול רשויות מישור החוף
"אזור תעשיה אכסאל מ""א 9",1865,,2,הצפון,23,יזרעאל,234,9,מועצה אזורית עמק יזרעאל,,,,,,,,,530,,2325072360,,,,2023,,אשכול רשויות הגליל והעמקים
"אזור זכרון יעקב מ""א 15",1866,,3,חיפה,32,חדרה,322,15,מועצה אזורית חוף הכרמל,,,,,,,,,530,,2001072840,,,,2023,,אשכול רשויות מישור החוף
"אזור זכרון יעקב של""ש",1867,,3,חיפה,32,חדרה,322,,חסר מעמד מוניציפלי,,,,,,,,,530,,2040072880,,,,2023,,ללא שיוך לאשכול
"הר אלכסנדר מ""א 45",1868,,3,חיפה,32,חדרה,323,45,מועצה אזורית אלונה,,,,,,,,,530,,2009071920,,,,2023,,אשכול רשויות מישור החוף
"הר אלכסנדר מ""א 14",1869,,3,חיפה,32,חדרה,323,14,מועצה אזורית מנשה,,,,,,,,,530,,2050071490,,,,2023,,ללא שיוך לאשכול
"הר אלכסנדר של""ש",1870,,3,חיפה,32,חדרה,323,,חסר מעמד מוניציפלי,,,,,,,,,530,,2105071460,,,,2023,,ללא שיוך לאשכול
"אזור חדרה מ""א 45",1871,,3,חיפה,32,חדרה,324,45,מועצה אזורית אלונה,,,,,,,,,530,,1999071630,,,,2023,,אשכול רשויות מישור החוף
"אזור חדרה מ""א 15",1872,,3,חיפה,32,חדרה,324,15,מועצה אזורית חוף הכרמל,,,,,,,,,530,,1932070920,,,,2023,,אשכול רשויות מישור החוף
"אזור חדרה מ""א 14",1873,,3,חיפה,32,חדרה,324,14,מועצה אזורית מנשה,,,,,,,,,530,,2012070620,,,,2023,,ללא שיוך לאשכול
"אזור חדרה של""ש",1874,,3,חיפה,32,חדרה,324,,חסר מעמד מוניציפלי,,,,,,,,,530,,2029069980,,,,2023,,ללא שיוך לאשכול
"עמק חפר מזרח מ""א 16",1875,,4,המרכז,41,השרון,411,16,מועצה אזורית עמק חפר,,,,,,,,,530,,2289073170,,,,2023,,ללא שיוך לאשכול
"מערב השרון מ""א 16",1876,,4,המרכז,41,השרון,411,16,מועצה אזורית עמק חפר,,,,,,,,,530,,1934069710,,,,2023,,ללא שיוך לאשכול
"מערב השרון מ""א 18",1877,,4,המרכז,41,השרון,411,18,מועצה אזורית לב השרון,,,,,,,,,530,,1936068670,,,,2023,,אשכול רשויות השרון
"מערב השרון מ""א 19",1878,,4,המרכז,41,השרון,411,19,מועצה אזורית חוף השרון,,,,,,,,,530,,1860068190,,,,2023,,ללא שיוך לאשכול
"מזרח השרון מ""א 16",1879,,4,המרכז,41,השרון,412,16,מועצה אזורית עמק חפר,,,,,,,,,530,,2001069530,,,,2023,,ללא שיוך לאשכול
"מזרח השרון מ""א 18",1880,,4,המרכז,41,השרון,412,18,מועצה אזורית לב השרון,,,,,,,,,530,,2002068950,,,,2023,,אשכול רשויות השרון
"דרום השרון מ""א 18",1881,,4,המרכז,42,פתח תקווה,421,18,מועצה אזורית לב השרון,,,,,,,,,530,,,,,,2023,,אשכול רשויות השרון
"דרום השרון מ""א 20",1882,,4,המרכז,42,פתח תקווה,421,20,מועצה אזורית דרום השרון,,,,,,,,,530,,1899068100,,,,2023,,אשכול רשויות השרון
"נחל יפתחאל מ""א 3",1883,,2,הצפון,23,יזרעאל,237,3,מועצה אזורית הגליל התחתון,,,,,,,,,530,,2291074310,,,,2023,,אשכול רשויות הכנרת והעמקים
"בקעת תירען מ""א 3",1884,,2,הצפון,23,יזרעאל,237,3,מועצה אזורית הגליל התחתון,,,,,,,,,530,,2334074370,,,,2023,,אשכול רשויות הכנרת והעמקים
"דרום השרון של""ש",1885,,4,המרכז,42,פתח תקווה,421,,חסר מעמד מוניציפלי,,,,,,,,,530,,1960067130,,,,2023,,ללא שיוך לאשכול
"אזור פתח תקווה מ""א 25",1886,,4,המרכז,42,פתח תקווה,422,25,מועצה אזורית חבל מודיעין,,,,,,,,,530,,1984065740,,,,2023,,ללא שיוך לאשכול
"אזור מודיעין מ""א 25",1887,,4,המרכז,43,רמלה,431,25,מועצה אזורית חבל מודיעין,,,,,,,,,530,,2311074610,,,,2023,,ללא שיוך לאשכול
"אזור פתח תקווה מ""א 20",1888,,4,המרכז,42,פתח תקווה,422,20,מועצה אזורית דרום השרון,,,,,,,,,530,,1933066570,,,,2023,,אשכול רשויות השרון
"אזור פתח תקווה של""ש",1889,,4,המרכז,42,פתח תקווה,422,,חסר מעמד מוניציפלי,,,,,,,,,530,,1921066200,,,,2023,,ללא שיוך לאשכול
"אזור מודיעין מ""א 30",1890,,4,המרכז,43,רמלה,431,30,מועצה אזורית גזר,,,,,,,,,530,,2010069770,,,,2023,,ללא שיוך לאשכול
"אזור רמלה מ""א 30",1891,,4,המרכז,43,רמלה,432,30,מועצה אזורית גזר,,,,,,,,,530,,1891064330,,,,2023,,ללא שיוך לאשכול
"אזור רמלה מ""א 25",1892,,4,המרכז,43,רמלה,432,25,מועצה אזורית חבל מודיעין,,,,,,,,,530,,,,,,2023,,ללא שיוך לאשכול
"אזור רמלה מ""א 40",1893,,4,המרכז,43,רמלה,432,40,מועצה אזורית שדות דן,,,,,,,,,530,,1865065340,,,,2023,,ללא שיוך לאשכול
"אזור רמלה של""ש",1894,,4,המרכז,43,רמלה,432,,חסר מעמד מוניציפלי,,,,,,,,,530,,1850065140,,,,2023,,ללא שיוך לאשכול
"אזור מודיעין של""ש",1895,,4,המרכז,43,רמלה,431,,חסר מעמד מוניציפלי,,,,,,,,,530,,1833067310,,,,2023,,ללא שיוך לאשכול
"אזור רחובות מ""א 28",1896,,4,המרכז,44,רחובות,441,28,מועצה אזורית ברנר,,,,,,,,,530,,1803064000,,,,2023,,אשכול רשויות שורק דרומי
"אזור רחובות מ""א 32",1897,,4,המרכז,44,רחובות,441,32,מועצה אזורית גדרות,,,,,,,,,530,,1745063800,,,,2023,,ללא שיוך לאשכול
"אזור רחובות מ""א 30",1898,,4,המרכז,44,רחובות,441,30,מועצה אזורית גזר,,,,,,,,,530,,1843064140,,,,2023,,ללא שיוך לאשכול
"אזור רחובות מ""א 29",1899,,4,המרכז,44,רחובות,441,29,מועצה אזורית חבל יבנה,,,,,,,,,530,,1721063800,,,,2023,,אשכול רשויות שורק דרומי
"אזור רחובות מ""א 31",1901,,4,המרכז,44,רחובות,441,31,מועצה אזורית נחל שורק,,,,,,,,,530,,1832063450,,,,2023,,אשכול רשויות שורק דרומי
"אזור רחובות של""ש",1902,,4,המרכז,44,רחובות,441,,חסר מעמד מוניציפלי,,,,,,,,,530,,1721064500,,,,2023,,ללא שיוך לאשכול
"אזור ראשל""צ מ""א 27",1903,,4,המרכז,44,רחובות,442,27,מועצה אזורית גן רווה,,,,,,,,,530,,1753064760,,,,2023,,ללא שיוך לאשכול
"אזור ראשל""צ של""ש",1904,,4,המרכז,44,רחובות,442,,חסר מעמד מוניציפלי,,,,,,,,,530,,1755065150,,,,2023,,ללא שיוך לאשכול
"אזור תל אביב של""ש",1905,,5,תל אביב,51,תל אביב,511,,חסר מעמד מוניציפלי,,,,,,,,,530,,,,,,2023,,ללא שיוך לאשכול
"אזור גלילות מ""א 19",1907,,5,תל אביב,51,תל אביב,511,19,מועצה אזורית חוף השרון,,,,,,,,,530,,,,,,2023,,ללא שיוך לאשכול
"אזור רמת גן של""ש",1908,,5,תל אביב,52,תל אביב,512,,חסר מעמד מוניציפלי,,,,,,,,,530,,1864066110,,,,2023,,ללא שיוך לאשכול
"אזור חולון של""ש",1909,,5,תל אביב,53,תל אביב,513,,חסר מעמד מוניציפלי,,,,,,,,,530,,1817066000,,,,2023,,ללא שיוך לאשכול
"אזור מלאכי מ""א 33",1911,,6,הדרום,61,אשקלון,611,33,מועצה אזורית באר טוביה,,,,,,,,,530,,1755063200,,,,2023,,אשכול רשויות שורק דרומי
"אזור מלאכי מ""א 35",1913,,6,הדרום,61,אשקלון,611,35,מועצה אזורית יואב,,,,,,,,,530,,1816062200,,,,2023,,אשכול רשויות שורק דרומי
"אזור מלאכי מ""א 50",1914,,6,הדרום,61,אשקלון,611,50,מועצה אזורית לכיש,,,,,,,,,530,,1780061800,,,,2023,,ללא שיוך לאשכול
"אזור מלאכי מ""א 34",1915,,6,הדרום,61,אשקלון,611,34,מועצה אזורית שפיר,,,,,,,,,530,,1766062160,,,,2023,,ללא שיוך לאשכול
"אזור לכיש מ""א 35",1917,,6,הדרום,61,אשקלון,612,35,מועצה אזורית יואב,,,,,,,,,530,,1870061370,,,,2023,,אשכול רשויות שורק דרומי
"אזור לכיש מ""א 50",1918,,6,הדרום,61,אשקלון,612,50,מועצה אזורית לכיש,,,,,,,,,530,,1836060440,,,,2023,,ללא שיוך לאשכול
"אזור לכיש מ""א 34",1919,,6,הדרום,61,אשקלון,612,34,מועצה אזורית שפיר,,,,,,,,,530,,1769061100,,,,2023,,ללא שיוך לאשכול
"אזור לכיש מ""א 41",1920,,6,הדרום,61,אשקלון,612,41,מועצה אזורית בני שמעון,,,,,,,,,530,,1888059260,,,,2023,,אשכול רשויות נגב מערבי
"אזור אשדוד מ""א 33",1921,,6,הדרום,61,אשקלון,613,33,מועצה אזורית באר טוביה,,,,,,,,,530,,1649062930,,,,2023,,אשכול רשויות שורק דרומי
"אזור אשדוד מ""א 29",1922,,6,הדרום,61,אשקלון,613,29,מועצה אזורית חבל יבנה,,,,,,,,,530,,1726063970,,,,2023,,אשכול רשויות שורק דרומי
"אזור אשדוד של""ש",1923,,6,הדרום,61,אשקלון,613,,חסר מעמד מוניציפלי,,,,,,,,,530,,1681064050,,,,2023,,ללא שיוך לאשכול
"אזור אשקלון מ""א 36",1924,,6,הדרום,61,אשקלון,614,36,מועצה אזורית חוף אשקלון,,,,,,,,,530,,1663061620,,,,2023,,אשכול רשויות נגב מערבי
"אזור אשקלון מ""א 37",1926,,6,הדרום,61,אשקלון,614,37,מועצה אזורית שער הנגב,,,,,,,,,530,,1637060210,,,,2023,,אשכול רשויות נגב מערבי
"אזור גרר מ""א 41",1929,,6,הדרום,62,באר שבע,621,41,מועצה אזורית בני שמעון,,,,,,,,,530,,1725058920,,,,2023,,אשכול רשויות נגב מערבי
"אזור גרר מ""א 42",1930,,6,הדרום,62,באר שבע,621,42,מועצה אזורית מרחבים,,,,,,,,,530,,1679059410,,,,2023,,אשכול רשויות נגב מערבי
"אזור גרר מ""א 39",1931,,6,הדרום,62,באר שבע,621,39,מועצה אזורית שדות נגב,,,,,,,,,530,,1572058820,,,,2023,,אשכול רשויות נגב מערבי
"אזור בשור מ""א 38",1933,,6,הדרום,62,באר שבע,622,38,מועצה אזורית אשכול,,,,,,,,,530,,1457057060,,,,2023,,אשכול רשויות נגב מערבי
"אזור בשור מ""א 42",1934,,6,הדרום,62,באר שבע,622,42,מועצה אזורית מרחבים,,,,,,,,,530,,1608057600,,,,2023,,אשכול רשויות נגב מערבי
"אזור בשור מ""א 39",1935,,6,הדרום,62,באר שבע,622,39,מועצה אזורית שדות נגב,,,,,,,,,530,,1505059540,,,,2023,,אשכול רשויות נגב מערבי
"אזור באר שבע מ""א 41",1937,,6,הדרום,62,באר שבע,623,41,מועצה אזורית בני שמעון,,,,,,,,,530,,1807058120,,,,2023,,אשכול רשויות נגב מערבי
"אזור באר שבע מ""א 51",1938,,6,הדרום,62,באר שבע,623,51,מועצה אזורית תמר,,,,,,,,,530,,2240057100,,,,2023,,ללא שיוך לאשכול
"אזור באר שבע של""ש",1939,,6,הדרום,62,באר שבע,623,,חסר מעמד מוניציפלי,,,,,,,,,530,,1974056740,,,,2023,,ללא שיוך לאשכול
"אזור ים המלח מ""א 51",1942,,6,הדרום,62,באר שבע,624,51,מועצה אזורית תמר,,,,,,,,,530,,2340056200,,,,2023,,ללא שיוך לאשכול
"הערבה מ""א 51",1944,,6,הדרום,62,באר שבע,625,51,מועצה אזורית תמר,,,,,,,,,530,,,,,,2023,,ללא שיוך לאשכול
"הערבה מ""א 53",1945,,6,הדרום,62,באר שבע,625,53,מועצה אזורית חבל אילות,,,,,,,,,530,,2062043180,,,,2023,,אשכול רשויות נגב מזרחי
"הערבה מ""א 54",1946,,6,הדרום,62,באר שבע,625,54,מועצה אזורית הערבה התיכונה,,,,,,,,,530,,2159050670,,,,2023,,אשכול רשויות נגב מזרחי
"הר הנגב הצפוני מ""א 53",1947,,6,הדרום,62,באר שבע,626,53,מועצה אזורית חבל אילות,,,,,,,,,530,,1658047710,,,,2023,,אשכול רשויות נגב מזרחי
"הר הנגב הצפוני מ""א 48",1948,,6,הדרום,62,באר שבע,626,48,מועצה אזורית רמת נגב,,,,,,,,,530,,1728052230,,,,2023,,אשכול רשויות נגב מזרחי
"הר הנגב הצפוני מ""א 51",1949,,6,הדרום,62,באר שבע,626,51,מועצה אזורית תמר,,,,,,,,,530,,2189054410,,,,2023,,ללא שיוך לאשכול
"הר הנגב הצפוני מ""א 54",1950,,6,הדרום,62,באר שבע,626,54,מועצה אזורית הערבה התיכונה,,,,,,,,,530,,2054052480,,,,2023,,אשכול רשויות נגב מזרחי
"הר הנגב הדרומי מ""א 53",1951,,6,הדרום,62,באר שבע,627,53,מועצה אזורית חבל אילות,,,,,,,,,530,,1883044330,,,,2023,,אשכול רשויות נגב מזרחי
"הר הנגב הדרומי מ""א 54",1952,,6,הדרום,62,באר שבע,627,54,מועצה אזורית הערבה התיכונה,,,,,,,,,530,,2040048240,,,,2023,,אשכול רשויות נגב מזרחי
"הר הנגב הדרומי מ""א 48",1953,,6,הדרום,62,באר שבע,627,48,מועצה אזורית רמת נגב,,,,,,,,,530,,1851048010,,,,2023,,אשכול רשויות נגב מזרחי
"חרמון מ""א 71",1960,,2,הצפון,29,גולן,291,71,מועצה אזורית גולן,,,,,,,,,530,,2685079910,,,,2023,,אשכול רשויות גליל מזרחי
"פארק הירדן מ""א 6",1961,,2,הצפון,22,כנרת,221,6,מועצה אזורית עמק הירדן,,,,,,,,,530,,,,,,2023,,אשכול רשויות הכנרת והעמקים
"גולן צפוני מ""א 71",1962,,2,הצפון,29,גולן,292,71,מועצה אזורית גולן,,,,,,,,,530,,2709077860,,,,2023,,אשכול רשויות גליל מזרחי
"גאון הירדן מ""א 3",1963,,2,הצפון,22,כנרת,222,3,מועצה אזורית הגליל התחתון,,,,,,,,,530,,,,,,2023,,אשכול רשויות הכנרת והעמקים
"גולן תיכון מ""א 71",1964,,2,הצפון,29,גולן,293,71,מועצה אזורית גולן,,,,,,,,,530,,2670076100,,,,2023,,אשכול רשויות גליל מזרחי
"גולן דרומי מ""א 71",1966,,2,הצפון,29,גולן,294,71,מועצה אזורית גולן,,,,,,,,,530,,2704074680,,,,2023,,אשכול רשויות גליל מזרחי
"נפת ג'נין מ""א 72",1970,,7,אזור יהודה ושומרון,71,ג'נין,,72,מועצה אזורית שומרון,,,,,,,,,530,,,,,,2023,,אשכול יהודה ושומרון
נפת ג'נין,1971,,7,אזור יהודה ושומרון,71,ג'נין,,,חסר מעמד מוניציפלי,,,,,,,,,530,,,,,,2023,,ללא שיוך לאשכול
"נפת שכם מ""א 72",1972,,7,אזור יהודה ושומרון,72,שכם,,72,מועצה אזורית שומרון,,,,,,,,,530,,,,,,2023,,אשכול יהודה ושומרון
נפת שכם,1973,,7,אזור יהודה ושומרון,72,שכם,,,חסר מעמד מוניציפלי,,,,,,,,,530,,,,,,2023,,ללא שיוך לאשכול
"נפת ראמאללה מ""א 73",1974,,7,אזור יהודה ושומרון,73,טול כרם,,72,מועצה אזורית שומרון,,,,,,,,,530,,,,,,2023,,אשכול יהודה ושומרון
נפת טול כרם,1975,,7,אזור יהודה ושומרון,73,טול כרם,,,חסר מעמד מוניציפלי,,,,,,,,,530,,,,,,2023,,ללא שיוך לאשכול
"נפת ראמאללה מ""א 73",1976,,7,אזור יהודה ושומרון,74,ראמאללה,,73,מועצה אזורית מטה בנימין,,,,,,,,,530,,,,,,2023,,אשכול יהודה ושומרון
נפת ראמאללה,1977,,7,אזור יהודה ושומרון,74,ראמאללה,,,חסר מעמד מוניציפלי,,,,,,,,,530,,,,,,2023,,ללא שיוך לאשכול
"נפת ירדן מ""א 74",1978,,7,אזור יהודה ושומרון,75,ירדן-יריחו,,74,מועצה אזורית מגילות ים המלח,,,,,,,,,530,,,,,,2023,,אשכול יהודה ושומרון
"נפת ירדן מ""א 75",1979,,7,אזור יהודה ושומרון,75,ירדן-יריחו,,75,מועצה אזורית ערבות הירדן,,,,,,,,,530,,,,,,2023,,אשכול יהודה ושומרון
נפת ירדן,1980,,7,אזור יהודה ושומרון,75,ירדן-יריחו,,,חסר מעמד מוניציפלי,,,,,,,,,530,,,,,,2023,,ללא שיוך לאשכול
"נפת בית לחם מ""א 76",1981,,7,אזור יהודה ושומרון,76,בית לחם,,76,מועצה אזורית גוש עציון,,,,,,,,,530,,,,,,2023,,ללא שיוך לאשכול
נפת בית לחם,1982,,7,אזור יהודה ושומרון,76,בית לחם,,,חסר מעמד מוניציפלי,,,,,,,,,530,,,,,,2023,,ללא שיוך לאשכול
"נפת חברון מ""א 78",1983,,7,אזור יהודה ושומרון,77,חברון,,78,מועצה אזורית הר חברון,,,,,,,,,530,,,,,,2023,,אשכול יהודה ושומרון
נפת חברון,1984,,7,אזור יהודה ושומרון,77,חברון,,,חסר מעמד מוניציפלי,,,,,,,,,530,,,,,,2023,,ללא שיוך לאשכול
"גמ""ל מחוז דרום",1997,,6,הדרום,62,באר שבע,623,,חסר מעמד מוניציפלי,,,,,,,,,530,,,,,,2023,,ללא שיוך לאשכול
דרום יהודה,1998,,7,אזור יהודה ושומרון,77,חברון,,,חסר מעמד מוניציפלי,,,,,,,,,530,,,,,,2023,,ללא שיוך לאשכול
השומרון,1999,,7,אזור יהודה ושומרון,71,ג'נין,,,חסר מעמד מוניציפלי,,,,,,,,,530,,2235665137,,,,2023,,ללא שיוך לאשכול
תנובות,2002,TENUVOT,4,המרכז,41,השרון,411,18,מועצה אזורית לב השרון,141,1,941,927,925,2,14,1952.0,310,1,196684690228,40,412,15000060,2023,Tenuvot,אשכול רשויות השרון
תלמי אלעזר,2003,TALME EL'AZAR,3,חיפה,32,חדרה,324,14,מועצה אזורית מנשה,,1,918,901,901,,17,1952.0,310,10,198109705718,27,351,10004261,2023,Talme El'azar,ללא שיוך לאשכול
כנות,2006,KANNOT,6,הדרום,61,אשקלון,611,33,מועצה אזורית באר טוביה,143,1,113,113,112,1,,1952.0,340,,176624634447,69,616,10001821,2023,Kannot,אשכול רשויות שורק דרומי
שדה יצחק,2008,SEDE YIZHAQ,3,חיפה,32,חדרה,324,14,מועצה אזורית מנשה,,1,719,630,629,1,89,1952.0,310,1,199601701264,31,351,15002436,2023,Sede Yizhaq,ללא שיוך לאשכול
יובל,2009,YUVAL,2,הצפון,21,צפת,211,55,מועצה אזורית מבואות החרמון,,1,829,799,796,3,30,1952.0,310,1,256129794643,245,253,10004591,2023,Yuval,אשכול רשויות גליל מזרחי
כפר בן נון,2010,KEFAR BIN NUN,4,המרכז,43,רמלה,432,30,מועצה אזורית גזר,143,1,808,785,785,,23,1952.0,310,10,195123641019,150,426,10002228,2023,Kefar Bin Nun,ללא שיוך לאשכול
ינון,2011,YINNON,6,הדרום,61,אשקלון,611,33,מועצה אזורית באר טוביה,143,1,1229,1179,1176,3,50,1952.0,310,1,179378627851,66,616,10001821,2023,Yinnon,אשכול רשויות שורק דרומי
אורות,2012,OROT,6,הדרום,61,אשקלון,611,33,מועצה אזורית באר טוביה,143,1,547,515,515,,32,1952.0,310,1,174927627827,50,616,10001821,2023,Orot,אשכול רשויות שורק דרומי
בן שמן (מושב),2013,BEN SHEMEN (MOSHAV),4,המרכז,43,רמלה,432,25,מועצה אזורית חבל מודיעין,142,1,850,847,847,,3,1952.0,310,1,192834651104,65,424,10002261,2023,Ben Shemen (Moshav),ללא שיוך לאשכול
גבעולים,2014,GIV'OLIM,6,הדרום,62,באר שבע,621,39,מועצה אזורית שדות נגב,,1,525,473,473,,52,1952.0,310,2,161163589598,120,651,10001930,2023,Giv'olim,אשכול רשויות נגב מערבי
שדי חמד,2015,SEDE HEMED,4,המרכז,42,פתח תקווה,421,20,מועצה אזורית דרום השרון,142,1,1017,1003,1003,,14,1952.0,310,1,194812674036,35,417,10002133,2023,Sede Hemed,אשכול רשויות השרון
רוויה,2016,REWAYA,2,הצפון,23,יזרעאל,231,7,מועצה אזורית עמק המעיינות,,1,472,421,418,3,51,1952.0,310,2,244748706112,-109,202,10004568,2023,Rewaya,אשכול רשויות הכנרת והעמקים
גבעת חיים (איחוד),2018,GIV'AT HAYYIM (IHUD),4,המרכז,41,השרון,411,16,מועצה אזורית עמק חפר,141,1,1227,1205,1205,,22,1932.0,330,15,193839700642,22,409,15000060,2023,Giv'at Hayyim (Ihud),ללא שיוך לאשכול
אשל הנשיא,2021,ESHEL HANASI,6,הדרום,62,באר שבע,622,42,מועצה אזורית מרחבים,344,1,153,153,152,1,,1952.0,340,,171200581686,192,651,10001893,2023,Eshel HaNasi,אשכול רשויות נגב מערבי
להב,2023,LAHAV,6,הדרום,62,באר שבע,623,41,מועצה אזורית בני שמעון,341,1,675,652,652,,23,1952.0,330,15,187514587545,455,625,10001937,2023,Lahav,אשכול רשויות נגב מערבי
אום אל-קוטוף,2024,UMM AL-QUTUF,3,חיפה,32,חדרה,323,14,מועצה אזורית מנשה,,2,1237,1237,1,1236,,,450,,205537708358,140,351,10004233,2023,Umm Al-Qutuf,ללא שיוך לאשכול
ירדנה,2026,YARDENA,2,הצפון,23,יזרעאל,231,7,מועצה אזורית עמק המעיינות,,1,516,454,454,,62,1952.0,310,1,253286719060,-236,202,10004568,2023,Yardena,אשכול רשויות הכנרת והעמקים
מדרך עוז,2029,MIDRAKH OZ,2,הצפון,23,יזרעאל,234,13,מועצה אזורית מגידו,,1,851,810,810,,41,1952.0,310,1,215156722309,127,254,10004411,2023,Midrakh Oz,אשכול רשויות הגליל והעמקים
מנוחה,2030,MENUHA,6,הדרום,61,אשקלון,611,50,מועצה אזורית לכיש,,1,781,728,728,,53,1953.0,310,1,178866618444,102,634,10001813,2023,Menuha,ללא שיוך לאשכול
בית חלקיה,2033,BET HILQIYYA,4,המרכז,44,רחובות,441,31,מועצה אזורית נחל שורק,143,1,1298,1278,1278,,20,1953.0,310,8,182257633353,66,456,15002488,2023,Bet Hilqiyya,אשכול רשויות שורק דרומי
חצור הגלילית,2034,HAZOR HAGELILIT,2,הצפון,21,צפת,213,99,מועצה מקומית,,1,11062,10961,10894,67,101,1953.0,170,,251189765405,430,259,10004540,2023,Hazor HaGelilit,אשכול רשויות גליל מזרחי
עדנים,2035,ADANIM,4,המרכז,42,פתח תקווה,421,20,מועצה אזורית דרום השרון,142,1,461,431,431,,30,1950.0,310,1,191234671814,23,417,10002133,2023,Adanim,אשכול רשויות השרון
ברקת,2038,BAREQET,4,המרכז,42,פתח תקווה,422,25,מועצה אזורית חבל מודיעין,142,1,2154,2138,2138,,16,1952.0,191,2,194893658135,81,424,10002168,2023,Bareqet,ללא שיוך לאשכול
קריית יערים (מוסד),2039,QIRYAT YE'ARIM(INSTITUTE),1,ירושלים,11,ירושלים,111,26,מועצה אזורית מטה יהודה,444,1,94,87,85,2,7,1952.0,340,,209957635433,715,151,10002475,2023,Qiryat Ye'arim(Institute),ללא שיוך לאשכול
עין גדי,2042,EN GEDI,6,הדרום,62,באר שבע,624,51,מועצה אזורית תמר,,1,716,547,529,18,169,1953.0,330,15,236590595639,-303,656,10001911,2023,En Gedi,ללא שיוך לאשכול
בחן,2043,BAHAN,4,המרכז,41,השרון,412,16,מועצה אזורית עמק חפר,141,1,1143,1130,1122,8,13,1953.0,330,15,202099695377,64,409,10002155,2023,Bahan,ללא שיוך לאשכול
מלילות,2044,MELILOT,6,הדרום,62,באר שבע,621,39,מועצה אזורית שדות נגב,,1,546,453,453,,93,1953.0,310,2,161510588786,112,651,10001930,2023,Melilot,אשכול רשויות נגב מערבי
נחלה,2045,NAHALA,6,הדרום,61,אשקלון,611,35,מועצה אזורית יואב,,1,725,701,701,,24,1953.0,310,1,180588618491,123,632,10001813,2023,Nahala,אשכול רשויות שורק דרומי
סגולה,2046,SEGULLA,6,הדרום,61,אשקלון,611,35,מועצה אזורית יואב,,1,660,619,615,4,41,1953.0,310,1,179241619770,99,632,10001813,2023,Segulla,אשכול רשויות שורק דרומי
ניר משה,2047,NIR MOSHE,6,הדרום,62,באר שבע,621,42,מועצה אזורית מרחבים,,1,551,543,543,,8,1953.0,310,1,164955598521,139,651,10001930,2023,Nir Moshe,אשכול רשויות נגב מערבי
ניר עקיבא,2048,NIR AQIVA,6,הדרום,62,באר שבע,621,42,מועצה אזורית מרחבים,,1,745,700,700,,45,1953.0,310,1,166442597670,154,651,10001930,2023,Nir Aqiva,אשכול רשויות נגב מערבי
שדה צבי,2049,SEDE ZEVI,6,הדרום,62,באר שבע,621,42,מועצה אזורית מרחבים,,1,765,744,744,,21,1953.0,310,10,172670595308,202,651,10001930,2023,Sede Zevi,אשכול רשויות נגב מערבי
"תלמי ביל""ו",2050,TALME BILU,6,הדרום,62,באר שבע,621,42,מועצה אזורית מרחבים,,1,604,530,530,,74,1953.0,310,7,166285594115,171,651,10001930,2023,Talme Bilu,אשכול רשויות נגב מערבי
רווחה,2051,REWAHA,6,הדרום,61,אשקלון,612,34,מועצה אזורית שפיר,,1,670,596,596,,74,1953.0,310,2,174776617537,84,631,10001813,2023,Rewaha,ללא שיוך לאשכול
אביטל,2052,AVITAL,2,הצפון,23,יזרעאל,234,8,מועצה אזורית הגלבוע,,1,628,580,580,,48,1953.0,310,1,229099718146,73,204,10004394,2023,Avital,אשכול רשויות הגליל והעמקים
פרזון,2053,PERAZON,2,הצפון,23,יזרעאל,234,8,מועצה אזורית הגלבוע,,1,440,398,398,,42,1953.0,310,1,229444716845,78,204,10004394,2023,Perazon,אשכול רשויות הגליל והעמקים
מיטב,2054,METAV,2,הצפון,23,יזרעאל,234,8,מועצה אזורית הגלבוע,,1,575,533,533,,42,1954.0,310,1,228508716854,72,204,10004394,2023,Metav,אשכול רשויות הגליל והעמקים
מאור,2055,MA'OR,3,חיפה,32,חדרה,324,14,מועצה אזורית מנשה,,1,1636,1605,1605,,31,1953.0,310,1,200797703411,32,351,15002436,2023,Ma'or,ללא שיוך לאשכול
שדי תרומות,2057,SEDE TERUMOT,2,הצפון,23,יזרעאל,231,7,מועצה אזורית עמק המעיינות,,1,600,564,564,,36,1951.0,310,2,245923705201,-128,202,10004568,2023,Sede Terumot,אשכול רשויות הכנרת והעמקים
"פעמי תש""ז",2059,PA'AME TASHAZ,6,הדרום,62,באר שבע,621,42,מועצה אזורית מרחבים,,1,696,604,604,,92,1953.0,310,1,170817594241,179,651,10001930,2023,Pa'ame Tashaz,אשכול רשויות נגב מערבי
ברוש,2060,BEROSH,6,הדרום,62,באר שבע,621,41,מועצה אזורית בני שמעון,344,1,570,542,542,,28,1953.0,310,1,165093586660,129,625,10001893,2023,Berosh,אשכול רשויות נגב מערבי
תדהר,2061,TIDHAR,6,הדרום,62,באר שבע,621,41,מועצה אזורית בני שמעון,344,1,773,689,689,,84,1953.0,310,1,164560587625,115,625,10001893,2023,Tidhar,אשכול רשויות נגב מערבי
תאשור,2062,TE'ASHUR,6,הדרום,62,באר שבע,621,41,מועצה אזורית בני שמעון,344,1,445,417,417,,28,1953.0,310,1,166065586800,137,625,10001893,2023,Te'ashur,אשכול רשויות נגב מערבי
דישון,2063,DISHON,2,הצפון,21,צפת,212,55,מועצה אזורית מבואות החרמון,,1,396,372,371,1,24,1953.0,310,6,248824776372,443,253,10004591,2023,Dishon,אשכול רשויות גליל מזרחי
זרועה,2064,ZERU'A,6,הדרום,62,באר שבע,621,39,מועצה אזורית שדות נגב,,1,522,518,515,3,4,1953.0,310,2,164298596420,135,651,10001930,2023,Zeru'a,אשכול רשויות נגב מערבי
טירת כרמל,2100,TIRAT KARMEL,3,חיפה,31,חיפה,311,0,עירייה,223,1,31896,31604,31274,330,292,1949.0,160,,197604740756,44,355,10004710,2023,Tirat Karmel,אשכול רשויות המפרץ
דימונה,2200,DIMONA,6,הדרום,62,באר שבע,626,0,עירייה,,1,39230,38781,37880,901,449,1955.0,160,,203387553207,453,607,10001918,2023,Dimona,אשכול רשויות נגב מזרחי
קריית טבעון,2300,QIRYAT TIV'ON,3,חיפה,31,חיפה,311,99,מועצה מקומית,222,1,18697,18473,18333,140,224,1937.0,170,,212083735636,103,306,10004207,2023,Qiryat Tiv'on,אשכול רשויות המפרץ
אור יהודה,2400,OR YEHUDA,5,תל אביב,52,תל אביב,512,0,עירייה,122,1,40143,38530,38417,113,1613,1950.0,160,,186342659652,29,510,10001516,2023,Or Yehuda,ללא שיוך לאשכול
נשר,2500,NESHER,3,חיפה,31,חיפה,311,0,עירייה,223,1,22760,22531,22112,419,229,1925.0,160,,204205741554,154,355,15005224,2023,Nesher,אשכול רשויות המפרץ
באר יעקב,2530,BE'ER YA'AQOV,4,המרכז,43,רמלה,432,0,עירייה,133,1,34601,33710,33571,139,891,1907.0,160,,184909649950,66,455,10002228,2023,Be'er Ya'aqov,ללא שיוך לאשכול
גדרה,2550,GEDERA,4,המרכז,44,רחובות,441,99,מועצה מקומית,143,1,30685,30176,30027,149,509,1884.0,160,,179285635559,57,431,15002488,2023,Gedera,אשכול רשויות שורק דרומי
ערד,2560,ARAD,6,הדרום,62,באר שבע,623,0,עירייה,,1,29323,28998,27000,1998,325,1961.0,160,,220364574137,488,610,10001911,2023,Arad,אשכול רשויות נגב מזרחי
אילת,2600,ELAT,6,הדרום,62,באר שבע,625,0,עירייה,,1,57339,54688,51342,3346,2651,1951.0,150,,194137385051,163,602,10001955,2023,Elat,ללא שיוך לאשכול
בית שמש,2610,BET SHEMESH,1,ירושלים,11,ירושלים,112,0,עירייה,444,1,167318,164487,164360,127,2831,1950.0,140,,198975626616,302,102,10002507,2023,Bet Shemesh,ללא שיוך לאשכול
קריית אונו,2620,QIRYAT ONO,5,תל אביב,52,תל אביב,512,0,עירייה,122,1,43310,42400,42338,62,910,1939.0,160,,186662663065,61,508,10001516,2023,Qiryat Ono,ללא שיוך לאשכול
קריית גת,2630,QIRYAT GAT,6,הדרום,61,אשקלון,612,0,עירייה,,1,69762,67819,67661,158,1943,1954.0,150,,177866613288,128,606,10001813,2023,Qiryat Gat,ללא שיוך לאשכול
ראש העין,2640,ROSH HAAYIN,4,המרכז,42,פתח תקווה,422,0,עירייה,142,1,77104,76296,76228,68,808,1950.0,150,,196255666822,83,418,10002168,2023,Rosh HaAyin,ללא שיוך לאשכול
רמת השרון,2650,RAMAT HASHARON,5,תל אביב,51,תל אביב,511,0,עירייה,121,1,49002,47685,47646,39,1317,1923.0,160,,185199671833,39,553,10001605,2023,Ramat HaSharon,ללא שיוך לאשכול
יבנה,2660,YAVNE,4,המרכז,44,רחובות,441,0,עירייה,143,1,57725,56884,56752,132,841,1949.0,150,,175203642744,26,404,15002488,2023,Yavne,ללא שיוך לאשכול
אום אל-פחם,2710,UMM AL-FAHM,3,חיפה,32,חדרה,323,0,עירייה,,2,59319,59268,46,59222,51,,250,,214505714034,309,354,10004249,2023,Umm al-Fahm,ללא שיוך לאשכול
טירה,2720,TIRE,4,המרכז,41,השרון,412,0,עירייה,141,2,27228,27123,56,27067,105,,260,,195988682273,61,403,10004769,2023,Tire,אשכול רשויות השרון
טייבה,2730,TAYIBE,4,המרכז,41,השרון,412,0,עירייה,141,2,46194,46113,56,46057,81,,260,,200810685697,64,402,10002155,2023,Tayibe,אשכול רשויות השרון
זבארגה (שבט),2742,ZABARGA,6,הדרום,62,באר שבע,623,,חסר מעמד מוניציפלי,,3,,,,,,,460,,203200571700,,699,,2023,Az-Zabarika,ללא שיוך לאשכול
קריית שמונה,2800,QIRYAT SHEMONA,2,הצפון,21,צפת,211,0,עירייה,,1,24254,24088,23081,1007,166,1950.0,160,,253933790871,207,217,10004591,2023,Qiryat Shemona,אשכול רשויות גליל מזרחי
ירושלים,3000,JERUSALEM,1,ירושלים,11,ירושלים,111,0,עירייה,410,4,1028366,980674,589286,391388,47692,ותיק,120,,220976632344,715,101,10002489,2023,Jerusalem,ללא שיוך לאשכול
כפר עציון,3488,KEFAR EZYON,7,אזור יהודה ושומרון,76,בית לחם,,76,מועצה אזורית גוש עציון,445,1,1168,1152,1119,33,16,1967.0,330,3,211038617453,934,714,15000586,2023,Kefar Ezyon,ללא שיוך לאשכול
נתיב הגדוד,3555,NETIV HAGEDUD,7,אזור יהודה ושומרון,75,ירדן-יריחו,,75,מועצה אזורית ערבות הירדן,,1,214,208,208,,6,1976.0,310,1,242152655081,-221,712,10003299,2023,Netiv HaGedud,אשכול יהודה ושומרון
אלמוג,3556,ALMOG,7,אזור יהודה ושומרון,75,ירדן-יריחו,,74,מועצה אזורית מגילות ים המלח,,1,306,289,289,,17,1977.0,330,15,243781632942,-278,713,10003314,2023,Almog,אשכול יהודה ושומרון
קדומים,3557,QEDUMIM,7,אזור יהודה ושומרון,73,טול כרם,,99,מועצה מקומית,145,1,4539,4529,4529,,10,1977.0,190,,215343680643,417,721,15004488,2023,Qedumim,אשכול יהודה ושומרון
תומר,3558,TOMER,7,אזור יהודה ושומרון,75,ירדן-יריחו,,75,מועצה אזורית ערבות הירדן,,1,420,376,376,,44,1978.0,310,1,241601658417,-228,712,10003299,2023,Tomer,אשכול יהודה ושומרון
אלקנה,3560,ELQANA,7,אזור יהודה ושומרון,73,טול כרם,,99,מועצה מקומית,145,1,4392,4364,4364,,28,1977.0,190,,203631668682,228,702,15004488,2023,Elqana,אשכול יהודה ושומרון
מגדל עוז,3561,MIGDAL OZ,7,אזור יהודה ושומרון,76,בית לחם,,76,מועצה אזורית גוש עציון,445,1,575,564,564,,11,1977.0,330,3,213595616417,938,714,15000586,2023,Migdal Oz,ללא שיוך לאשכול
תקוע,3563,TEQOA,7,אזור יהודה ושומרון,76,בית לחם,,76,מועצה אזורית גוש עציון,445,1,4688,4669,4668,1,19,1977.0,190,,221894617533,646,714,15000586,2023,Teqoa,ללא שיוך לאשכול
כוכב השחר,3564,KOKHAV HASHAHAR,7,אזור יהודה ושומרון,74,ראמאללה,,73,מועצה אזורית מטה בנימין,445,1,2754,2741,2741,,13,1977.0,190,11,233146651874,574,711,10003299,2023,Kokhav HaShahar,אשכול יהודה ושומרון
רימונים,3565,RIMMONIM,7,אזור יהודה ושומרון,74,ראמאללה,,73,מועצה אזורית מטה בנימין,445,1,707,706,701,5,1,1977.0,370,10,232346648997,669,711,10003299,2023,Rimmonim,אשכול יהודה ושומרון
יפית,3566,YAFIT,7,אזור יהודה ושומרון,75,ירדן-יריחו,,75,מועצה אזורית ערבות הירדן,,1,279,276,276,,3,1980.0,310,1,244901663404,-243,712,10003299,2023,Yafit,אשכול יהודה ושומרון
סלעית,3567,SAL'IT,7,אזור יהודה ושומרון,73,טול כרם,,72,מועצה אזורית שומרון,145,1,1437,1436,1436,,1,1977.0,310,9,204958683214,248,710,15004488,2023,Sal'it,אשכול יהודה ושומרון
ריחן,3568,REHAN,7,אזור יהודה ושומרון,71,ג'נין,,72,מועצה אזורית שומרון,,1,499,499,499,,,1977.0,320,6,213042708238,363,710,15004488,2023,Rehan,אשכול יהודה ושומרון
מבוא דותן,3569,MEVO DOTAN,7,אזור יהודה ושומרון,71,ג'נין,,72,מועצה אזורית שומרון,,1,683,681,681,,2,1978.0,370,11,216662702986,314,710,15004488,2023,Mevo Dotan,אשכול יהודה ושומרון
אריאל,3570,ARI'EL,7,אזור יהודה ושומרון,73,טול כרם,,0,עירייה,145,1,21841,21590,20909,681,251,1978.0,160,,217856667882,520,701,15004488,2023,Ari'el,ללא שיוך לאשכול
שבי שומרון,3571,SHAVE SHOMERON,7,אזור יהודה ושומרון,72,שכם,,72,מועצה אזורית שומרון,,1,1110,1109,1109,,1,1977.0,370,11,217639685552,335,710,15004488,2023,Shave Shomeron,אשכול יהודה ושומרון
כפר תפוח,3572,KEFAR TAPPUAH,7,אזור יהודה ושומרון,73,טול כרם,,72,מועצה אזורית שומרון,,1,1606,1605,1605,,1,1978.0,370,2,223764669483,653,710,15004488,2023,Kefar Tappuah,אשכול יהודה ושומרון
נווה צוף,3573,NEVE TSUF,7,אזור יהודה ושומרון,74,ראמאללה,,73,מועצה אזורית מטה בנימין,145,1,1439,1434,1434,,5,1977.0,370,11,212117657033,557,711,10004054,2023,Neve Tsuf,אשכול יהודה ושומרון
בית אל,3574,BET EL,7,אזור יהודה ושומרון,74,ראמאללה,,99,מועצה מקומית,445,1,6040,6022,6022,,18,1977.0,180,,221211649865,853,722,10003299,2023,Bet El,אשכול יהודה ושומרון
בית חורון,3575,BET HORON,7,אזור יהודה ושומרון,74,ראמאללה,,73,מועצה אזורית מטה בנימין,445,1,1496,1493,1493,,3,1977.0,370,11,212099642804,629,711,10004054,2023,Bet Horon,אשכול יהודה ושומרון
מצפה יריחו,3576,MIZPE YERIHO,7,אזור יהודה ושומרון,75,ירדן-יריחו,,73,מועצה אזורית מטה בנימין,445,1,2895,2885,2885,,10,1978.0,190,11,237435635949,157,711,10003314,2023,Mizpe Yeriho,אשכול יהודה ושומרון
שדמות מחולה,3578,SHADMOT MEHOLA,7,אזור יהודה ושומרון,75,ירדן-יריחו,,75,מועצה אזורית ערבות הירדן,,1,731,710,710,,21,1979.0,320,2,250441694843,-190,712,10003299,2023,Shadmot Mehola,אשכול יהודה ושומרון
אלון מורה,3579,ELON MORE,7,אזור יהודה ושומרון,72,שכם,,72,מועצה אזורית שומרון,,1,2161,2156,2156,,5,1979.0,190,11,231496682306,662,710,15004488,2023,Elon More,אשכול יהודה ושומרון
ארגמן,3598,ARGAMAN,7,אזור יהודה ושומרון,75,ירדן-יריחו,,75,מועצה אזורית ערבות הירדן,,1,160,158,158,,2,1968.0,310,9,249518675505,-181,712,10003299,2023,Argaman,אשכול יהודה ושומרון
מחולה,3599,MEHOLA,7,אזור יהודה ושומרון,75,ירדן-יריחו,,75,מועצה אזורית ערבות הירדן,,1,760,752,752,,8,1968.0,310,2,248660696920,-177,712,10003299,2023,Mehola,אשכול יהודה ושומרון
קליה,3601,QALYA,7,אזור יהודה ושומרון,75,ירדן-יריחו,,74,מועצה אזורית מגילות ים המלח,,1,550,519,518,1,31,1968.0,330,15,244344628653,-361,713,10003314,2023,Qalya,אשכול יהודה ושומרון
ראש צורים,3602,ROSH ZURIM,7,אזור יהודה ושומרון,76,בית לחם,,76,מועצה אזורית גוש עציון,445,1,1115,1108,1108,,7,1969.0,330,3,211933619501,918,714,15000586,2023,Rosh Zurim,ללא שיוך לאשכול
הר גילה,3603,HAR GILLO,7,אזור יהודה ושומרון,76,בית לחם,,76,מועצה אזורית גוש עציון,445,1,1651,1647,1619,28,4,1972.0,370,19,216038625638,891,714,10002521,2023,Har Gillo,ללא שיוך לאשכול
אלון שבות,3604,ALLON SHEVUT,7,אזור יהודה ושומרון,76,בית לחם,,76,מועצה אזורית גוש עציון,445,1,3267,3240,3240,,27,1970.0,190,,212026618052,953,714,15000586,2023,Allon Shevut,ללא שיוך לאשכול
משואה,3605,MASSU'A,7,אזור יהודה ושומרון,75,ירדן-יריחו,,75,מועצה אזורית ערבות הירדן,,1,434,403,396,7,31,1970.0,310,6,246492668848,-251,712,10003299,2023,Massu'a,אשכול יהודה ושומרון
גלגל,3606,GILGAL,7,אזור יהודה ושומרון,75,ירדן-יריחו,,75,מועצה אזורית ערבות הירדן,,1,209,197,174,23,12,1970.0,330,15,242368656288,-249,712,10003299,2023,Gilgal,אשכול יהודה ושומרון
"ייט""ב",3607,YITAV,7,אזור יהודה ושומרון,75,ירדן-יריחו,,75,מועצה אזורית ערבות הירדן,,1,199,185,184,1,14,1970.0,320,15,240174650518,-108,712,10003299,2023,Yitav,אשכול יהודה ושומרון
מעלה אפרים,3608,MA'ALE EFRAYIM,7,אזור יהודה ושומרון,75,ירדן-יריחו,,99,מועצה מקומית,,1,1695,1691,1684,7,4,1970.0,350,,238300664237,178,707,10003299,2023,Ma'ale Efrayim,ללא שיוך לאשכול
חמרה,3609,HAMRA,7,אזור יהודה ושומרון,75,ירדן-יריחו,,75,מועצה אזורית ערבות הירדן,,1,271,238,238,,33,1971.0,310,10,241290678378,-46,712,10003299,2023,Hamra,אשכול יהודה ושומרון
מצפה שלם,3610,MIZPE SHALEM,7,אזור יהודה ושומרון,75,ירדן-יריחו,,74,מועצה אזורית מגילות ים המלח,,1,279,265,265,,14,1971.0,330,15,238095608392,-302,713,10003314,2023,Mizpe Shalem,אשכול יהודה ושומרון
קריית ארבע,3611,QIRYAT ARBA,7,אזור יהודה ושומרון,77,חברון,,99,מועצה מקומית,,1,7572,7545,7543,2,27,1972.0,180,,211271604818,913,709,15003512,2023,Qiryat Arba,אשכול יהודה ושומרון
בקעות,3612,BEQA'OT,7,אזור יהודה ושומרון,75,ירדן-יריחו,,75,מועצה אזורית ערבות הירדן,,1,247,230,230,,17,1972.0,310,10,242891683279,79,712,10003299,2023,Beqa'ot,אשכול יהודה ושומרון
גיתית,3613,GITTIT,7,אזור יהודה ושומרון,75,ירדן-יריחו,,75,מועצה אזורית ערבות הירדן,,1,567,566,566,,1,1973.0,310,9,237596667649,300,712,10003299,2023,Gittit,אשכול יהודה ושומרון
מכורה,3614,MEKHORA,7,אזור יהודה ושומרון,75,ירדן-יריחו,,75,מועצה אזורית ערבות הירדן,,1,250,238,238,,12,1973.0,310,10,240103674639,220,712,10003299,2023,Mekhora,אשכול יהודה ושומרון
פצאל,3615,PEZA'EL,7,אזור יהודה ושומרון,75,ירדן-יריחו,,75,מועצה אזורית ערבות הירדן,,1,534,444,442,2,90,1975.0,310,1,241921661231,-235,712,10003299,2023,Peza'el,אשכול יהודה ושומרון
מעלה אדומים,3616,MA'ALE ADUMMIM,7,אזור יהודה ושומרון,76,בית לחם,,0,עירייה,445,1,36680,36505,36418,87,175,1975.0,160,,229199631963,330,706,10003314,2023,Ma'ale Adummim,אשכול יהודה ושומרון
עפרה,3617,OFRA,7,אזור יהודה ושומרון,74,ראמאללה,,73,מועצה אזורית מטה בנימין,445,1,3191,3181,3181,,10,1975.0,190,,224836651215,830,711,10003299,2023,Ofra,אשכול יהודה ושומרון
אלעזר,3618,EL'AZAR,7,אזור יהודה ושומרון,76,בית לחם,,76,מועצה אזורית גוש עציון,445,1,2567,2559,2559,,8,1975.0,190,,213468618749,926,714,15000586,2023,El'azar,ללא שיוך לאשכול
רועי,3619,RO'I,7,אזור יהודה ושומרון,75,ירדן-יריחו,,75,מועצה אזורית ערבות הירדן,,1,154,146,145,1,8,1976.0,310,10,246301683806,31,712,10003299,2023,Ro'i,אשכול יהודה ושומרון
נערן,3620,NA'ARAN,7,אזור יהודה ושומרון,75,ירדן-יריחו,,75,מועצה אזורית ערבות הירדן,,1,146,141,141,,5,1977.0,330,15,243165652774,-182,712,10003299,2023,Na'aran,אשכול יהודה ושומרון
כפר אדומים,3638,KEFAR ADUMMIM,7,אזור יהודה ושומרון,74,ראמאללה,,73,מועצה אזורית מטה בנימין,445,1,5019,5006,5005,1,13,1979.0,180,,232104637134,285,711,10003314,2023,Kefar Adummim,אשכול יהודה ושומרון
ורד יריחו,3639,WERED YERIHO,7,אזור יהודה ושומרון,75,ירדן-יריחו,,74,מועצה אזורית מגילות ים המלח,,1,416,409,409,,7,1980.0,310,10,241101637102,-158,713,10003314,2023,Wered Yeriho,אשכול יהודה ושומרון
קרני שומרון,3640,QARNE SHOMERON,7,אזור יהודה ושומרון,73,טול כרם,,99,מועצה מקומית,145,1,10354,10314,10304,10,40,1978.0,170,,208856675109,317,717,15004488,2023,Qarne Shomeron,אשכול יהודה ושומרון
שילה,3641,SHILO,7,אזור יהודה ושומרון,74,ראמאללה,,73,מועצה אזורית מטה בנימין,,1,5737,5721,5721,,16,1979.0,180,,228549662192,719,711,10003299,2023,Shilo,אשכול יהודה ושומרון
חיננית,3643,HINNANIT,7,אזור יהודה ושומרון,71,ג'נין,,72,מועצה אזורית שומרון,,1,1705,1705,1705,,,1981.0,370,13,215978709701,395,710,15004488,2023,Hinnanit,אשכול יהודה ושומרון
גבעון החדשה,3644,GIV'ON HAHADASHA,7,אזור יהודה ושומרון,74,ראמאללה,,73,מועצה אזורית מטה בנימין,445,1,1189,1185,1107,78,4,1980.0,370,11,215084639466,795,711,10002489,2023,Giv'on HaHadasha,אשכול יהודה ושומרון
בית הערבה,3645,BET HAARAVA,7,אזור יהודה ושומרון,75,ירדן-יריחו,,74,מועצה אזורית מגילות ים המלח,,1,565,546,546,,19,1980.0,330,15,245225635058,-301,713,10003314,2023,Bet HaArava,אשכול יהודה ושומרון
חמדת,3646,HEMDAT,7,אזור יהודה ושומרון,75,ירדן-יריחו,,75,מועצה אזורית ערבות הירדן,,1,386,384,384,,2,1980.0,370,11,249776684234,147,712,10003299,2023,Hemdat,אשכול יהודה ושומרון
יקיר,3647,YAQIR,7,אזור יהודה ושומרון,73,טול כרם,,72,מועצה אזורית שומרון,145,1,2719,2719,2719,,,1981.0,190,11,210719672848,384,710,15004488,2023,Yaqir,אשכול יהודה ושומרון
מתתיהו,3648,MATTITYAHU,7,אזור יהודה ושומרון,74,ראמאללה,,73,מועצה אזורית מטה בנימין,,1,1144,881,881,,263,1981.0,320,8,203254648538,265,711,10004054,2023,Mattityahu,אשכול יהודה ושומרון
שקד,3649,SHAQED,7,אזור יהודה ושומרון,71,ג'נין,,72,מועצה אזורית שומרון,,1,1147,1145,1145,,2,1981.0,370,9,216097708807,405,710,15004488,2023,Shaqed,אשכול יהודה ושומרון
אפרת,3650,EFRAT,7,אזור יהודה ושומרון,76,בית לחם,,99,מועצה מקומית,445,1,12300,12158,12158,,142,1980.0,170,,215152619308,839,704,15000586,2023,Efrat,ללא שיוך לאשכול
מעלה מכמש,3651,MA'ALE MIKHMAS,7,אזור יהודה ושומרון,74,ראמאללה,,73,מועצה אזורית מטה בנימין,445,1,2131,2078,2078,,53,1981.0,190,11,229275642878,587,711,10003299,2023,Ma'ale Mikhmas,אשכול יהודה ושומרון
בית אריה-עופרים,3652,BET ARYE-OFARIM,7,אזור יהודה ושומרון,74,ראמאללה,,99,מועצה מקומית,145,1,5516,5493,5480,13,23,1981.0,180,,204860660002,295,719,10004054,2023,Bet Arye-Ofarim,ללא שיוך לאשכול
מעלה עמוס,3653,MA'ALE AMOS,7,אזור יהודה ושומרון,76,בית לחם,,76,מועצה אזורית גוש עציון,,1,1279,1278,1278,,1,1981.0,370,9,221504611886,745,714,15000586,2023,Ma'ale Amos,ללא שיוך לאשכול
ברקן,3654,BARQAN,7,אזור יהודה ושומרון,73,טול כרם,,72,מועצה אזורית שומרון,145,1,2169,2155,2154,1,14,1981.0,190,9,210148668352,441,710,15004488,2023,Barqan,אשכול יהודה ושומרון
"ניל""י",3655,NILI,7,אזור יהודה ושומרון,74,ראמאללה,,73,מועצה אזורית מטה בנימין,145,1,2203,2202,2200,2,1,1981.0,190,11,204545652224,324,711,10004054,2023,Nili,אשכול יהודה ושומרון
כרמל,3656,KARMEL,7,אזור יהודה ושומרון,77,חברון,,78,מועצה אזורית הר חברון,,1,632,621,621,,11,1981.0,320,11,217399593284,712,715,15003512,2023,Karmel,אשכול יהודה ושומרון
מעון,3657,MA'ON,7,אזור יהודה ושומרון,77,חברון,,78,מועצה אזורית הר חברון,,1,749,746,746,,3,1981.0,320,11,215597591309,773,715,15003512,2023,Ma'on,אשכול יהודה ושומרון
עטרת,3658,ATERET,7,אזור יהודה ושומרון,74,ראמאללה,,73,מועצה אזורית מטה בנימין,,1,716,716,716,,,1981.0,370,11,216870656395,696,711,10003299,2023,Ateret,אשכול יהודה ושומרון
פסגות,3659,PESAGOT,7,אזור יהודה ושומרון,74,ראמאללה,,73,מועצה אזורית מטה בנימין,445,1,2208,2202,2202,,6,1981.0,190,11,221397645086,850,711,10003299,2023,Pesagot,אשכול יהודה ושומרון
עמנואל,3660,IMMANU'EL,7,אזור יהודה ושומרון,73,טול כרם,,99,מועצה מקומית,145,1,5451,5447,5447,,4,1983.0,180,,213225674333,363,708,15004488,2023,Immanu'el,אשכול יהודה ושומרון
מבוא חורון,3709,MEVO HORON,7,אזור יהודה ושומרון,74,ראמאללה,,73,מועצה אזורית מטה בנימין,,1,2590,2579,2579,,11,1970.0,192,8,203456639605,243,711,10004054,2023,Mevo Horon,אשכול יהודה ושומרון
ברכה,3710,BERAKHA,7,אזור יהודה ושומרון,72,שכם,,72,מועצה אזורית שומרון,,1,3394,3393,3375,18,1,1983.0,190,11,225190677708,847,710,15004488,2023,Berakha,אשכול יהודה ושומרון
ענב,3712,ENAV,7,אזור יהודה ושומרון,73,טול כרם,,72,מועצה אזורית שומרון,,1,1172,1169,1169,,3,1981.0,370,11,212060687841,291,710,15004488,2023,Enav,אשכול יהודה ושומרון
"נעמ""ה",3713,NA'AMA,7,אזור יהודה ושומרון,75,ירדן-יריחו,,75,מועצה אזורית ערבות הירדן,,1,311,284,282,2,27,1982.0,310,1,244368646004,-194,712,10003299,2023,Na'ama,אשכול יהודה ושומרון
עלמון,3715,ALMON,7,אזור יהודה ושומרון,74,ראמאללה,,73,מועצה אזורית מטה בנימין,445,1,1513,1510,1508,2,3,1982.0,370,11,227995637454,515,711,10003314,2023,Almon,אשכול יהודה ושומרון
חרמש,3717,HERMESH,7,אזור יהודה ושומרון,71,ג'נין,,72,מועצה אזורית שומרון,,1,284,283,283,,1,1982.0,370,9,211418703272,239,710,15004488,2023,Hermesh,אשכול יהודה ושומרון
תלם,3719,TELEM,7,אזור יהודה ושומרון,77,חברון,,78,מועצה אזורית הר חברון,,1,581,581,581,,,1982.0,320,9,203046607897,674,715,15003512,2023,Telem,אשכול יהודה ושומרון
אשכולות,3722,ESHKOLOT,7,אזור יהודה ושומרון,77,חברון,,78,מועצה אזורית הר חברון,,1,635,635,635,,,1982.0,370,11,190756588870,566,715,15003512,2023,Eshkolot,אשכול יהודה ושומרון
פני חבר,3723,PENE HEVER,7,אזור יהודה ושומרון,77,חברון,,78,מועצה אזורית הר חברון,,1,622,619,619,,3,1982.0,370,11,215753599332,792,715,15003512,2023,Pene Hever,אשכול יהודה ושומרון
נגוהות,3724,NEGOHOT,7,אזור יהודה ושומרון,77,חברון,,78,מועצה אזורית הר חברון,,1,534,532,532,,2,1999.0,370,,198460600131,674,715,15003512,2023,Negohot,אשכול יהודה ושומרון
נווה דניאל,3725,NEWE DANIYYEL,7,אזור יהודה ושומרון,76,בית לחם,,76,מועצה אזורית גוש עציון,445,1,2433,2421,2421,,12,1982.0,190,2,213671620613,949,714,15000586,2023,Newe Daniyyel,ללא שיוך לאשכול
נוקדים,3726,NOQEDIM,7,אזור יהודה ושומרון,76,בית לחם,,76,מועצה אזורית גוש עציון,445,1,3327,3324,3324,,3,1982.0,190,11,223612617415,570,714,15000586,2023,Noqedim,ללא שיוך לאשכול
עלי זהב,3727,ALE ZAHAV,7,אזור יהודה ושומרון,73,טול כרם,,72,מועצה אזורית שומרון,145,1,5253,5252,5251,1,1,1982.0,180,9,205627664130,350,710,15004488,2023,Ale Zahav,אשכול יהודה ושומרון
גבעת זאב,3730,GIV'AT ZE'EV,7,אזור יהודה ושומרון,74,ראמאללה,,99,מועצה מקומית,445,1,24193,23645,23613,32,548,1983.0,160,,215911640344,732,705,10002489,2023,Giv'at Ze'ev,אשכול יהודה ושומרון
טנא,3743,TENE,7,אזור יהודה ושומרון,77,חברון,,78,מועצה אזורית הר חברון,,1,1094,1094,1094,,,1983.0,370,11,195883587003,554,715,15003512,2023,Tene,אשכול יהודה ושומרון
ברוכין,3744,BRUKHIN,7,אזור יהודה ושומרון,73,טול כרם,,72,מועצה אזורית שומרון,,1,2793,2793,2793,,,2012.0,190,2,208695665360,382,710,15004488,2023,Brukhin,אשכול יהודה ושומרון
מצדות יהודה,3745,MEZADOT YEHUDA,7,אזור יהודה ושומרון,77,חברון,,78,מועצה אזורית הר חברון,,1,796,782,782,,14,1983.0,320,11,210719585872,873,715,15003512,2023,Mezadot Yehuda,אשכול יהודה ושומרון
קריית נטפים,3746,QIRYAT NETAFIM,7,אזור יהודה ושומרון,73,טול כרם,,72,מועצה אזורית שומרון,145,1,880,878,878,,2,1983.0,370,2,210794669260,431,710,15004488,2023,Qiryat Netafim,אשכול יהודה ושומרון
דולב,3747,DOLEV,7,אזור יהודה ושומרון,74,ראמאללה,,73,מועצה אזורית מטה בנימין,,1,1598,1592,1592,,6,1983.0,370,11,212719648166,557,711,10004054,2023,Dolev,אשכול יהודה ושומרון
עתניאל,3748,OTNI'EL,7,אזור יהודה ושומרון,77,חברון,,78,מועצה אזורית הר חברון,,1,1016,1015,1015,,1,1983.0,370,11,202798594163,699,715,15003512,2023,Otni'el,אשכול יהודה ושומרון
יצהר,3749,YIZHAR,7,אזור יהודה ושומרון,72,שכם,,72,מועצה אזורית שומרון,,1,2304,2303,2303,,1,1983.0,190,11,222571674953,760,710,15004488,2023,Yizhar,אשכול יהודה ושומרון
אלפי מנשה,3750,ALFE MENASHE,7,אזור יהודה ושומרון,73,טול כרם,,99,מועצה מקומית,145,1,8126,8088,8088,,38,1983.0,180,,201453675588,185,703,15004488,2023,Alfe Menashe,אשכול יהודה ושומרון
מגדלים,3751,MIGDALIM,7,אזור יהודה ושומרון,72,שכם,,72,מועצה אזורית שומרון,,1,700,700,700,,,1983.0,370,11,232484666373,774,710,15004488,2023,Migdalim,אשכול יהודה ושומרון
מעלה לבונה,3752,MA'ALE LEVONA,7,אזור יהודה ושומרון,74,ראמאללה,,73,מועצה אזורית מטה בנימין,,1,967,967,967,,,1983.0,370,11,222823662406,736,711,10003299,2023,Ma'ale Levona,אשכול יהודה ושומרון
אספר,3754,ASFAR,7,אזור יהודה ושומרון,77,חברון,,76,מועצה אזורית גוש עציון,,1,1362,1361,1361,,1,1983.0,370,8,217840610415,927,714,15000586,2023,Asfar,ללא שיוך לאשכול
סוסיה,3756,SUSEYA,7,אזור יהודה ושומרון,77,חברון,,78,מועצה אזורית הר חברון,,1,1567,1544,1544,,23,1983.0,370,11,210809588916,798,715,15003512,2023,Suseya,אשכול יהודה ושומרון
אדורה,3759,ADORA,7,אזור יהודה ושומרון,77,חברון,,78,מועצה אזורית הר חברון,,1,534,533,533,,1,1984.0,370,9,201758606677,639,715,15003512,2023,Adora,אשכול יהודה ושומרון
אורנית,3760,ORANIT,7,אזור יהודה ושומרון,73,טול כרם,,99,מועצה מקומית,145,1,10055,10023,9999,24,32,1985.0,170,,199541670871,125,718,15004488,2023,Oranit,אשכול יהודה ושומרון
איתמר,3762,ITAMAR,7,אזור יהודה ושומרון,72,שכם,,72,מועצה אזורית שומרון,,1,1670,1669,1668,1,1,1984.0,370,11,229214675568,613,710,15004488,2023,Itamar,אשכול יהודה ושומרון
גבע בנימין,3763,GEVA BINYAMIN,7,אזור יהודה ושומרון,74,ראמאללה,,73,מועצה אזורית מטה בנימין,445,1,5827,5813,5790,23,14,1984.0,180,,226213639674,571,711,10003299,2023,Geva Binyamin,אשכול יהודה ושומרון
חגי,3764,HAGGAY,7,אזור יהודה ושומרון,77,חברון,,78,מועצה אזורית הר חברון,,1,863,863,863,,,1984.0,370,11,207619600110,854,715,15003512,2023,Haggay,אשכול יהודה ושומרון
עלי,3765,ELI,7,אזור יהודה ושומרון,72,שכם,,73,מועצה אזורית מטה בנימין,,1,4746,4732,4729,3,14,1984.0,190,,225364664359,705,711,10003299,2023,Eli,אשכול יהודה ושומרון
כרמי צור,3766,KARME ZUR,7,אזור יהודה ושומרון,77,חברון,,76,מועצה אזורית גוש עציון,,1,1003,1000,1000,,3,1984.0,370,2,209583612947,936,714,15000586,2023,Karme Zur,ללא שיוך לאשכול
נחליאל,3767,NAHALI'EL,7,אזור יהודה ושומרון,74,ראמאללה,,73,מועצה אזורית מטה בנימין,,1,724,722,722,,2,1984.0,370,8,213299653480,557,711,10004054,2023,Nahali'el,אשכול יהודה ושומרון
פדואל,3768,PEDU'EL,7,אזור יהודה ושומרון,73,טול כרם,,72,מועצה אזורית שומרון,145,1,2214,2210,2210,,4,1984.0,190,2,205113663231,370,710,15004488,2023,Pedu'el,אשכול יהודה ושומרון
הר אדר,3769,HAR ADAR,7,אזור יהודה ושומרון,74,ראמאללה,,99,מועצה מקומית,445,1,4389,4362,4348,14,27,1986.0,190,,212327637113,825,720,10002475,2023,Har Adar,אשכול יהודה ושומרון
חשמונאים,3770,HASHMONA'IM,7,אזור יהודה ושומרון,74,ראמאללה,,73,מועצה אזורית מטה בנימין,,1,3122,2988,2988,,134,1985.0,190,,202368648728,252,711,10004054,2023,Hashmona'im,אשכול יהודה ושומרון
סנסנה,3777,SANSANA,7,אזור יהודה ושומרון,77,חברון,,78,מועצה אזורית הר חברון,,1,842,825,825,,17,2013.0,370,11,190691585676,522,715,10001937,2023,Sansana,אשכול יהודה ושומרון
כוכב יעקב,3779,KOKHAV YA'AQOV,7,אזור יהודה ושומרון,74,ראמאללה,,73,מועצה אזורית מטה בנימין,445,1,3763,3746,3746,,17,1985.0,190,,223421643009,747,711,10003299,2023,Kokhav Ya'aqov,אשכול יהודה ושומרון
ביתר עילית,3780,BETAR ILLIT,7,אזור יהודה ושומרון,76,בית לחם,,0,עירייה,445,1,69281,68795,68795,,486,1985.0,150,,210740622482,702,716,15000586,2023,Betar Illit,ללא שיוך לאשכול
קדר,3781,QEDAR,7,אזור יהודה ושומרון,76,בית לחם,,76,מועצה אזורית גוש עציון,445,1,1535,1533,1533,,2,1985.0,370,9,229386628934,449,714,10003314,2023,Qedar,ללא שיוך לאשכול
רותם,3782,ROTEM,7,אזור יהודה ושומרון,75,ירדן-יריחו,,75,מועצה אזורית ערבות הירדן,,1,311,303,303,,8,1983.0,370,,249081693730,-66,712,10003299,2023,Rotem,אשכול יהודה ושומרון
שמעה,3784,SHIM'A,7,אזור יהודה ושומרון,77,חברון,,78,מועצה אזורית הר חברון,,1,1015,1013,1013,,2,1985.0,370,11,201225588444,608,715,15003512,2023,Shim'a,אשכול יהודה ושומרון
משכיות,3785,MASKIYYOT,7,אזור יהודה ושומרון,75,ירדן-יריחו,,75,מועצה אזורית ערבות הירדן,,1,389,389,389,,,1986.0,370,,247650691591,-46,712,10003299,2023,Maskiyyot,אשכול יהודה ושומרון
אבנת,3786,AVENAT,7,אזור יהודה ושומרון,75,ירדן-יריחו,,74,מועצה אזורית מגילות ים המלח,,1,271,271,271,,,1983.0,370,,241473620687,-352,713,10003314,2023,Avenat,אשכול יהודה ושומרון
נעלה,3787,NA'ALE,7,אזור יהודה ושומרון,74,ראמאללה,,73,מועצה אזורית מטה בנימין,145,1,2834,2833,2832,1,1,1988.0,190,,206140652254,395,711,10004054,2023,Na'ale,אשכול יהודה ושומרון
טלמון,3788,TALMON,7,אזור יהודה ושומרון,74,ראמאללה,,73,מועצה אזורית מטה בנימין,,1,5915,5912,5912,,3,1989.0,180,,212819649535,561,711,10004054,2023,Talmon,אשכול יהודה ושומרון
נופים,3790,NOFIM,7,אזור יהודה ושומרון,73,טול כרם,,72,מועצה אזורית שומרון,145,1,1392,1389,1386,3,3,1987.0,350,,209764673515,387,710,15004488,2023,Nofim,אשכול יהודה ושומרון
צופים,3791,ZUFIM,7,אזור יהודה ושומרון,73,טול כרם,,72,מועצה אזורית שומרון,145,1,2568,2557,2556,1,11,1989.0,190,,201149678366,154,710,15004488,2023,Zufim,אשכול יהודה ושומרון
אבני חפץ,3793,AVNE HEFEZ,7,אזור יהודה ושומרון,73,טול כרם,,72,מועצה אזורית שומרון,,1,2454,2452,2452,,2,1990.0,190,11,207071687954,204,710,15004488,2023,Avne Hefez,אשכול יהודה ושומרון
בת עין,3794,BAT AYIN,7,אזור יהודה ושומרון,76,בית לחם,,76,מועצה אזורית גוש עציון,445,1,1869,1863,1863,,6,1989.0,370,11,209641618424,805,714,15000586,2023,Bat Ayin,ללא שיוך לאשכול
רבבה,3795,REVAVA,7,אזור יהודה ושומרון,72,שכם,,72,מועצה אזורית שומרון,145,1,3195,3191,3191,,4,1991.0,190,11,212275669485,423,710,15004488,2023,Revava,אשכול יהודה ושומרון
כפר האורנים,3796,KEFAR HAORANIM,7,אזור יהודה ושומרון,74,ראמאללה,,73,מועצה אזורית מטה בנימין,,1,2342,2337,2336,1,5,1998.0,190,,203623647427,299,711,10004054,2023,Kefar HaOranim,אשכול יהודה ושומרון
מודיעין עילית,3797,MODI'IN ILLIT,7,אזור יהודה ושומרון,74,ראמאללה,,0,עירייה,,1,87486,87157,87157,,329,1996.0,150,,204275648787,294,730,10004054,2023,Modi'in Illit,אשכול יהודה ושומרון
תל ציון,3815,TEL TSIYON,7,אזור יהודה ושומרון,74,ראמאללה,,73,מועצה אזורית מטה בנימין,445,1,6692,6689,6689,,3,2023.0,180,,222687642963,,711,10003299,2023,Tel Tsiyon,אשכול יהודה ושומרון
רחלים,3822,REHELIM,7,אזור יהודה ושומרון,72,שכם,,72,מועצה אזורית שומרון,,1,1189,1189,1189,,,2013.0,370,11,224415667675,554,710,15004488,2023,Rehelim,אשכול יהודה ושומרון
גני מודיעין,3823,GANNE MODI'IN,7,אזור יהודה ושומרון,74,ראמאללה,,73,מועצה אזורית מטה בנימין,,1,3239,3227,3226,1,12,1996.0,190,,201756648472,236,711,10004054,2023,Ganne Modi'in,אשכול יהודה ושומרון
עמיחי,3824,AMMIHAY,7,אזור יהודה ושומרון,74,ראמאללה,,73,מועצה אזורית מטה בנימין,,1,368,368,368,,,2018.0,370,,231080661373,754,711,10003299,2023,Ammihay,אשכול יהודה ושומרון
מבואות יריחו,3825,MEVO'OT YERIHO,7,אזור יהודה ושומרון,75,ירדן-יריחו,,75,מועצה אזורית ערבות הירדן,,1,538,538,538,,,2019.0,370,,239669645897,-104,712,10003299,2023,Mevo'ot Yeriho,אשכול יהודה ושומרון
שער שומרון,3826,SHA'AR SHOMRON,7,אזור יהודה ושומרון,73,טול כרם,,99,מועצה מקומית,145,1,8839,8801,8798,3,38,2022.0,180,,203164669834,195,710,15004488,2023,Sha'ar Shomron,אשכול יהודה ושומרון
חיפה,4000,HAIFA,3,חיפה,31,חיפה,311,0,עירייה,210,4,298312,291621,251744,39877,6691,ותיק,130,,201177745467,96,304,10004171,2023,Haifa,ללא שיוך לאשכול
בוקעאתא,4001,BUQ'ATA,2,הצפון,29,גולן,292,99,מועצה מקומית,,2,6835,6835,,6835,,,280,,273000789725,1096,256,10004579,2023,Buq'ata,אשכול רשויות גליל מזרחי
אלי-עד,4002,ELI-AD,2,הצפון,29,גולן,294,71,מועצה אזורית גולן,,1,602,587,587,,15,1968.0,310,1,269140745726,367,224,10004579,2023,Eli-Ad,אשכול רשויות גליל מזרחי
אל -רום,4003,EL-ROM,2,הצפון,29,גולן,292,71,מועצה אזורית גולן,,1,552,536,528,8,16,1971.0,330,15,272320787405,1049,224,10004579,2023,El-Rom,אשכול רשויות גליל מזרחי
כפר חרוב,4004,KEFAR HARUV,2,הצפון,29,גולן,294,71,מועצה אזורית גולן,,1,528,518,518,,10,1974.0,330,15,262456740996,310,224,10004579,2023,Kefar Haruv,אשכול רשויות גליל מזרחי
חספין,4005,HASPIN,2,הצפון,29,גולן,294,71,מועצה אזורית גולן,,1,1965,1960,1960,,5,1973.0,370,,274674750221,419,224,10004579,2023,Haspin,אשכול רשויות גליל מזרחי
קשת,4006,QESHET,2,הצפון,29,גולן,292,71,מועצה אזורית גולן,,1,947,930,930,,17,1974.0,320,2,275919765142,702,224,10004579,2023,Qeshet,אשכול רשויות גליל מזרחי
יונתן,4007,YONATAN,2,הצפון,29,גולן,293,71,מועצה אזורית גולן,,1,865,845,845,,20,1976.0,320,2,274628760495,550,224,10004579,2023,Yonatan,אשכול רשויות גליל מזרחי
מעלה גמלא,4008,MA'ALE GAMLA,2,הצפון,29,גולן,293,71,מועצה אזורית גולן,,1,655,609,609,,46,1976.0,310,1,264347755050,113,224,10004579,2023,Ma'ale Gamla,אשכול רשויות גליל מזרחי
שעל,4009,SHA'AL,2,הצפון,29,גולן,292,71,מועצה אזורית גולן,,1,437,397,397,,40,1976.0,310,9,267403780250,785,224,10004579,2023,Sha'al,אשכול רשויות גליל מזרחי
אודם,4010,ODEM,2,הצפון,29,גולן,292,71,מועצה אזורית גולן,,1,292,292,292,,,1976.0,320,6,270283788804,1051,224,10004579,2023,Odem,אשכול רשויות גליל מזרחי
אבני איתן,4011,AVNE ETAN,2,הצפון,29,גולן,294,71,מועצה אזורית גולן,,1,1022,953,953,,69,1978.0,310,2,271966747749,381,224,10004579,2023,Avne Etan,אשכול רשויות גליל מזרחי
אניעם,4012,ANI'AM,2,הצפון,29,גולן,293,71,מועצה אזורית גולן,,1,497,496,496,,1,1978.0,310,1,269544762605,426,224,10004579,2023,Ani'am,אשכול רשויות גליל מזרחי
אורטל,4013,ORTAL,2,הצפון,29,גולן,292,71,מועצה אזורית גולן,,1,370,345,345,,25,1978.0,330,15,271203776993,885,224,10004579,2023,Ortal,אשכול רשויות גליל מזרחי
נטור,4014,NATUR,2,הצפון,29,גולן,294,71,מועצה אזורית גולן,,1,787,773,773,,14,1980.0,310,,270818751063,411,224,10004579,2023,Natur,אשכול רשויות גליל מזרחי
בני יהודה,4015,BENE YEHUDA,2,הצפון,29,גולן,294,71,מועצה אזורית גולן,,1,1269,1258,1258,,11,1972.0,370,13,264881744942,344,224,10004579,2023,Bene Yehuda,אשכול רשויות גליל מזרחי
אלוני הבשן,4017,ALLONE HABASHAN,2,הצפון,29,גולן,292,71,מועצה אזורית גולן,,1,509,504,504,,5,1981.0,320,2,278700772244,957,224,10004579,2023,Allone HaBashan,אשכול רשויות גליל מזרחי
מיצר,4019,MEZAR,2,הצפון,29,גולן,294,71,מועצה אזורית גולן,,1,354,348,348,,6,1981.0,310,15,269260741509,359,224,10004579,2023,Mezar,אשכול רשויות גליל מזרחי
גבעת יואב,4021,GIV'AT YO'AV,2,הצפון,29,גולן,294,71,מועצה אזורית גולן,,1,766,710,707,3,56,1968.0,310,1,264160745031,311,224,10004579,2023,Giv'at Yo'av,אשכול רשויות גליל מזרחי
גשור,4022,GESHUR,2,הצפון,29,גולן,294,71,מועצה אזורית גולן,,1,326,315,315,,11,1971.0,330,15,267455747240,347,224,10004579,2023,Geshur,אשכול רשויות גליל מזרחי
קלע,4024,QELA,2,הצפון,29,גולן,292,71,מועצה אזורית גולן,,1,410,406,406,,4,1984.0,370,9,264203781926,623,224,10004579,2023,Qela,אשכול רשויות גליל מזרחי
קדמת צבי,4025,QIDMAT ZEVI,2,הצפון,29,גולן,293,71,מועצה אזורית גולן,,1,689,659,659,,30,1985.0,310,7,265535770650,475,224,10004579,2023,Qidmat Zevi,אשכול רשויות גליל מזרחי
חד-נס,4026,HAD-NES,2,הצפון,29,גולן,293,71,מועצה אזורית גולן,,1,918,917,917,,1,1989.0,370,9,260416759249,-7,224,10004579,2023,Had-Nes,אשכול רשויות גליל מזרחי
כנף,4028,KANAF,2,הצפון,29,גולן,293,71,מועצה אזורית גולן,,1,513,504,504,,9,1991.0,310,1,265828752866,294,224,10004579,2023,Kanaf,אשכול רשויות גליל מזרחי
רמת הנשיא טראמפ,4029,PRESIDENT TRUMP HEIGHTS,2,הצפון,29,גולן,292,71,מועצה אזורית גולן,,1,102,102,102,,,2022.0,370,,264828781989,662,224,10004579,2023,President Trump Heights,אשכול רשויות גליל מזרחי
נמרוד,4035,NIMROD,2,הצפון,29,גולן,291,71,מועצה אזורית גולן,,,,,,,,,510,,270458794604,1095,224,10004579,2023,Nimrod,אשכול רשויות גליל מזרחי
קצרין,4100,QAZRIN,2,הצפון,29,גולן,293,99,מועצה מקומית,,1,8042,8007,7929,78,35,1977.0,180,,264540766483,332,220,10004579,2023,Qazrin,אשכול רשויות גליל מזרחי
מרום גולן,4101,MEROM GOLAN,2,הצפון,29,גולן,292,71,מועצה אזורית גולן,,1,802,791,791,,11,1967.0,330,15,272775782124,977,224,10004579,2023,Merom Golan,אשכול רשויות גליל מזרחי
מג'דל שמס,4201,MAJDAL SHAMS,2,הצפון,29,גולן,291,99,מועצה מקומית,,2,11235,11231,2,11229,4,,270,,272174796593,1232,256,10004579,2023,Majdal Shams,אשכול רשויות גליל מזרחי
מסעדה,4203,MAS'ADE,2,הצפון,29,גולן,292,99,מועצה מקומית,,2,4161,4160,3,4157,1,,290,,270929792974,1035,256,10004579,2023,Mas'ade,אשכול רשויות גליל מזרחי
מבוא חמה,4204,MEVO HAMMA,2,הצפון,29,גולן,294,71,מועצה אזורית גולן,,1,534,517,517,,17,1968.0,330,15,261724738212,347,224,10004579,2023,Mevo Hamma,אשכול רשויות גליל מזרחי
אפיק,4301,AFIQ,2,הצפון,29,גולן,294,71,מועצה אזורית גולן,,1,394,383,383,,11,1967.0,330,15,265987742739,339,224,10004579,2023,Afiq,אשכול רשויות גליל מזרחי
"נווה אטי""ב",4303,NEWE ATIV,2,הצפון,29,גולן,291,71,מועצה אזורית גולן,,1,227,212,212,,15,1972.0,310,10,269515796427,978,224,10004579,2023,Newe Ativ,אשכול רשויות גליל מזרחי
נוב,4304,NOV,2,הצפון,29,גולן,294,71,מועצה אזורית גולן,,1,1186,1149,1149,,37,1973.0,310,2,273595748817,408,224,10004579,2023,Nov,אשכול רשויות גליל מזרחי
ע'ג'ר,4501,GHAJAR,2,הצפון,29,גולן,292,99,מועצה מקומית,,2,2700,2700,1,2699,,,290,,258490797316,282,256,10004591,2023,Ghajar,אשכול רשויות גליל מזרחי
עין קנייא,4502,EIN QINIYYE,2,הצפון,29,גולן,291,99,מועצה מקומית,,2,2438,2419,,2419,19,,290,,268585793634,801,256,10004579,2023,Ein Qiniyye,אשכול רשויות גליל מזרחי
עין זיוון,4503,EN ZIWAN,2,הצפון,29,גולן,292,71,מועצה אזורית גולן,,1,541,516,516,,25,1968.0,330,15,274683778070,962,224,10004579,2023,En Ziwan,אשכול רשויות גליל מזרחי
נאות גולן,4551,NE'OT GOLAN,2,הצפון,29,גולן,294,71,מועצה אזורית גולן,,1,744,719,709,10,25,1967.0,310,6,265047743635,312,224,10004579,2023,Ne'ot Golan,אשכול רשויות גליל מזרחי
רמת מגשימים,4701,RAMAT MAGSHIMIM,2,הצפון,29,גולן,294,71,מועצה אזורית גולן,,1,821,803,803,,18,1968.0,320,2,275955750162,429,224,10004579,2023,Ramat Magshimim,אשכול רשויות גליל מזרחי
רמות,4702,RAMOT,2,הצפון,29,גולן,293,71,מועצה אזורית גולן,,1,835,772,760,12,63,1970.0,310,1,262729750638,-9,224,10004579,2023,Ramot,אשכול רשויות גליל מזרחי
תל אביב -יפו,5000,TEL AVIV - YAFO,5,תל אביב,51,תל אביב,511,0,עירייה,110,4,495230,468745,442081,26664,26485,1909.0,130,,180263664864,17,507,10001579,2023,Tel Aviv - Yafo,ללא שיוך לאשכול
באקה אל-גרביה,6000,BAQA AL-GHARBIYYE,3,חיפה,32,חדרה,324,0,עירייה,,2,30750,30705,26,30679,45,,260,,204130702898,68,354,15002436,2023,Baqa Al-Gharbiyye,ללא שיוך לאשכול
בני ברק,6100,BENE BERAQ,5,תל אביב,52,תל אביב,512,0,עירייה,122,1,223785,218610,218445,165,5175,1924.0,130,,184558665992,26,501,15003979,2023,Bene Beraq,ללא שיוך לאשכול
בת ים,6200,BAT YAM,5,תל אביב,53,תל אביב,513,0,עירייה,123,1,131099,127153,125764,1389,3946,1926.0,140,,176515658597,22,502,15005711,2023,Bat Yam,ללא שיוך לאשכול
גבעתיים,6300,GIV'ATAYIM,5,תל אביב,52,תל אביב,512,0,עירייה,122,1,58557,57354,57290,64,1203,1922.0,150,,182209664303,43,503,10001533,2023,Giv'atayim,ללא שיוך לאשכול
הרצלייה,6400,HERZLIYYA,5,תל אביב,51,תל אביב,511,0,עירייה,121,1,108650,106033,105731,302,2617,1924.0,140,,184417675211,38,504,10001605,2023,Herzliyya,ללא שיוך לאשכול
חדרה,6500,HADERA,3,חיפה,32,חדרה,324,0,עירייה,,1,106765,105157,103941,1216,1608,1890.0,140,,192540704671,19,302,10004261,2023,Hadera,ללא שיוך לאשכול
חולון,6600,HOLON,5,תל אביב,53,תל אביב,513,0,עירייה,123,1,192980,188853,188378,475,4127,1940.0,140,,179253658225,33,505,15005645,2023,Holon,ללא שיוך לאשכול
טבריה,6700,TIBERIAS,2,הצפון,22,כנרת,221,0,עירייה,,1,51476,50922,50076,846,554,ותיק,150,,249372743703,8,207,10004552,2023,Tiberias,אשכול רשויות הכנרת והעמקים
קריית אתא,6800,QIRYAT ATTA,3,חיפה,31,חיפה,311,0,עירייה,222,1,62134,61627,61430,197,507,1925.0,150,,210490745508,31,305,10004207,2023,Qiryat Atta,אשכול רשויות המפרץ
כפר סבא,6900,KEFAR SAVA,4,המרכז,42,פתח תקווה,421,0,עירייה,131,1,100013,98019,97778,241,1994,1903.0,140,,191952676448,52,405,10002133,2023,Kefar Sava,אשכול רשויות השרון
לוד,7000,LOD,4,המרכז,43,רמלה,432,0,עירייה,133,4,90814,88386,62062,26324,2428,1948.0,150,,189574650930,55,406,10002261,2023,Lod,ללא שיוך לאשכול
אשקלון,7100,ASHQELON,6,הדרום,61,אשקלון,614,0,עירייה,,1,161744,157966,157307,659,3778,1948.0,140,,159680619930,36,604,10001805,2023,Ashqelon,ללא שיוך לאשכול
נס ציונה,7200,NES ZIYYONA,4,המרכז,44,רחובות,442,0,עירייה,133,1,47534,46949,46919,30,585,1883.0,160,,181004648219,39,407,10002241,2023,Nes Ziyyona,ללא שיוך לאשכול
נצרת,7300,NAZARETH,2,הצפון,25,יזרעאל,237,0,עירייה,,2,77208,76989,176,76813,219,,250,,227906734177,347,211,10004426,2023,Nazareth,אשכול רשויות הגליל והעמקים
נתניה,7400,NETANYA,4,המרכז,41,השרון,411,0,עירייה,141,1,233485,228054,227186,868,5431,1929.0,130,,187251691401,28,408,10002089,2023,Netanya,ללא שיוך לאשכול
סח'נין,7500,SAKHNIN,2,הצפון,24,עכו,241,0,עירייה,,2,33201,33172,18,33154,29,,260,,228323752208,231,262,10004513,2023,Sakhnin,ללא שיוך לאשכול
עכו,7600,AKKO,2,הצפון,24,עכו,246,0,עירייה,241,4,53422,53124,35095,18029,298,1948.0,150,,208244759287,8,213,10004315,2023,Akko,אשכול רשויות גליל מערבי
עפולה,7700,AFULA,2,הצפון,23,יזרעאל,234,0,עירייה,,1,64578,64073,63201,872,505,1925.0,150,,228615724737,144,215,10004394,2023,Afula,אשכול רשויות הגליל והעמקים
פרדס חנה-כרכור,7800,PARDES HANNA-KARKUR,3,חיפה,32,חדרה,324,99,מועצה מקומית,,1,45712,45259,45199,60,453,1913.0,160,,197945708805,48,308,10004333,2023,Pardes Hanna-Karkur,ללא שיוך לאשכול
פתח תקווה,7900,PETAH TIQWA,4,המרכז,42,פתח תקווה,422,0,עירייה,132,1,267196,258690,257958,732,8506,1878.0,130,,189423665794,31,410,10002116,2023,Petah Tiqwa,ללא שיוך לאשכול
צפת,8000,ZEFAT,2,הצפון,21,צפת,212,0,עירייה,,1,39179,38853,38042,811,326,ותיק,160,,247586763284,604,216,10004528,2023,Zefat,אשכול רשויות גליל מזרחי
קריית מוצקין,8200,QIRYAT MOTZKIN,3,חיפה,31,חיפה,311,0,עירייה,221,1,51349,50560,50474,86,789,1934.0,150,,207817749056,9,352,10004207,2023,Qiryat Motzkin,אשכול רשויות המפרץ
ראשון לציון,8300,RISHON LEZIYYON,4,המרכז,44,רחובות,442,0,עירייה,133,1,258680,253292,252911,381,5388,1882.0,130,,181206652951,41,413,10002207,2023,Rishon LeZiyyon,ללא שיוך לאשכול
רחובות,8400,REHOVOT,4,המרכז,44,רחובות,441,0,עירייה,133,1,153416,150027,149491,536,3389,1890.0,140,,181940644377,51,414,10002241,2023,Rehovot,ללא שיוך לאשכול
רמלה,8500,RAMLA,4,המרכז,43,רמלה,432,0,עירייה,133,4,84312,82842,61133,21709,1470,1948.0,150,,187515648359,76,415,10002228,2023,Ramla,ללא שיוך לאשכול
רמת גן,8600,RAMAT GAN,5,תל אביב,52,תל אביב,512,0,עירייה,122,1,167794,163529,162274,1255,4265,1921.0,140,,183556664014,37,506,15003979,2023,Ramat Gan,ללא שיוך לאשכול
רעננה,8700,RA'ANNANA,4,המרכז,42,פתח תקווה,421,0,עירייה,131,1,83145,81386,81323,63,1759,1921.0,150,,187919676951,48,416,10002133,2023,Ra'annana,אשכול רשויות השרון
שפרעם,8800,SHEFAR'AM,2,הצפון,24,עכו,241,0,עירייה,241,2,43408,43333,164,43169,75,,260,,216407745736,137,261,10004497,2023,Shefar'am,אשכול רשויות המפרץ
טמרה,8900,TAMRA,2,הצפון,24,עכו,241,0,עירייה,241,2,36251,36204,31,36173,47,,260,,218069751042,94,263,15002411,2023,Tamra,אשכול רשויות המפרץ
באר שבע,9000,BE'ER SHEVA,6,הדרום,62,באר שבע,623,0,עירייה,310,1,218995,215051,205374,9677,3944,1948.0,130,,179500573657,291,605,10001900,2023,Be'er Sheva,ללא שיוך לאשכול
נהרייה,9100,NAHARIYYA,2,הצפון,24,עכו,245,0,עירייה,241,1,68316,67623,65780,1843,693,1934.0,150,,209478768157,24,210,10004302,2023,Nahariyya,אשכול רשויות גליל מערבי
בית שאן,9200,BET SHE'AN,2,הצפון,23,יזרעאל,231,0,עירייה,,1,20249,19877,19629,248,372,1948.0,160,,246953711239,-131,203,10004568,2023,Bet She'an,אשכול רשויות הכנרת והעמקים
זכרון יעקב,9300,ZIKHRON YA'AQOV,3,חיפה,32,חדרה,322,99,מועצה מקומית,,1,24126,23851,23782,69,275,1882.0,160,,195812719605,78,353,10004333,2023,Zikhron Ya'aqov,אשכול רשויות מישור החוף
יהוד-מונוסון,9400,YEHUD-MONOSON,4,המרכז,42,פתח תקווה,422,0,עירייה,132,1,32071,31142,31083,59,929,1948.0,160,,189413660044,40,411,10001516,2023,Yehud-Monoson,ללא שיוך לאשכול
קריית ביאליק,9500,QIRYAT BIALIK,3,חיפה,31,חיפה,311,0,עירייה,221,1,46417,45765,45655,110,652,1934.0,160,,208750749302,12,352,10004207,2023,Qiryat Bialik,אשכול רשויות המפרץ
קריית ים,9600,QIRYAT YAM,3,חיפה,31,חיפה,311,0,עירייה,221,1,42246,41685,41580,105,561,1941.0,160,,207063750454,7,352,10004207,2023,Qiryat Yam,אשכול רשויות המפרץ
הוד השרון,9700,HOD HASHARON,4,המרכז,42,פתח תקווה,421,0,עירייה,131,1,65393,64254,64199,55,1139,1924.0,150,,190183673237,37,423,10002133,2023,Hod HaSharon,אשכול רשויות השרון
בנימינה-גבעת עדה,9800,BINYAMINA-GIV'AT ADA,3,חיפה,32,חדרה,324,99,מועצה מקומית,,1,15408,15279,15240,39,129,1903.0,170,,196683714176,36,353,10004333,2023,Binyamina-Giv'at Ada,אשכול רשויות מישור החוף
